/* Generated T10P v4 semantic tracker image. */
#include <stdint.h>

__code const unsigned char Score[30564] = {
    0x54, 0x31, 0x30, 0x50, 0x04, 0x00, 0x01, 0x00, 0x64, 0x77, 0x00, 0x00,
    0x00, 0x00, 0x00, 0x00, 0x18, 0x00, 0x00, 0x00, 0x4C, 0x77, 0x00, 0x00,
    0x54, 0x31, 0x30, 0x4D, 0x04, 0x0A, 0x03, 0x00, 0x00, 0x7D, 0x00, 0x00,
    0x30, 0x00, 0x00, 0x00, 0x13, 0x00, 0x03, 0x00, 0x43, 0x00, 0x00, 0x00,
    0x0F, 0x00, 0x16, 0x00, 0xBB, 0x00, 0x00, 0x00, 0x4C, 0x77, 0x00, 0x00,
    0x76, 0x7F, 0x7B, 0x3A, 0x06, 0x00, 0x82, 0x00, 0xDB, 0x04, 0x00, 0x00,
    0x00, 0x01, 0x02, 0x03, 0x04, 0x05, 0x06, 0x07, 0x08, 0x09, 0x0A, 0x05,
    0x06, 0x07, 0x08, 0x0B, 0x0C, 0x0D, 0x0E, 0x48, 0x2E, 0x00, 0x00, 0x64,
    0x01, 0x40, 0x00, 0xAC, 0x2F, 0x00, 0x00, 0x7F, 0x02, 0x40, 0x00, 0x2B,
    0x32, 0x00, 0x00, 0xF1, 0x02, 0x40, 0x00, 0x1C, 0x35, 0x00, 0x00, 0x86,
    0x05, 0x40, 0x00, 0xA2, 0x3A, 0x00, 0x00, 0x9C, 0x05, 0x40, 0x00, 0x3E,
    0x40, 0x00, 0x00, 0x6B, 0x06, 0x40, 0x00, 0xA9, 0x46, 0x00, 0x00, 0x3D,
    0x06, 0x40, 0x00, 0xE6, 0x4C, 0x00, 0x00, 0x5E, 0x06, 0x40, 0x00, 0x44,
    0x53, 0x00, 0x00, 0x5E, 0x06, 0x40, 0x00, 0xA2, 0x59, 0x00, 0x00, 0x76,
    0x05, 0x40, 0x00, 0x18, 0x5F, 0x00, 0x00, 0xC5, 0x04, 0x40, 0x00, 0xDD,
    0x63, 0x00, 0x00, 0xFB, 0x02, 0x40, 0x00, 0xD8, 0x66, 0x00, 0x00, 0x50,
    0x05, 0x40, 0x00, 0x28, 0x6C, 0x00, 0x00, 0x86, 0x05, 0x40, 0x00, 0xAE,
    0x71, 0x00, 0x00, 0x9E, 0x05, 0x40, 0x00, 0x00, 0x1F, 0x00, 0x00, 0x0F,
    0x06, 0x07, 0x01, 0x0B, 0x0E, 0x01, 0x00, 0x7A, 0x00, 0x00, 0x00, 0x20,
    0x20, 0x04, 0x04, 0x04, 0x03, 0x03, 0x06, 0x0A, 0x06, 0x04, 0x03, 0x05,
    0x04, 0x02, 0x00, 0x00, 0x00, 0x00, 0x00, 0x00, 0x00, 0x00, 0x00, 0x00,
    0x00, 0x00, 0x00, 0x00, 0x00, 0x00, 0x00, 0x80, 0x1F, 0x00, 0x00, 0x01,
    0x01, 0x00, 0xFF, 0xFF, 0xFF, 0x01, 0x00, 0x00, 0x00, 0x00, 0x00, 0x20,
    0x00, 0x00, 0x00, 0x00, 0x00, 0x00, 0x00, 0x00, 0x00, 0x00, 0x00, 0x00,
    0x00, 0x00, 0x00, 0x00, 0x00, 0x00, 0x00, 0x00, 0x00, 0x00, 0x00, 0x00,
    0x00, 0x00, 0x00, 0x00, 0x00, 0x00, 0x00, 0x81, 0x1F, 0x00, 0x00, 0x01,
    0x01, 0x00, 0xFF, 0xFF, 0xFF, 0x01, 0x00, 0x00, 0x00, 0x00, 0x00, 0x20,
    0x00, 0x00, 0x00, 0x00, 0x00, 0x00, 0x00, 0x00, 0x00, 0x00, 0x00, 0x00,
    0x00, 0x00, 0x00, 0x00, 0x00, 0x00, 0x00, 0x00, 0x00, 0x00, 0x00, 0x00,
    0x00, 0x00, 0x00, 0x00, 0x00, 0x00, 0x00, 0x82, 0x1F, 0x00, 0x00, 0x01,
    0x01, 0x00, 0xFF, 0xFF, 0xFF, 0x01, 0x00, 0x00, 0x00, 0x00, 0x00, 0x20,
    0x00, 0x00, 0x00, 0x00, 0x00, 0x00, 0x00, 0x00, 0x00, 0x00, 0x00, 0x00,
    0x00, 0x00, 0x00, 0x00, 0x00, 0x00, 0x00, 0x00, 0x00, 0x00, 0x00, 0x00,
    0x00, 0x00, 0x00, 0x00, 0x00, 0x00, 0x00, 0x83, 0x1F, 0x00, 0x00, 0x01,
    0x01, 0x00, 0xFF, 0xFF, 0xFF, 0x01, 0x00, 0x00, 0x00, 0x00, 0x00, 0x20,
    0x00, 0x00, 0x00, 0x00, 0x00, 0x00, 0x00, 0x00, 0x00, 0x00, 0x00, 0x00,
    0x00, 0x00, 0x00, 0x00, 0x00, 0x00, 0x00, 0x00, 0x00, 0x00, 0x00, 0x00,
    0x00, 0x00, 0x00, 0x00, 0x00, 0x00, 0x00, 0x84, 0x1F, 0x00, 0x00, 0x01,
    0x01, 0x00, 0xFF, 0xFF, 0xFF, 0x01, 0x00, 0x00, 0x00, 0x00, 0x00, 0x20,
    0x00, 0x00, 0x00, 0x00, 0x00, 0x00, 0x00, 0x00, 0x00, 0x00, 0x00, 0x00,
    0x00, 0x00, 0x00, 0x00, 0x00, 0x00, 0x00, 0x00, 0x00, 0x00, 0x00, 0x00,
    0x00, 0x00, 0x00, 0x00, 0x00, 0x00, 0x00, 0x01, 0x1F, 0x00, 0x00, 0x10,
    0x02, 0x07, 0x03, 0x08, 0x0F, 0x01, 0x00, 0x74, 0x00, 0x00, 0x00, 0x20,
    0x20, 0x20, 0x20, 0x0F, 0x07, 0x07, 0x07, 0x08, 0x09, 0x0A, 0x0C, 0x0A,
    0x09, 0x08, 0x07, 0x00, 0x00, 0x00, 0x00, 0x00, 0x00, 0x00, 0x00, 0x00,
    0x00, 0x00, 0x00, 0x00, 0x00, 0x00, 0x00, 0x00, 0x00, 0x00, 0x00, 0x01,
    0x01, 0x00, 0xFF, 0xFF, 0xFF, 0x01, 0x00, 0x00, 0x00, 0x00, 0x00, 0x20,
    0x00, 0x00, 0x00, 0x00, 0x00, 0x00, 0x00, 0x00, 0x00, 0x00, 0x00, 0x00,
    0x00, 0x00, 0x00, 0x00, 0x00, 0x00, 0x00, 0x00, 0x00, 0x00, 0x00, 0x00,
    0x00, 0x00, 0x00, 0x00, 0x00, 0x00, 0x00, 0x02, 0x1F, 0x00, 0x00, 0x0F,
    0x02, 0x07, 0x03, 0x08, 0x0E, 0x01, 0x00, 0x74, 0x00, 0x00, 0x00, 0x20,
    0x20, 0x20, 0x20, 0x0E, 0x05, 0x04, 0x04, 0x04, 0x06, 0x08, 0x0A, 0x07,
    0x05, 0x03, 0x00, 0x00, 0x00, 0x00, 0x00, 0x00, 0x00, 0x00, 0x00, 0x00,
    0x00, 0x00, 0x00, 0x00, 0x00, 0x00, 0x00, 0x03, 0x1F, 0x00, 0x00, 0x0F,
    0x02, 0x07, 0x03, 0x09, 0x0E, 0x01, 0x00, 0x74, 0x00, 0x00, 0x00, 0x20,
    0x20, 0x20, 0x20, 0x0E, 0x05, 0x05, 0x05, 0x05, 0x04, 0x07, 0x0A, 0x08,
    0x06, 0x04, 0x00, 0x00, 0x00, 0x00, 0x00, 0x00, 0x00, 0x00, 0x00, 0x00,
    0x00, 0x00, 0x00, 0x00, 0x00, 0x00, 0x00, 0x04, 0x1F, 0x00, 0x00, 0x0F,
    0x02, 0x07, 0x03, 0x08, 0x0E, 0x01, 0x00, 0x74, 0x00, 0x00, 0x00, 0x20,
    0x20, 0x20, 0x20, 0x0E, 0x05, 0x04, 0x04, 0x04, 0x06, 0x08, 0x0A, 0x07,
    0x05, 0x03, 0x00, 0x00, 0x00, 0x00, 0x00, 0x00, 0x00, 0x00, 0x00, 0x00,
    0x00, 0x00, 0x00, 0x00, 0x00, 0x00, 0x00, 0x04, 0x1F, 0x00, 0x00, 0x0F,
    0x02, 0x07, 0x03, 0x08, 0x0E, 0x01, 0x00, 0x74, 0x00, 0x00, 0x00, 0x20,
    0x20, 0x20, 0x20, 0x0E, 0x05, 0x04, 0x04, 0x04, 0x06, 0x08, 0x0A, 0x07,
    0x05, 0x03, 0x00, 0x00, 0x00, 0x00, 0x00, 0x00, 0x00, 0x00, 0x00, 0x00,
    0x00, 0x00, 0x00, 0x00, 0x00, 0x00, 0x00, 0x05, 0x1F, 0x00, 0x00, 0x0F,
    0x02, 0x07, 0x03, 0x08, 0x0E, 0x01, 0x00, 0x74, 0x00, 0x00, 0x00, 0x20,
    0x20, 0x20, 0x20, 0x0E, 0x05, 0x04, 0x04, 0x04, 0x06, 0x08, 0x0A, 0x07,
    0x05, 0x03, 0x00, 0x00, 0x00, 0x00, 0x00, 0x00, 0x00, 0x00, 0x00, 0x00,
    0x00, 0x00, 0x00, 0x00, 0x00, 0x00, 0x00, 0x05, 0x1F, 0x00, 0x00, 0x0F,
    0x02, 0x07, 0x03, 0x08, 0x0E, 0x01, 0x00, 0x74, 0x00, 0x00, 0x00, 0x20,
    0x20, 0x20, 0x20, 0x0E, 0x05, 0x04, 0x04, 0x04, 0x06, 0x08, 0x0A, 0x07,
    0x05, 0x03, 0x00, 0x00, 0x00, 0x00, 0x00, 0x00, 0x00, 0x00, 0x00, 0x00,
    0x00, 0x00, 0x00, 0x00, 0x00, 0x00, 0x00, 0x06, 0x1F, 0x00, 0x00, 0x0F,
    0x02, 0x07, 0x03, 0x08, 0x0E, 0x01, 0x00, 0x74, 0x00, 0x00, 0x00, 0x20,
    0x20, 0x20, 0x20, 0x0E, 0x05, 0x04, 0x04, 0x04, 0x06, 0x08, 0x0A, 0x07,
    0x05, 0x03, 0x00, 0x00, 0x00, 0x00, 0x00, 0x00, 0x00, 0x00, 0x00, 0x00,
    0x00, 0x00, 0x00, 0x00, 0x00, 0x00, 0x00, 0x06, 0x1F, 0x00, 0x00, 0x0F,
    0x02, 0x07, 0x03, 0x08, 0x0E, 0x01, 0x00, 0x74, 0x00, 0x00, 0x00, 0x20,
    0x20, 0x20, 0x20, 0x0E, 0x05, 0x04, 0x04, 0x04, 0x06, 0x08, 0x0A, 0x07,
    0x05, 0x03, 0x00, 0x00, 0x00, 0x00, 0x00, 0x00, 0x00, 0x00, 0x00, 0x00,
    0x00, 0x00, 0x00, 0x00, 0x00, 0x00, 0x00, 0x07, 0x1F, 0x00, 0x00, 0x0F,
    0x02, 0x07, 0x03, 0x08, 0x0E, 0x01, 0x00, 0x74, 0x00, 0x00, 0x00, 0x20,
    0x20, 0x20, 0x20, 0x0E, 0x05, 0x04, 0x04, 0x04, 0x06, 0x08, 0x0A, 0x07,
    0x05, 0x03, 0x00, 0x00, 0x00, 0x00, 0x00, 0x00, 0x00, 0x00, 0x00, 0x00,
    0x00, 0x00, 0x00, 0x00, 0x00, 0x00, 0x00, 0x07, 0x1F, 0x00, 0x00, 0x0F,
    0x02, 0x07, 0x03, 0x08, 0x0E, 0x01, 0x00, 0x74, 0x00, 0x00, 0x00, 0x20,
    0x20, 0x20, 0x20, 0x0E, 0x05, 0x04, 0x04, 0x04, 0x06, 0x08, 0x0A, 0x07,
    0x05, 0x03, 0x00, 0x00, 0x00, 0x00, 0x00, 0x00, 0x00, 0x00, 0x00, 0x00,
    0x00, 0x00, 0x00, 0x00, 0x00, 0x00, 0x00, 0x08, 0x1F, 0x00, 0x00, 0x0F,
    0x02, 0x07, 0x03, 0x08, 0x0E, 0x01, 0x00, 0x74, 0x00, 0x00, 0x00, 0x20,
    0x20, 0x20, 0x20, 0x0E, 0x05, 0x04, 0x04, 0x04, 0x06, 0x08, 0x0A, 0x07,
    0x05, 0x03, 0x00, 0x00, 0x00, 0x00, 0x00, 0x00, 0x00, 0x00, 0x00, 0x00,
    0x00, 0x00, 0x00, 0x00, 0x00, 0x00, 0x00, 0x09, 0x1F, 0x00, 0x00, 0x0F,
    0x02, 0x07, 0x03, 0x08, 0x0E, 0x01, 0x00, 0x74, 0x00, 0x00, 0x00, 0x20,
    0x20, 0x20, 0x20, 0x0E, 0x05, 0x04, 0x04, 0x04, 0x06, 0x08, 0x0A, 0x07,
    0x05, 0x03, 0x00, 0x00, 0x00, 0x00, 0x00, 0x00, 0x00, 0x00, 0x00, 0x00,
    0x00, 0x00, 0x00, 0x00, 0x00, 0x00, 0x00, 0x0A, 0x1F, 0x00, 0x00, 0x0F,
    0x02, 0x07, 0x03, 0x08, 0x0E, 0x01, 0x00, 0x74, 0x00, 0x00, 0x00, 0x20,
    0x20, 0x20, 0x20, 0x0E, 0x05, 0x04, 0x04, 0x04, 0x06, 0x08, 0x0A, 0x07,
    0x05, 0x03, 0x00, 0x00, 0x00, 0x00, 0x00, 0x00, 0x00, 0x00, 0x00, 0x00,
    0x00, 0x00, 0x00, 0x00, 0x00, 0x00, 0x00, 0x0B, 0x1F, 0x00, 0x00, 0x0F,
    0x02, 0x07, 0x03, 0x08, 0x0E, 0x01, 0x00, 0x74, 0x00, 0x00, 0x00, 0x20,
    0x20, 0x20, 0x20, 0x0E, 0x05, 0x04, 0x04, 0x04, 0x06, 0x08, 0x0A, 0x07,
    0x05, 0x03, 0x00, 0x00, 0x00, 0x00, 0x00, 0x00, 0x00, 0x00, 0x00, 0x00,
    0x00, 0x00, 0x00, 0x00, 0x00, 0x00, 0x00, 0x54, 0x31, 0x30, 0x52, 0x0C,
    0x05, 0x80, 0x3E, 0x78, 0x78, 0x78, 0x78, 0x89, 0x80, 0x80, 0x80, 0x80,
    0x80, 0x80, 0xB2, 0x6F, 0x7A, 0x42, 0x4F, 0x8B, 0xD2, 0x10, 0x20, 0x2B,
    0x3C, 0x4C, 0x69, 0x62, 0x1B, 0xDF, 0xCE, 0xC2, 0xB3, 0xA1, 0x8B, 0x80,
    0x00, 0x00, 0x00, 0x00, 0x00, 0x00, 0x00, 0x00, 0x00, 0x00, 0x00, 0x00,
    0x00, 0x00, 0x00, 0xB6, 0xC4, 0xDB, 0x06, 0x18, 0x3C, 0x37, 0x49, 0x40,
    0x42, 0x2D, 0x0B, 0xF0, 0xC3, 0xC1, 0xA4, 0x9E, 0x9E, 0x00, 0x00, 0x00,
    0x00, 0x00, 0x00, 0x00, 0x00, 0x00, 0x00, 0x00, 0x00, 0x00, 0x00, 0x9E,
    0x9E, 0x9E, 0x00, 0x00, 0x00, 0x00, 0x00, 0x00, 0x00, 0x00, 0x00, 0x00,
    0x00, 0x00, 0x00, 0x9E, 0x9E, 0x9E, 0x9E, 0x00, 0x00, 0x00, 0x00, 0x00,
    0x00, 0x00, 0x00, 0x00, 0x00, 0x00, 0x00, 0x9E, 0x9E, 0x9E, 0x9E, 0x9E,
    0x00, 0x00, 0x00, 0x00, 0x00, 0x00, 0x00, 0x00, 0x00, 0x00, 0x00, 0x9E,
    0x9E, 0x9E, 0x9E, 0x9E, 0x9E, 0x00, 0x00, 0x00, 0x00, 0x00, 0x00, 0x00,
    0x00, 0x00, 0x00, 0x9E, 0x9E, 0x9E, 0x9E, 0x9E, 0x9E, 0x9E, 0x00, 0x00,
    0x00, 0x00, 0x00, 0x00, 0x00, 0x00, 0x00, 0xE2, 0xF2, 0x11, 0x09, 0x0D,
    0xF9, 0x1C, 0x1D, 0x31, 0x00, 0x02, 0xE3, 0x09, 0xEE, 0xEF, 0xCF, 0x9E,
    0x9E, 0x9E, 0x9E, 0x9E, 0x9E, 0x9E, 0x9E, 0x00, 0x00, 0x00, 0x00, 0x00,
    0x00, 0x00, 0x00, 0xCB, 0x05, 0x00, 0x00, 0x4D, 0x05, 0x00, 0x00, 0x18,
    0x0B, 0x00, 0x00, 0xA9, 0x0A, 0x00, 0x00, 0xC1, 0x15, 0x00, 0x00, 0x85,
    0x07, 0x00, 0x00, 0x46, 0x1D, 0x00, 0x00, 0x6D, 0x0A, 0x00, 0x00, 0xB3,
    0x27, 0x00, 0x00, 0x95, 0x06, 0x00, 0x00, 0xFA, 0x09, 0xF0, 0x1E, 0x53,
    0x80, 0xEA, 0x76, 0x7E, 0x5E, 0xCD, 0x89, 0x80, 0x9A, 0x12, 0x5D, 0x06,
    0xE8, 0x0C, 0xEF, 0xE3, 0xD5, 0x0B, 0x50, 0x1D, 0xB4, 0xA3, 0xBC, 0x11,
    0x15, 0xD7, 0x82, 0xB6, 0x17, 0xCD, 0xBB, 0xEE, 0xB3, 0x83, 0xAC, 0xE8,
    0x07, 0x9E, 0x80, 0x8D, 0x84, 0xB5, 0xD0, 0xBA, 0x80, 0x87, 0x9A, 0x97,
    0x85, 0x8B, 0xB5, 0x95, 0x80, 0x80, 0xB5, 0xA4, 0x9E, 0x8E, 0x80, 0x85,
    0x80, 0xB6, 0xBD, 0x89, 0xA4, 0xC3, 0x9B, 0x87, 0xA1, 0xC1, 0xB0, 0xC7,
    0xB5, 0x8B, 0xD3, 0xC9, 0xCB, 0xC1, 0x02, 0xE5, 0x91, 0xCE, 0xFE, 0xD5,
    0xF5, 0x05, 0x0A, 0x10, 0x08, 0x23, 0xF6, 0x28, 0x51, 0x1B, 0x46, 0x3C,
    0x37, 0x28, 0x25, 0x47, 0x30, 0x74, 0x66, 0x65, 0x7F, 0x63, 0x75, 0x65,
    0x2B, 0x7F, 0x7B, 0x74, 0x7F, 0x7B, 0x6E, 0x77, 0x7F, 0x7F, 0x74, 0x77,
    0x7F, 0x7C, 0x7F, 0x5B, 0x75, 0x7F, 0x7D, 0x7F, 0x73, 0x7F, 0x7E, 0x7F,
    0x79, 0x78, 0x7A, 0x7F, 0x58, 0x4D, 0x7F, 0x7D, 0x72, 0x73, 0x7F, 0x7C,
    0x7F, 0x78, 0x7B, 0x62, 0x61, 0x7F, 0x58, 0x18, 0x66, 0x3D, 0x3F, 0x38,
    0x1B, 0x44, 0x3B, 0xFC, 0x11, 0x3F, 0x1B, 0xF8, 0xF1, 0x1D, 0x0E, 0xB6,
    0xCD, 0x04, 0xDB, 0xEB, 0xD9, 0xBB, 0xDC, 0xC1, 0xC3, 0xD6, 0xAE, 0x82,
    0xBE, 0xAE, 0x96, 0x95, 0x93, 0x95, 0xA7, 0x96, 0x8E, 0xC9, 0x8E, 0x80,
    0x82, 0x80, 0x81, 0x80, 0x80, 0x80, 0x80, 0x80, 0x80, 0x83, 0x83, 0x80,
    0x80, 0x80, 0x80, 0x80, 0x80, 0x81, 0x80, 0x95, 0x86, 0x80, 0x81, 0x80,
    0x80, 0x82, 0x8C, 0x80, 0x81, 0x80, 0x80, 0x80, 0x80, 0x81, 0x81, 0x80,
    0x80, 0x84, 0x82, 0x81, 0x80, 0xBB, 0x92, 0x80, 0x86, 0x80, 0x85, 0x98,
    0x80, 0x83, 0x80, 0x82, 0x8D, 0x80, 0x9A, 0xBE, 0x98, 0x80, 0xCD, 0xD4,
    0x86, 0x84, 0x9A, 0xCA, 0xA6, 0xA4, 0xA6, 0xE0, 0xA9, 0xE2, 0xEB, 0x83,
    0xAA, 0x09, 0xED, 0xB6, 0xE7, 0x2C, 0xF6, 0xD0, 0xFC, 0x13, 0xF9, 0x24,
    0xE8, 0x12, 0x45, 0x07, 0xE4, 0x74, 0x26, 0x05, 0x49, 0x2C, 0x3B, 0x36,
    0x58, 0x3F, 0x42, 0x66, 0x67, 0x43, 0x3A, 0x7F, 0x4C, 0x68, 0x7D, 0x49,
    0x6F, 0x7F, 0x7A, 0x45, 0x65, 0x7F, 0x6A, 0x3B, 0x7E, 0x7F, 0x63, 0x4B,
    0x7F, 0x77, 0x7A, 0x7F, 0x5A, 0x6D, 0x7F, 0x77, 0x7F, 0x68, 0x6A, 0x7F,
    0x73, 0x78, 0x7C, 0x65, 0x7F, 0x79, 0x51, 0x63, 0x7F, 0x71, 0x63, 0x7F,
    0x5C, 0x5F, 0x7F, 0x7B, 0x7C, 0x75, 0x7E, 0x7A, 0x7A, 0x7B, 0x7A, 0x63,
    0x76, 0x62, 0x73, 0x7F, 0x64, 0x34, 0x7F, 0x6C, 0x6B, 0x71, 0x55, 0x5C,
    0x68, 0x5E, 0x46, 0x57, 0x4A, 0x69, 0x34, 0x38, 0x50, 0x4C, 0x3B, 0x2A,
    0x50, 0x2E, 0x31, 0x21, 0x39, 0x09, 0x3B, 0x16, 0xD5, 0x42, 0x37, 0x08,
    0xBA, 0x0E, 0x49, 0xDF, 0xDD, 0x01, 0xC2, 0xFE, 0xD6, 0xD0, 0xE6, 0xC1,
    0xE9, 0xCB, 0xB5, 0xDB, 0xCD, 0x9D, 0xB8, 0x98, 0xBD, 0xDE, 0x96, 0x80,
    0xB5, 0xC8, 0x87, 0x92, 0xA9, 0x9F, 0x82, 0x86, 0x88, 0x80, 0x82, 0x86,
    0x80, 0x81, 0x80, 0x85, 0x84, 0x81, 0x80, 0x96, 0x8F, 0x80, 0x8E, 0x83,
    0x80, 0x81, 0x80, 0x80, 0x80, 0x80, 0x80, 0x80, 0x80, 0x80, 0x83, 0x80,
    0x8B, 0x8F, 0x80, 0x81, 0x83, 0x83, 0x80, 0x80, 0x97, 0x89, 0x80, 0x82,
    0x80, 0x81, 0x80, 0x80, 0x80, 0x80, 0x80, 0x80, 0x81, 0x80, 0x85, 0x86,
    0x80, 0x80, 0x88, 0x87, 0x80, 0x83, 0x80, 0x80, 0x80, 0x80, 0x8A, 0x80,
    0x81, 0xA0, 0x99, 0x80, 0x96, 0xA2, 0x80, 0x88, 0x9B, 0xBA, 0x8C, 0x94,
    0xCE, 0xAE, 0x82, 0xB7, 0xCA, 0x8D, 0xAC, 0xD8, 0xB9, 0xA8, 0xB6, 0xC9,
    0xEC, 0x9D, 0xC4, 0xE2, 0xAA, 0xE0, 0xDE, 0xC2, 0xEF, 0xE0, 0xB8, 0x05,
    0xF1, 0xD3, 0xF4, 0xFC, 0xEC, 0xF7, 0xFA, 0xDC, 0x27, 0xE9, 0x00, 0x21,
    0xF3, 0xF9, 0x17, 0x29, 0x17, 0xFB, 0x1D, 0x46, 0xF9, 0x01, 0x2F, 0x36,
    0x22, 0x1F, 0x22, 0x3F, 0x49, 0x11, 0x36, 0x55, 0x18, 0x44, 0x44, 0x2D,
    0x4F, 0x2C, 0x4C, 0x65, 0x1B, 0x51, 0x7D, 0x36, 0x3A, 0x62, 0x6A, 0x4E,
    0x1D, 0x6C, 0x7F, 0x3B, 0x37, 0x6C, 0x61, 0x5E, 0x6A, 0x38, 0x6F, 0x66,
    0x4F, 0x66, 0x54, 0x53, 0x65, 0x59, 0x68, 0x5C, 0x4F, 0x69, 0x6C, 0x45,
    0x6A, 0x73, 0x52, 0x50, 0x70, 0x6B, 0x63, 0x2A, 0x4A, 0x7F, 0x63, 0x4A,
    0x5B, 0x6C, 0x50, 0x56, 0x53, 0x67, 0x6B, 0x40, 0x5E, 0x5A, 0x47, 0x52,
    0x5A, 0x43, 0x53, 0x5D, 0x4C, 0x4E, 0x36, 0x5E, 0x5A, 0x3E, 0x57, 0x36,
    0x51, 0x50, 0x26, 0x42, 0x51, 0x39, 0x41, 0x52, 0x2C, 0x34, 0x4A, 0x2C,
    0x28, 0x42, 0x40, 0x1F, 0x30, 0x32, 0x2F, 0x26, 0x1C, 0x27, 0x13, 0x36,
    0x23, 0x0D, 0x19, 0x27, 0x0F, 0x08, 0x1B, 0x1C, 0xFF, 0x15, 0x18, 0x03,
    0x14, 0xFC, 0x11, 0x05, 0xFE, 0x19, 0xFB, 0xF3, 0xE9, 0x0D, 0x03, 0xEA,
    0xF8, 0x0F, 0xED, 0xF3, 0x01, 0xE6, 0x03, 0xF2, 0xDF, 0xFB, 0xFD, 0xF3,
    0xEE, 0xE6, 0xE7, 0xEC, 0xFF, 0xF2, 0xDA, 0xF1, 0xEA, 0xDC, 0xF4, 0xDD,
    0xF6, 0xEF, 0xD5, 0xEA, 0xF0, 0xDA, 0xDD, 0xDA, 0xFC, 0xF3, 0xD3, 0xCD,
    0xE4, 0xEE, 0xE2, 0xD6, 0xE2, 0xEE, 0xD9, 0xD8, 0xCF, 0xDE, 0xE4, 0xD6,
    0xCE, 0xD8, 0xD5, 0xCC, 0xDA, 0xDA, 0xE6, 0xDD, 0xCC, 0xD5, 0xC5, 0xD0,
    0xE1, 0xBB, 0xBF, 0xD7, 0xCE, 0xCB, 0xCF, 0xBF, 0xC3, 0xDD, 0xC2, 0xC1,
    0xC9, 0xD3, 0xAD, 0xB8, 0xCF, 0xB5, 0xBA, 0xB0, 0xBA, 0xCB, 0xBA, 0xA7,
    0xA7, 0xC3, 0xAF, 0xA0, 0xBD, 0xB1, 0x9E, 0xA5, 0xB8, 0xB4, 0x93, 0xA3,
    0xC0, 0xA9, 0x94, 0xA3, 0xA9, 0xA4, 0x8F, 0xA1, 0x9D, 0xAA, 0x8E, 0x95,
    0xA8, 0x93, 0x95, 0xA0, 0x93, 0x99, 0x94, 0x80, 0x94, 0xA3, 0x8A, 0x87,
    0xA1, 0x80, 0x89, 0xA3, 0x8C, 0x8C, 0x98, 0x90, 0x95, 0x8A, 0x86, 0x80,
    0x93, 0x9D, 0x84, 0x88, 0xA0, 0x8C, 0x80, 0x8D, 0xA0, 0x92, 0x8B, 0x8B,
    0x8F, 0x9D, 0x80, 0x94, 0x9F, 0x82, 0x9C, 0x97, 0x89, 0xA6, 0x9D, 0x90,
    0x99, 0x9A, 0xA1, 0xAA, 0x8D, 0x93, 0xAC, 0xA9, 0x91, 0xAB, 0xAC, 0x9E,
    0xA8, 0xAD, 0xA7, 0xB1, 0x9D, 0xAC, 0xB6, 0xA3, 0xC5, 0xB3, 0xA8, 0xB2,
    0xB9, 0xCC, 0xB0, 0xAC, 0xCA, 0xB3, 0xB8, 0xCF, 0xC7, 0xCE, 0xC9, 0xC4,
    0xE4, 0xD7, 0xCF, 0xDA, 0xE5, 0xD1, 0xD6, 0xF2, 0xD9, 0xE0, 0xF4, 0xDD,
    0xDC, 0xF6, 0xFC, 0xE9, 0xF8, 0xFB, 0xF4, 0x04, 0x01, 0x02, 0x01, 0x06,
    0x10, 0x0E, 0x05, 0x0F, 0x17, 0x08, 0x1A, 0x2D, 0x13, 0x23, 0x23, 0x26,
    0x2C, 0x25, 0x27, 0x2E, 0x2E, 0x2C, 0x3A, 0x4C, 0x40, 0x35, 0x4D, 0x4C,
    0x3A, 0x48, 0x52, 0x4C, 0x4D, 0x4D, 0x58, 0x62, 0x55, 0x57, 0x5D, 0x5D,
    0x64, 0x63, 0x69, 0x67, 0x6A, 0x65, 0x71, 0x6A, 0x68, 0x73, 0x72, 0x74,
    0x6C, 0x7C, 0x76, 0x71, 0x77, 0x7E, 0x7E, 0x78, 0x76, 0x71, 0x7C, 0x7F,
    0x7C, 0x71, 0x76, 0x7F, 0x76, 0x74, 0x7F, 0x7D, 0x7B, 0x7B, 0x7D, 0x7A,
    0x7E, 0x79, 0x7D, 0x7B, 0x76, 0x7E, 0x7B, 0x76, 0x76, 0x79, 0x6D, 0x6F,
    0x7B, 0x6E, 0x6C, 0x6C, 0x70, 0x68, 0x6D, 0x68, 0x61, 0x63, 0x62, 0x62,
    0x59, 0x4C, 0x59, 0x5F, 0x48, 0x50, 0x5C, 0x4E, 0x42, 0x48, 0x4E, 0x4C,
    0x39, 0x46, 0x47, 0x30, 0x32, 0x35, 0x39, 0x2D, 0x28, 0x2D, 0x28, 0x21,
    0x22, 0x2E, 0x20, 0x21, 0x18, 0x19, 0x22, 0x0C, 0x06, 0x11, 0x0A, 0x08,
    0x0F, 0x01, 0xFB, 0x0A, 0xF6, 0xED, 0x05, 0xF1, 0xEF, 0xF9, 0xEF, 0xE9,
    0xE5, 0xE5, 0xE3, 0xE0, 0xDB, 0xDD, 0xD5, 0xCE, 0xD4, 0xCF, 0xD0, 0xCB,
    0xC8, 0xCB, 0xC1, 0xC2, 0xC6, 0xC0, 0xB3, 0xBB, 0xBC, 0xBB, 0xB5, 0xAE,
    0xB8, 0xB0, 0xAF, 0xB0, 0xB2, 0xA8, 0xAC, 0xAE, 0x9B, 0xA4, 0xA8, 0xA4,
    0x9C, 0x9D, 0xA1, 0x9C, 0x9D, 0x9D, 0x9C, 0x9A, 0x98, 0x9A, 0x9F, 0x99,
    0x8C, 0x98, 0x99, 0x94, 0x97, 0x94, 0x91, 0x95, 0x96, 0x8B, 0x8E, 0x98,
    0x91, 0x91, 0x91, 0x8F, 0x97, 0x91, 0x8A, 0x91, 0x94, 0x8E, 0x8E, 0x9A,
    0x92, 0x96, 0x91, 0x94, 0x96, 0x97, 0x90, 0x93, 0x98, 0x99, 0xA1, 0x9B,
    0x9A, 0x9C, 0x9E, 0x9F, 0x9D, 0xA0, 0xA3, 0xA1, 0xA3, 0xA4, 0xA6, 0xA7,
    0xA7, 0xAD, 0xB0, 0xAA, 0xAF, 0xB1, 0xAF, 0xB7, 0xB8, 0xAC, 0xBB, 0xC0,
    0xB6, 0xBA, 0xC1, 0xBE, 0xC0, 0xC0, 0xC0, 0xC7, 0xC8, 0xC5, 0xC5, 0xD1,
    0xD3, 0xCA, 0xD2, 0xD0, 0xD3, 0xD3, 0xD5, 0xD5, 0xD8, 0xDA, 0xD8, 0xE1,
    0xDC, 0xDE, 0xE8, 0xE0, 0xDB, 0xE8, 0xE9, 0xE3, 0xEB, 0xEB, 0xE9, 0xED,
    0xED, 0xF3, 0xF1, 0xF0, 0xF2, 0xF4, 0xF4, 0xF6, 0xF8, 0xF5, 0xFA, 0xFA,
    0xFC, 0xFF, 0x00, 0x00, 0x00, 0x01, 0x02, 0x04, 0x01, 0x03, 0x05, 0x07,
    0x0C, 0x07, 0x0E, 0x0A, 0x05, 0x0E, 0x0C, 0x07, 0x12, 0x0E, 0x0B, 0x10,
    0x14, 0x0D, 0x11, 0x11, 0x0F, 0x11, 0x12, 0x12, 0x14, 0x17, 0x13, 0x14,
    0x1C, 0x18, 0x15, 0x18, 0x18, 0x1A, 0x19, 0x17, 0x1A, 0x1B, 0x18, 0x17,
    0x19, 0x17, 0x1B, 0x19, 0x1B, 0x17, 0x18, 0x1C, 0x16, 0x1D, 0x19, 0x16,
    0x17, 0x17, 0x18, 0x18, 0x18, 0x18, 0x16, 0x16, 0x17, 0x15, 0x13, 0x17,
    0x15, 0x11, 0x11, 0x13, 0x10, 0x11, 0x11, 0x0F, 0x12, 0x11, 0x0D, 0x0E,
    0x0D, 0x0E, 0x0D, 0x0C, 0x0B, 0x0A, 0x07, 0x09, 0x07, 0x07, 0x08, 0x03,
    0xFE, 0x04, 0x06, 0x02, 0x03, 0xFC, 0x00, 0x02, 0x00, 0x01, 0x00, 0x00,
    0x00, 0x00, 0xFE, 0xFE, 0xFF, 0xFD, 0xFC, 0xFE, 0xFC, 0xFC, 0xFC, 0xFB,
    0xFB, 0xFB, 0xFD, 0xF9, 0xFA, 0xFC, 0xFB, 0xFA, 0xFA, 0xFB, 0xFA, 0xFA,
    0xFA, 0xFA, 0xFC, 0xF9, 0xFA, 0xFB, 0xFA, 0xFB, 0xFB, 0xF9, 0xFB, 0xFB,
    0xFA, 0xFA, 0xFB, 0xFA, 0xFB, 0xFB, 0xFB, 0xFD, 0xFC, 0xFC, 0xFD, 0xFD,
    0xFD, 0xFE, 0xFE, 0xFF, 0xFF, 0xFF, 0x00, 0x00, 0x02, 0x00, 0xFE, 0x13,
    0x0B, 0xC5, 0xB3, 0xF4, 0x0A, 0xF0, 0xF7, 0x02, 0xE4, 0xC2, 0xDF, 0x20,
    0x01, 0xB9, 0xD9, 0x0A, 0xF9, 0xEC, 0xDD, 0xE0, 0x18, 0x1F, 0xEE, 0xFD,
    0x30, 0x3C, 0x2B, 0x28, 0x4B, 0x68, 0x69, 0x76, 0x72, 0x5A, 0x6B, 0x72,
    0x53, 0x5E, 0x74, 0x47, 0x36, 0x68, 0x4E, 0xEE, 0xEF, 0x21, 0xFE, 0xBD,
    0xA4, 0x98, 0x9E, 0xB5, 0xAB, 0x91, 0x9A, 0xA6, 0x96, 0x91, 0xA0, 0xB6,
    0xBC, 0x9B, 0x92, 0xC2, 0xC7, 0x96, 0x8E, 0xA0, 0x92, 0x86, 0x9A, 0xB1,
    0xB2, 0x96, 0x81, 0xA8, 0xD5, 0xCA, 0xDB, 0x24, 0x41, 0x3C, 0x50, 0x62,
    0x67, 0x69, 0x69, 0x77, 0x74, 0x5D, 0x5D, 0x5F, 0x59, 0x5A, 0x53, 0x5C,
    0x6B, 0x4B, 0x48, 0x74, 0x5E, 0x3F, 0x5A, 0x50, 0x25, 0x22, 0x23, 0x0D,
    0xF7, 0xDF, 0xC7, 0xBC, 0xC2, 0xB3, 0x86, 0x84, 0xB2, 0xAC, 0x80, 0x8A,
    0xAF, 0x97, 0x80, 0xA5, 0xBE, 0x97, 0x86, 0xA7, 0xA1, 0x83, 0x9A, 0xA5,
    0x87, 0xA0, 0xD6, 0xD4, 0xC7, 0xDF, 0xF4, 0xE9, 0xE4, 0x11, 0x3D, 0x38,
    0x44, 0x67, 0x67, 0x5F, 0x63, 0x5E, 0x64, 0x6D, 0x6D, 0x79, 0x73, 0x50,
    0x5D, 0x7F, 0x6D, 0x3E, 0x5A, 0x7D, 0x67, 0x63, 0x7F, 0x7D, 0x67, 0x74,
    0x70, 0x4B, 0x3D, 0x3D, 0x27, 0x17, 0x0E, 0xF2, 0xE3, 0xEC, 0xD2, 0xA3,
    0x9D, 0xA6, 0x8B, 0x80, 0x8F, 0x98, 0x86, 0x81, 0x8B, 0x8B, 0x89, 0x96,
    0xA0, 0x94, 0x85, 0x8D, 0x9B, 0x95, 0x92, 0xA3, 0xA4, 0x90, 0x8D, 0x9A,
    0x9E, 0xA3, 0x9E, 0x87, 0x98, 0xD1, 0xCF, 0xB6, 0xE1, 0x09, 0xFC, 0x03,
    0x1C, 0x1D, 0x2F, 0x58, 0x5C, 0x43, 0x59, 0x7F, 0x6A, 0x46, 0x67, 0x71,
    0x46, 0x50, 0x74, 0x6D, 0x70, 0x7C, 0x5D, 0x4A, 0x66, 0x6B, 0x54, 0x64,
    0x7F, 0x74, 0x5E, 0x6F, 0x77, 0x5C, 0x4D, 0x62, 0x76, 0x6E, 0x50, 0x35,
    0x29, 0x24, 0x16, 0x07, 0xFE, 0xEC, 0xD6, 0xC7, 0xB0, 0x9C, 0xA6, 0xAB,
    0x88, 0x80, 0x9B, 0xA1, 0x8B, 0x92, 0x91, 0x85, 0xA1, 0xA7, 0x88, 0x92,
    0x9A, 0x85, 0x8B, 0x94, 0x8B, 0x87, 0x81, 0x8A, 0x9F, 0x96, 0x87, 0x83,
    0x81, 0x90, 0x9E, 0x89, 0x80, 0x91, 0x97, 0x86, 0x8E, 0xB9, 0xCF, 0xC1,
    0xCE, 0xF2, 0xF3, 0xF1, 0x08, 0x16, 0x26, 0x3F, 0x44, 0x4B, 0x61, 0x6A,
    0x6F, 0x6E, 0x67, 0x6D, 0x6E, 0x69, 0x70, 0x6D, 0x67, 0x6E, 0x65, 0x61,
    0x72, 0x70, 0x6B, 0x75, 0x6A, 0x5C, 0x68, 0x6C, 0x66, 0x68, 0x64, 0x59,
    0x62, 0x75, 0x70, 0x60, 0x69, 0x77, 0x67, 0x5A, 0x64, 0x60, 0x4D, 0x4A,
    0x4B, 0x42, 0x2D, 0x0B, 0xF3, 0xFA, 0x04, 0xEF, 0xCC, 0xC0, 0xC7, 0xBF,
    0xA3, 0x89, 0x81, 0x8E, 0x96, 0x8B, 0x8A, 0x9D, 0xA1, 0x95, 0x90, 0x92,
    0x99, 0x9C, 0x95, 0x92, 0x92, 0x8B, 0x88, 0x8E, 0x94, 0x9B, 0x9C, 0x98,
    0x94, 0x8C, 0x90, 0x9B, 0x92, 0x87, 0x91, 0x97, 0x96, 0x9E, 0x9E, 0x8F,
    0x83, 0x86, 0x95, 0x9E, 0xA4, 0xB3, 0xC0, 0xCA, 0xCF, 0xCB, 0xDC, 0xFD,
    0xF9, 0xF0, 0x12, 0x2B, 0x24, 0x1F, 0x28, 0x3B, 0x4B, 0x4E, 0x55, 0x5D,
    0x62, 0x70, 0x74, 0x65, 0x65, 0x6F, 0x64, 0x5A, 0x6D, 0x75, 0x64, 0x60,
    0x65, 0x63, 0x68, 0x6B, 0x65, 0x69, 0x71, 0x6A, 0x67, 0x6B, 0x69, 0x66,
    0x67, 0x62, 0x62, 0x6F, 0x71, 0x64, 0x64, 0x65, 0x57, 0x55, 0x66, 0x69,
    0x5F, 0x63, 0x6C, 0x66, 0x61, 0x5D, 0x4E, 0x41, 0x43, 0x43, 0x2E, 0x17,
    0x18, 0x17, 0x04, 0xF7, 0xF5, 0xEF, 0xEC, 0xE2, 0xCD, 0xC7, 0xCC, 0xC6,
    0xB0, 0x99, 0x96, 0x99, 0x8A, 0x8A, 0x98, 0x8D, 0x87, 0x98, 0x99, 0x94,
    0x92, 0x89, 0x8D, 0x9C, 0x9A, 0x94, 0x91, 0x8D, 0x94, 0x9B, 0x92, 0x8C,
    0x94, 0x93, 0x89, 0x8F, 0x9E, 0x9F, 0x8E, 0x80, 0x8D, 0xA0, 0x92, 0x81,
    0x90, 0x9D, 0x92, 0x8A, 0x90, 0x98, 0x92, 0x84, 0x86, 0x98, 0x9F, 0xA1,
    0xAD, 0xAF, 0xAC, 0xC0, 0xD0, 0xC3, 0xCA, 0xE6, 0xEC, 0xEC, 0xF9, 0xFD,
    0x00, 0x0A, 0x0D, 0x0A, 0x12, 0x23, 0x25, 0x20, 0x2A, 0x3A, 0x39, 0x2F,
    0x3A, 0x4D, 0x4B, 0x40, 0x48, 0x54, 0x53, 0x52, 0x5B, 0x63, 0x62, 0x60,
    0x64, 0x69, 0x68, 0x64, 0x6A, 0x6D, 0x61, 0x5B, 0x67, 0x6B, 0x63, 0x66,
    0x6B, 0x62, 0x5E, 0x6A, 0x6D, 0x64, 0x66, 0x6D, 0x68, 0x60, 0x61, 0x67,
    0x69, 0x6B, 0x6A, 0x63, 0x5E, 0x64, 0x6B, 0x6C, 0x6B, 0x69, 0x65, 0x66,
    0x69, 0x68, 0x66, 0x65, 0x63, 0x5D, 0x57, 0x55, 0x4E, 0x45, 0x47, 0x3D,
    0x28, 0x2A, 0x35, 0x29, 0x1E, 0x22, 0x1D, 0x13, 0x11, 0x10, 0x06, 0xFF,
    0x00, 0xF6, 0xE1, 0xE4, 0xEF, 0xE1, 0xD3, 0xD9, 0xD6, 0xC8, 0xC6, 0xC7,
    0xBE, 0xB6, 0xB4, 0xB2, 0xA7, 0xA4, 0xA8, 0xA1, 0x9E, 0x9F, 0x8F, 0x86,
    0x93, 0x92, 0x87, 0x8F, 0x96, 0x92, 0x93, 0x94, 0x8E, 0x8E, 0x94, 0x92,
    0x8E, 0x93, 0x95, 0x92, 0x94, 0x94, 0x90, 0x98, 0x9A, 0x89, 0x86, 0x99,
    0x9E, 0x91, 0x8D, 0x93, 0x96, 0x92, 0x8E, 0x92, 0x94, 0x8D, 0x8B, 0x94,
    0x99, 0x98, 0x9B, 0x9B, 0x97, 0xA0, 0xAC, 0xA9, 0xA8, 0xB6, 0xBC, 0xB7,
    0xBE, 0xC8, 0xC7, 0xCE, 0xD8, 0xD7, 0xDA, 0xE4, 0xE8, 0xE9, 0xEC, 0xFB,
    0x05, 0xF5, 0xF9, 0x11, 0x0B, 0x02, 0x11, 0x15, 0x15, 0x22, 0x24, 0x21,
    0x27, 0x2A, 0x2A, 0x2A, 0x2D, 0x36, 0x39, 0x39, 0x3E, 0x3D, 0x3A, 0x41,
    0x44, 0x43, 0x47, 0x49, 0x46, 0x4C, 0x55, 0x52, 0x51, 0x59, 0x58, 0x54,
    0x5A, 0x5F, 0x5C, 0x5F, 0x62, 0x5F, 0x61, 0x64, 0x61, 0x66, 0x6E, 0x64,
    0x5E, 0x6A, 0x6B, 0x63, 0x65, 0x68, 0x65, 0x63, 0x66, 0x68, 0x63, 0x61,
    0x6A, 0x6A, 0x61, 0x5F, 0x62, 0x63, 0x67, 0x69, 0x68, 0x68, 0x65, 0x63,
    0x69, 0x6D, 0x66, 0x60, 0x62, 0x67, 0x64, 0x5F, 0x5E, 0x5B, 0x56, 0x52,
    0x4D, 0x4E, 0x4D, 0x3F, 0x39, 0x41, 0x3A, 0x2B, 0x29, 0x29, 0x25, 0x26,
    0x23, 0x17, 0x0E, 0x10, 0x0E, 0x06, 0x02, 0x02, 0xFB, 0xF3, 0xF4, 0xF2,
    0xE8, 0xE4, 0xE3, 0xD9, 0xCF, 0xCC, 0xC9, 0xC6, 0xC6, 0xC0, 0xB8, 0xB8,
    0xB7, 0xAB, 0xA6, 0xAE, 0xB0, 0xA4, 0x9B, 0x9B, 0x9A, 0x98, 0x98, 0x95,
    0x8F, 0x8D, 0x91, 0x95, 0x95, 0x91, 0x8E, 0x92, 0x96, 0x91, 0x8E, 0x96,
    0x99, 0x93, 0x95, 0x99, 0x92, 0x8C, 0x8E, 0x8F, 0x8F, 0x92, 0x95, 0x94,
    0x93, 0x94, 0x95, 0x94, 0x8F, 0x8D, 0x93, 0x97, 0x93, 0x92, 0x97, 0x99,
    0x92, 0x8C, 0x8F, 0x96, 0x95, 0x93, 0x98, 0x9E, 0x9A, 0x98, 0xA2, 0xAC,
    0xAA, 0xA8, 0xB1, 0xBB, 0xBA, 0xB9, 0xC3, 0xC9, 0xC7, 0xCD, 0xD6, 0xD6,
    0xD9, 0xE3, 0xE7, 0xE5, 0xE6, 0xF0, 0xFB, 0x00, 0x01, 0x03, 0x06, 0x0A,
    0x0D, 0x11, 0x18, 0x19, 0x19, 0x1E, 0x22, 0x22, 0x25, 0x28, 0x2A, 0x2F,
    0x33, 0x32, 0x33, 0x38, 0x3C, 0x3A, 0x39, 0x40, 0x46, 0x43, 0x43, 0x49,
    0x4C, 0x4B, 0x4B, 0x4D, 0x4E, 0x4F, 0x50, 0x51, 0x53, 0x54, 0x54, 0x56,
    0x59, 0x58, 0x57, 0x59, 0x5B, 0x59, 0x5A, 0x5F, 0x60, 0x5D, 0x5E, 0x62,
    0x62, 0x61, 0x62, 0x63, 0x61, 0x62, 0x64, 0x64, 0x68, 0x68, 0x60, 0x5F,
    0x66, 0x64, 0x61, 0x63, 0x63, 0x62, 0x61, 0x60, 0x61, 0x62, 0x60, 0x5F,
    0x5F, 0x5D, 0x5B, 0x5A, 0x59, 0x59, 0x56, 0x53, 0x54, 0x54, 0x54, 0x52,
    0x4E, 0x4D, 0x4E, 0x4C, 0x48, 0x46, 0x47, 0x44, 0x40, 0x3C, 0x37, 0x35,
    0x36, 0x32, 0x2A, 0x29, 0x28, 0x20, 0x1B, 0x1C, 0x1A, 0x13, 0x0E, 0x0A,
    0x08, 0x06, 0x01, 0xFC, 0xF8, 0xF4, 0xEF, 0xEB, 0xEC, 0xEA, 0xE4, 0xE2,
    0xE1, 0xD7, 0xD0, 0xD4, 0xD0, 0xC7, 0xC5, 0xC3, 0xBB, 0xB7, 0xBA, 0xB8,
    0xB3, 0xB3, 0xB2, 0xA8, 0xA4, 0xA9, 0xA9, 0xA2, 0xA0, 0x9F, 0x9C, 0x9C,
    0x99, 0x97, 0x98, 0x97, 0x95, 0x96, 0x96, 0x95, 0x93, 0x93, 0x94, 0x92,
    0x8E, 0x8E, 0x90, 0x94, 0x95, 0x90, 0x8F, 0x93, 0x95, 0x93, 0x93, 0x94,
    0x94, 0x93, 0x93, 0x94, 0x93, 0x93, 0x95, 0x92, 0x8F, 0x92, 0x92, 0x8F,
    0x92, 0x96, 0x97, 0x9A, 0x9A, 0x99, 0x9C, 0xA2, 0xA6, 0xA7, 0xA8, 0xAA,
    0xAD, 0xAD, 0xB2, 0xB6, 0xB5, 0xB8, 0xBF, 0xC2, 0xC4, 0xC7, 0xC6, 0xC6,
    0xCE, 0xD3, 0xD1, 0xD4, 0xDA, 0xDA, 0xDB, 0xE4, 0xEB, 0xEA, 0xEB, 0xF2,
    0xF6, 0xF9, 0xFD, 0x01, 0x04, 0x07, 0x0A, 0x0A, 0x09, 0x0D, 0x15, 0x18,
    0x17, 0x1B, 0x21, 0x23, 0x22, 0x26, 0x29, 0x29, 0x2C, 0x2F, 0x30, 0x32,
    0x32, 0x33, 0x36, 0x3B, 0x3B, 0x38, 0x39, 0x3F, 0x43, 0x42, 0x41, 0x43,
    0x44, 0x43, 0x46, 0x46, 0x45, 0x49, 0x4B, 0x45, 0x46, 0x4D, 0x4C, 0x49,
    0x4C, 0x4E, 0x4D, 0x4D, 0x4D, 0x4D, 0x4D, 0x4D, 0x4D, 0x4D, 0x4D, 0x4E,
    0x4D, 0x4D, 0x4E, 0x4E, 0x4E, 0x4E, 0x4D, 0x4D, 0x4E, 0x4E, 0x4D, 0x4D,
    0x4D, 0x4B, 0x4B, 0x4D, 0x4D, 0x4C, 0x4B, 0x4B, 0x4A, 0x49, 0x49, 0x48,
    0x47, 0x46, 0x45, 0x44, 0x43, 0x42, 0x42, 0x40, 0x3C, 0x3C, 0x3D, 0x3B,
    0x3A, 0x39, 0x38, 0x36, 0x33, 0x31, 0x32, 0x31, 0x30, 0x2E, 0x2A, 0x28,
    0x29, 0x28, 0x27, 0x24, 0x22, 0x21, 0x1E, 0x1A, 0x1B, 0x19, 0x13, 0x12,
    0x12, 0x0E, 0x09, 0x08, 0x05, 0x02, 0x01, 0xFF, 0xF9, 0xF6, 0xF5, 0xF3,
    0xF0, 0xEC, 0xE8, 0xE6, 0xE6, 0xE3, 0xDF, 0xDC, 0xD9, 0xD5, 0xD2, 0xD0,
    0xCD, 0xCC, 0xCB, 0xC8, 0xC5, 0xC5, 0xC4, 0xBF, 0xBB, 0xBA, 0xBA, 0xB9,
    0xB8, 0xB6, 0xB5, 0xB3, 0xB2, 0xB0, 0xAE, 0xAE, 0xAE, 0xAC, 0xAC, 0xAB,
    0xAA, 0xAA, 0xA9, 0xA8, 0xA8, 0xA8, 0xA8, 0xA7, 0xA8, 0xA8, 0xA7, 0xA7,
    0xA8, 0xA7, 0xA5, 0xA6, 0xA7, 0xA5, 0xA5, 0xA5, 0xA5, 0xA5, 0xA5, 0xA5,
    0xA5, 0xA6, 0xA7, 0xA7, 0xA7, 0xA8, 0xA8, 0xA9, 0xAB, 0xAC, 0xAC, 0xAD,
    0xAE, 0xB0, 0xB1, 0xB4, 0xB5, 0xB6, 0xB9, 0xBA, 0xB9, 0xBD, 0xC2, 0xC3,
    0xC4, 0xC7, 0xC8, 0xC9, 0xCC, 0xCF, 0xD0, 0xD3, 0xD6, 0xD7, 0xD8, 0xDA,
    0xDC, 0xDF, 0xE2, 0xE3, 0xE4, 0xE7, 0xEC, 0xF0, 0xF3, 0xF5, 0xF5, 0xF7,
    0xFC, 0x01, 0x01, 0x00, 0x03, 0x07, 0x09, 0x09, 0x0B, 0x0F, 0x12, 0x13,
    0x14, 0x17, 0x1A, 0x1B, 0x1C, 0x1E, 0x20, 0x20, 0x23, 0x27, 0x27, 0x27,
    0x29, 0x2B, 0x2C, 0x2D, 0x2F, 0x2F, 0x30, 0x32, 0x32, 0x32, 0x34, 0x36,
    0x36, 0x36, 0x36, 0x37, 0x38, 0x38, 0x38, 0x39, 0x3A, 0x3A, 0x3A, 0x3B,
    0x3A, 0x3A, 0x3A, 0x3B, 0x3B, 0x3A, 0x3A, 0x3A, 0x3A, 0x3A, 0x39, 0x38,
    0x38, 0x38, 0x38, 0x38, 0x38, 0x38, 0x38, 0x38, 0x38, 0x37, 0x36, 0x38,
    0x37, 0x36, 0x36, 0x36, 0x36, 0x36, 0x36, 0x35, 0x34, 0x34, 0x33, 0x32,
    0x32, 0x32, 0x32, 0x32, 0x31, 0x30, 0x30, 0x30, 0x2E, 0x2D, 0x2D, 0x2C,
    0x2B, 0x29, 0x28, 0x27, 0x27, 0x26, 0x26, 0x26, 0x25, 0x23, 0x21, 0x20,
    0x20, 0x1F, 0x1D, 0x1D, 0x1D, 0x1B, 0x19, 0x18, 0x17, 0x15, 0x14, 0x13,
    0x12, 0x12, 0x12, 0x0F, 0x0C, 0x0A, 0x09, 0x08, 0x06, 0x04, 0x00, 0x00,
    0x01, 0x00, 0xFC, 0xF8, 0xF6, 0xF4, 0xF3, 0xF1, 0xED, 0xEC, 0xEB, 0xE9,
    0xE7, 0xE7, 0xE4, 0xE2, 0xE2, 0xDE, 0xDA, 0xD8, 0xD7, 0xD5, 0xD5, 0xD3,
    0xD0, 0xCF, 0xCF, 0xCE, 0xCC, 0xCB, 0xCA, 0xC8, 0xC6, 0xC6, 0xC6, 0xC5,
    0xC5, 0xC4, 0xC1, 0xC0, 0xC2, 0xC1, 0xBF, 0xBF, 0xBF, 0xBD, 0xBC, 0xBC,
    0xBC, 0xBC, 0xBC, 0xBC, 0xBC, 0xBC, 0xBC, 0xBA, 0xBB, 0xBC, 0xBC, 0xBC,
    0xBC, 0xBC, 0xBC, 0xBC, 0xBC, 0xBC, 0xBC, 0xBC, 0xBC, 0xBD, 0xBF, 0xBF,
    0xBF, 0xC0, 0xC1, 0xC1, 0xC2, 0xC3, 0xC3, 0xC4, 0xC5, 0xC5, 0xC5, 0xC7,
    0xC8, 0xC7, 0xCA, 0xCD, 0xCD, 0xCC, 0xCF, 0xD1, 0xD0, 0xD2, 0xD6, 0xD6,
    0xD6, 0xD8, 0xD9, 0xDC, 0xDF, 0xE0, 0xE1, 0xE2, 0xE5, 0xE8, 0xEB, 0xEB,
    0xEB, 0xEE, 0xF2, 0xF5, 0xF5, 0xF4, 0xF5, 0xF8, 0xFA, 0xFB, 0xFF, 0x02,
    0x01, 0x00, 0x03, 0x06, 0x07, 0x08, 0x0A, 0x0A, 0x0B, 0x0E, 0x11, 0x12,
    0x12, 0x13, 0x15, 0x16, 0x17, 0x19, 0x1A, 0x1B, 0x1D, 0x1F, 0x20, 0x20,
    0x22, 0x22, 0x22, 0x24, 0x26, 0x26, 0x26, 0x26, 0x26, 0x27, 0x27, 0x27,
    0x27, 0x29, 0x29, 0x29, 0x29, 0x2A, 0x2B, 0x2B, 0x2B, 0x2B, 0x2B, 0x2B,
    0x2B, 0x2B, 0x2B, 0x2B, 0x2B, 0x2B, 0x2B, 0x2A, 0x29, 0x29, 0x29, 0x29,
    0x29, 0x29, 0x28, 0x27, 0x27, 0x27, 0x27, 0x27, 0x27, 0x27, 0x27, 0x27,
    0x27, 0x26, 0x26, 0x26, 0x26, 0x26, 0x26, 0x26, 0x26, 0x26, 0x25, 0x24,
    0x24, 0x23, 0x22, 0x22, 0x22, 0x22, 0x20, 0x20, 0x20, 0x20, 0x20, 0x20,
    0x1E, 0x1D, 0x1D, 0x1D, 0x1B, 0x1B, 0x1B, 0x19, 0x17, 0x17, 0x17, 0x15,
    0x15, 0x15, 0x13, 0x13, 0x13, 0x12, 0x12, 0x12, 0x10, 0x0C, 0x0B, 0x0C,
    0x0B, 0x0A, 0x0A, 0x09, 0x08, 0x07, 0x07, 0x06, 0x04, 0x03, 0x02, 0x00,
    0x00, 0x00, 0xFD, 0xF9, 0xF9, 0xF8, 0xF6, 0xF5, 0xF4, 0xF3, 0xF2, 0xF0,
    0xED, 0xEB, 0xEB, 0xEA, 0xE9, 0xE9, 0xE5, 0xE4, 0xE5, 0xE3, 0xE0, 0xE0,
    0xE0, 0xDF, 0xDD, 0xDC, 0xDB, 0xD9, 0xD8, 0xD7, 0xD6, 0xD5, 0xD5, 0xD2,
    0xD0, 0xD1, 0xD1, 0xD1, 0xD1, 0xD0, 0xCE, 0xCE, 0xCE, 0xCE, 0xCE, 0xCE,
    0xCE, 0xCE, 0xCE, 0xCE, 0xCD, 0xCC, 0xCE, 0xCD, 0xCC, 0xCE, 0xCE, 0xCE,
    0xCE, 0xCE, 0xCE, 0xCE, 0xCE, 0xCE, 0xCE, 0xCE, 0xCE, 0xCE, 0xCE, 0xCE,
    0xCE, 0xCE, 0xCF, 0xCE, 0xCE, 0xD1, 0xD2, 0xD1, 0xD1, 0xD1, 0xD0, 0xD2,
    0xD5, 0xD6, 0xD5, 0xD7, 0xD7, 0xD7, 0xD8, 0xDA, 0xDA, 0xDC, 0xE0, 0xE2,
    0xE2, 0xE3, 0xE5, 0xE5, 0xE5, 0xE8, 0xEA, 0xE9, 0xEA, 0xEB, 0xED, 0xF0,
    0xF1, 0xF0, 0xF2, 0xF4, 0xF4, 0xF5, 0xF6, 0xF8, 0xFA, 0xFB, 0xFA, 0xFC,
    0x00, 0x01, 0x00, 0x01, 0x03, 0x04, 0x05, 0x07, 0x07, 0x07, 0x09, 0x0A,
    0x0A, 0x0C, 0x10, 0x11, 0x10, 0x11, 0x12, 0x12, 0x13, 0x14, 0x16, 0x17,
    0x17, 0x17, 0x17, 0x18, 0x1A, 0x1B, 0x1B, 0x1C, 0x1D, 0x1D, 0x1D, 0x1D,
    0x1D, 0x1D, 0x1E, 0x1E, 0x1E, 0x1F, 0x20, 0x20, 0x20, 0x20, 0x20, 0x20,
    0x20, 0x20, 0x20, 0x20, 0x20, 0x20, 0x20, 0x20, 0x20, 0x1E, 0x1F, 0x20,
    0x1F, 0x1E, 0x1E, 0x1D, 0x1D, 0x1D, 0x1D, 0x1C, 0x1B, 0x1B, 0x1B, 0x1B,
    0x1B, 0x1B, 0x1B, 0x1B, 0x1B, 0x1A, 0x19, 0x19, 0x19, 0x19, 0x19, 0x19,
    0x18, 0x17, 0x17, 0x17, 0x17, 0x17, 0x17, 0x17, 0x17, 0x15, 0x15, 0x15,
    0x15, 0x14, 0x13, 0x13, 0x12, 0x12, 0x12, 0x12, 0x12, 0x12, 0x10, 0x0F,
    0x11, 0x10, 0x0C, 0x0B, 0x0C, 0x0B, 0x0A, 0x0A, 0x0A, 0x09, 0x09, 0x09,
    0x09, 0x08, 0x07, 0x07, 0x07, 0x07, 0x05, 0x04, 0x03, 0x03, 0x02, 0x01,
    0x01, 0x01, 0x00, 0x00, 0x01, 0xFD, 0xF9, 0xF9, 0xFA, 0xF8, 0xF4, 0xF4,
    0xF5, 0xF4, 0xF4, 0xF4, 0xF2, 0xF0, 0xF0, 0xF0, 0xEE, 0xED, 0xEB, 0xEB,
    0xEB, 0xEA, 0xE9, 0xE9, 0xE9, 0xE8, 0xE7, 0xE7, 0xE6, 0xE5, 0xE5, 0xE4,
    0xE3, 0xE2, 0xE2, 0xE2, 0xE2, 0xE2, 0xE1, 0xE0, 0xE0, 0xE0, 0xE0, 0xE0,
    0xE0, 0xE0, 0xE0, 0xE0, 0xE0, 0xE0, 0xE0, 0xE0, 0xE0, 0xE0, 0xE0, 0xE0,
    0xE0, 0xE0, 0xE0, 0xE0, 0xE0, 0xE0, 0xE0, 0xE0, 0xE0, 0xE0, 0xE0, 0xE0,
    0xE0, 0xE0, 0xE0, 0xE1, 0xE2, 0xE2, 0xE2, 0xE2, 0xE2, 0xE2, 0xE2, 0xE3,
    0xE3, 0xE3, 0xE5, 0xE5, 0xE5, 0xE5, 0xE7, 0xE7, 0xE7, 0xE9, 0xE9, 0xE9,
    0xEB, 0xEB, 0xEB, 0xEC, 0xEC, 0xEB, 0xED, 0xF0, 0xF1, 0xF0, 0xF0, 0xF1,
    0xF3, 0xF4, 0xF5, 0xF5, 0xF5, 0xF5, 0xF6, 0xF8, 0xF9, 0xF9, 0xF9, 0xF9,
    0xFB, 0xFA, 0xFC, 0x00, 0x01, 0x00, 0x01, 0x02, 0x01, 0x01, 0x03, 0x03,
    0x03, 0x05, 0x05, 0x05, 0x07, 0x07, 0x07, 0x07, 0x08, 0x0A, 0x0A, 0x0A,
    0x0A, 0x0A, 0x0A, 0x0B, 0x0C, 0x0C, 0x0F, 0x11, 0x10, 0x10, 0x10, 0x10,
    0x10, 0x10, 0x10, 0x10, 0x11, 0x12, 0x12, 0x12, 0x12, 0x12, 0x12, 0x12,
    0x12, 0x12, 0x12, 0x12, 0x12, 0x12, 0x12, 0x12, 0x12, 0x12, 0x12, 0x12,
    0x12, 0x12, 0x12, 0x12, 0x12, 0x12, 0x10, 0x10, 0x10, 0x10, 0x10, 0x10,
    0x10, 0x10, 0x10, 0x10, 0x10, 0x10, 0x10, 0x10, 0x10, 0x10, 0x10, 0x0D,
    0x0B, 0x0C, 0x0C, 0x0C, 0x0C, 0x0C, 0x0C, 0x0C, 0x0A, 0x0A, 0x0A, 0x0A,
    0x0A, 0x0A, 0x0A, 0x0A, 0x0A, 0x0A, 0x0A, 0x09, 0x09, 0x09, 0x09, 0x09,
    0x09, 0x09, 0x08, 0x07, 0x07, 0x07, 0x07, 0x07, 0x07, 0x07, 0x07, 0x05,
    0x05, 0x05, 0x03, 0x03, 0x03, 0x03, 0x03, 0x02, 0x01, 0x01, 0x01, 0x01,
    0x01, 0x01, 0x00, 0x00, 0x00, 0x00, 0x00, 0x01, 0xFE, 0xFA, 0xFA, 0xFC,
    0xFA, 0xF9, 0xF9, 0xF8, 0xF7, 0xF7, 0xF6, 0xF5, 0xF5, 0xF5, 0xF5, 0xF4,
    0xF4, 0xF4, 0xF4, 0xF4, 0xF4, 0xF4, 0xF3, 0xF1, 0xF0, 0xF0, 0xF0, 0xF0,
    0xF0, 0xF0, 0xEF, 0xEE, 0xEE, 0xED, 0xEC, 0xEC, 0xEC, 0xEC, 0xEC, 0xEC,
    0xEC, 0xEC, 0xEC, 0xEC, 0xEC, 0xEB, 0xEC, 0xEC, 0xEB, 0xEB, 0xEC, 0xEB,
    0xEB, 0xEB, 0xEC, 0xEC, 0xEC, 0xEC, 0xEC, 0xEC, 0xEC, 0xEC, 0xEC, 0xEC,
    0xEC, 0xEC, 0xEC, 0xEC, 0xEC, 0xEC, 0xEC, 0xEC, 0xEC, 0xED, 0xEE, 0xEE,
    0xEE, 0xEE, 0xEE, 0xEE, 0xEE, 0xF0, 0xF0, 0xF0, 0xF0, 0xF0, 0xF0, 0xF0,
    0xF1, 0xF3, 0xF4, 0xF4, 0xF4, 0xF4, 0xF4, 0xF4, 0xF4, 0xF5, 0xF5, 0xF5,
    0xF5, 0xF5, 0xF4, 0xF6, 0xFA, 0xFA, 0xF9, 0xF9, 0xF9, 0xF9, 0xF9, 0xFB,
    0xFB, 0xFB, 0xFB, 0xFA, 0xFD, 0x01, 0x01, 0x00, 0x00, 0x00, 0x00, 0x00,
    0x01, 0x01, 0x01, 0x01, 0x01, 0x01, 0x01, 0x03, 0x03, 0x03, 0x03, 0x04,
    0x05, 0x05, 0x05, 0x05, 0x05, 0x07, 0x07, 0x07, 0x07, 0x07, 0x07, 0x07,
    0x07, 0x07, 0x07, 0x07, 0x07, 0x07, 0x07, 0x07, 0x07, 0x07, 0x08, 0x09,
    0x09, 0x09, 0x09, 0x09, 0x09, 0x09, 0x09, 0x09, 0x09, 0x09, 0x09, 0x09,
    0x09, 0x09, 0x07, 0x08, 0x09, 0x07, 0x07, 0x07, 0x07, 0x07, 0x07, 0x07,
    0x07, 0x07, 0x07, 0x07, 0x07, 0x07, 0x07, 0x07, 0x07, 0x07, 0x07, 0x07,
    0x07, 0x07, 0x07, 0x07, 0x07, 0x07, 0x07, 0x07, 0x07, 0x07, 0x07, 0x05,
    0x05, 0x05, 0x05, 0x05, 0x05, 0x05, 0x05, 0x05, 0x05, 0x05, 0x04, 0x03,
    0x03, 0x03, 0x03, 0x03, 0x03, 0x03, 0x03, 0x03, 0x02, 0x01, 0x01, 0x01,
    0x01, 0x01, 0x01, 0x01, 0x01, 0x01, 0x01, 0x01, 0x01, 0x01, 0x01, 0x01,
    0x00, 0x00, 0x00, 0x00, 0x00, 0x00, 0x00, 0x00, 0x00, 0x00, 0x01, 0xFE,
    0xFA, 0xFA, 0xFB, 0xFB, 0xFB, 0xFB, 0xFB, 0xFB, 0xFB, 0xFA, 0xF9, 0xF9,
    0xF9, 0xF9, 0xF9, 0xF9, 0xF9, 0xF9, 0xF9, 0xF8, 0xF7, 0xF7, 0xF6, 0xF5,
    0xF5, 0xF5, 0xF5, 0xF5, 0xF5, 0xF5, 0xF5, 0xF5, 0xF5, 0xF5, 0xF5, 0xF5,
    0xF5, 0xF5, 0xF5, 0xF5, 0xF5, 0xF5, 0xF5, 0xF5, 0xF4, 0xF4, 0xF5, 0xF4,
    0xF4, 0xF5, 0xF4, 0xF4, 0xF5, 0xF5, 0xF5, 0xF5, 0xF5, 0xF5, 0xF5, 0xF5,
    0xF5, 0xF5, 0xF5, 0xF5, 0xF5, 0xF5, 0xF5, 0xF5, 0xF5, 0xF5, 0xF5, 0xF5,
    0xF5, 0xF5, 0xF5, 0xF5, 0xF5, 0xF5, 0xF5, 0xF5, 0xF5, 0xF5, 0xF5, 0xF5,
    0xF5, 0xF6, 0xF7, 0xF7, 0xF8, 0xF9, 0xF9, 0xF9, 0xF9, 0xF9, 0xF9, 0xF9,
    0xF9, 0xF9, 0xF9, 0xF9, 0xF9, 0xF9, 0xF9, 0xFB, 0xFB, 0xFB, 0xFB, 0xFB,
    0xFB, 0xFB, 0xFB, 0xFA, 0xFC, 0x00, 0x01, 0x00, 0x00, 0x00, 0x00, 0x00,
    0x00, 0x00, 0x00, 0x00, 0x00, 0x00, 0x00, 0x00, 0x00, 0x00, 0x01, 0x01,
    0x01, 0x01, 0x01, 0x01, 0x01, 0x01, 0x01, 0x01, 0x01, 0x01, 0x01, 0x01,
    0x01, 0x01, 0x01, 0x01, 0x01, 0x01, 0x01, 0x01, 0x01, 0x01, 0x02, 0x02,
    0x01, 0x01, 0x02, 0x02, 0x02, 0x02, 0x02, 0x02, 0x02, 0x02, 0x02, 0x02,
    0x02, 0x02, 0x02, 0x02, 0x02, 0x00, 0x01, 0x01, 0x00, 0x01, 0x01, 0x00,
    0x00, 0x00, 0x00, 0x00, 0x00, 0x00, 0x00, 0x00, 0x00, 0x00, 0x00, 0x00,
    0x00, 0x00, 0x00, 0x00, 0x00, 0x00, 0x00, 0x00, 0x00, 0x00, 0x00, 0x00,
    0x00, 0x00, 0x00, 0x00, 0x00, 0x00, 0xFD, 0xFE, 0xFC, 0x08, 0x10, 0xE8,
    0xD0, 0xEE, 0xFD, 0x03, 0x8D, 0xFF, 0x61, 0xCE, 0xFE, 0x19, 0xA4, 0x7F,
    0x5E, 0xA2, 0x6E, 0x26, 0x7C, 0x7F, 0x58, 0x5D, 0x5A, 0x20, 0x2C, 0xAA,
    0x80, 0xA2, 0x91, 0x80, 0x83, 0x80, 0x82, 0x80, 0x87, 0x80, 0x91, 0xAC,
    0x9E, 0x7F, 0x5F, 0x18, 0x7F, 0x62, 0x49, 0x7F, 0x30, 0x67, 0x0E, 0x1A,
    0x7F, 0x9B, 0xC9, 0xA4, 0x80, 0x8B, 0x9E, 0x87, 0x80, 0x84, 0x80, 0x87,
    0x80, 0x99, 0xC8, 0x80, 0xBA, 0xAC, 0xB2, 0x2B, 0xBB, 0xDC, 0x16, 0x61,
    0x7F, 0x7A, 0x78, 0x7A, 0x7F, 0x7E, 0x7B, 0x7D, 0x7F, 0x7A, 0x7F, 0x6A,
    0x4A, 0x7F, 0x5C, 0x00, 0x24, 0x06, 0x91, 0x80, 0x80, 0x97, 0x8B, 0x80,
    0x82, 0x80, 0x81, 0x80, 0x80, 0x83, 0x80, 0x8B, 0x80, 0xB3, 0xD4, 0x96,
    0xFA, 0xED, 0xB6, 0xFE, 0x2E, 0x50, 0x7F, 0x77, 0x7F, 0x7D, 0x7F, 0x7F,
    0x7F, 0x7F, 0x7F, 0x7F, 0x7D, 0x7F, 0x76, 0x7F, 0x54, 0x32, 0x7F, 0xF9,
    0x1B, 0x37, 0x9F, 0x80, 0xA4, 0x8D, 0x80, 0xC0, 0x90, 0x80, 0x82, 0x82,
    0x80, 0x8E, 0xD4, 0x80, 0x90, 0x91, 0x96, 0x8C, 0xFF, 0x24, 0xC2, 0x3B,
    0x6B, 0x60, 0x4E, 0x7C, 0x7F, 0x7E, 0x7D, 0x7F, 0x6B, 0x1A, 0x7F, 0x69,
    0xCE, 0x7F, 0x5A, 0x0A, 0x7F, 0x17, 0x59, 0x09, 0xAF, 0x07, 0xF3, 0xBA,
    0xA7, 0xE3, 0xBF, 0xE9, 0x90, 0x80, 0x84, 0xA3, 0x9F, 0x82, 0x80, 0x8A,
    0x94, 0x8B, 0x0D, 0xB5, 0xB2, 0xF7, 0x80, 0xEB, 0xE2, 0xD7, 0x1D, 0x1F,
    0xFC, 0x69, 0xFE, 0x12, 0x7A, 0xDE, 0x60, 0x7F, 0x32, 0xCC, 0x47, 0x10,
    0x41, 0x14, 0x52, 0x15, 0x7F, 0x09, 0x69, 0x19, 0x33, 0x7F, 0xF0, 0x09,
    0xE4, 0xF9, 0xC3, 0xB4, 0x88, 0xA8, 0x9B, 0x87, 0xFB, 0xD4, 0x80, 0x86,
    0x80, 0x8C, 0x80, 0xDF, 0xB5, 0xC7, 0xC8, 0x80, 0xB6, 0xAC, 0x83, 0x84,
    0x0A, 0x5B, 0x08, 0xC0, 0x11, 0xF0, 0x7F, 0x67, 0x6E, 0x57, 0x21, 0x7F,
    0x38, 0x43, 0x7F, 0x71, 0x7F, 0x31, 0x5E, 0x7F, 0x57, 0x7D, 0x63, 0x7C,
    0x7F, 0x55, 0x7F, 0xFD, 0x99, 0x31, 0x3A, 0xC3, 0xAD, 0xAD, 0x80, 0x9D,
    0xAD, 0xD0, 0x9D, 0x83, 0x88, 0xA1, 0xCE, 0x86, 0x80, 0xB5, 0x80, 0x8A,
    0xA9, 0x8D, 0xDA, 0xB8, 0x8C, 0x0A, 0x28, 0x00, 0x78, 0x6E, 0x0B, 0x42,
    0x7F, 0x17, 0x5B, 0x7F, 0xFA, 0x67, 0xFA, 0x68, 0x7F, 0x55, 0x53, 0x05,
    0x5B, 0x5D, 0x52, 0x12, 0xCA, 0x26, 0x0E, 0x16, 0xFC, 0x80, 0xF6, 0xE0,
    0xFB, 0xE5, 0x80, 0x80, 0x2C, 0x07, 0x80, 0xE6, 0x80, 0xC2, 0x34, 0x97,
    0xC9, 0xA6, 0x08, 0xD6, 0xCA, 0x80, 0x30, 0x27, 0x37, 0x21, 0x80, 0x5A,
    0x7E, 0x73, 0x7F, 0x6A, 0x40, 0x38, 0x6E, 0x41, 0x7B, 0xCD, 0x13, 0x56,
    0xBB, 0x32, 0xEE, 0x5A, 0x1B, 0x44, 0x02, 0xE3, 0x56, 0xD8, 0x3B, 0x97,
    0xE6, 0x3E, 0xB3, 0xD0, 0x94, 0xE2, 0xAE, 0xAC, 0xCD, 0x95, 0x9D, 0xD1,
    0xBE, 0xC2, 0x80, 0xDB, 0xA7, 0xD9, 0x23, 0xCF, 0x8E, 0xC9, 0xCC, 0x0B,
    0x27, 0xAD, 0xEA, 0x1B, 0xD9, 0xFE, 0x6E, 0x17, 0x56, 0x7F, 0x10, 0x18,
    0x7F, 0x5D, 0x7F, 0x5C, 0x75, 0x5C, 0x18, 0x3E, 0xC2, 0x46, 0x7C, 0x4A,
    0xA8, 0x79, 0x12, 0x0C, 0x30, 0x2F, 0x2B, 0xE2, 0x06, 0x92, 0xEF, 0xD6,
    0xBE, 0xB5, 0x84, 0xDA, 0xCE, 0x90, 0xD8, 0xD1, 0xB7, 0xA1, 0x00, 0x8C,
    0xC3, 0xCC, 0xAF, 0xE2, 0xB7, 0x0F, 0x23, 0xD6, 0xF7, 0x3C, 0x6A, 0xCD,
    0xF5, 0x70, 0x57, 0x50, 0x3F, 0x7B, 0x44, 0x2A, 0x7A, 0x1B, 0x7F, 0x1D,
    0xE6, 0x7D, 0x2B, 0x2D, 0x38, 0x1D, 0xED, 0x60, 0xB6, 0xD8, 0x7F, 0xBB,
    0xB2, 0x8D, 0x08, 0x5E, 0x9C, 0xDA, 0xC2, 0xE0, 0x95, 0x93, 0x91, 0xDE,
    0xD7, 0xB3, 0x58, 0x8C, 0xED, 0x23, 0xBE, 0xD2, 0xFE, 0xF4, 0x88, 0x49,
    0xB2, 0x38, 0xE8, 0xF8, 0x43, 0x49, 0x1E, 0x0E, 0x7F, 0x4A, 0x24, 0xFD,
    0x2C, 0x07, 0x0B, 0x7A, 0x2B, 0x1B, 0xFD, 0x32, 0x54, 0xFA, 0xF6, 0x4C,
    0x0B, 0xB1, 0xE3, 0x67, 0xE6, 0xF1, 0xC1, 0x45, 0xFD, 0xE1, 0xCF, 0xC4,
    0x37, 0xE4, 0x19, 0xAC, 0xF8, 0xAB, 0xAF, 0x1B, 0xE1, 0xDA, 0xDC, 0xF5,
    0xE8, 0xC9, 0x16, 0xE6, 0xF7, 0x58, 0xD0, 0xF3, 0x7F, 0xC6, 0x13, 0x74,
    0xE6, 0x16, 0x49, 0x15, 0x1B, 0xE1, 0x0E, 0x2F, 0x37, 0x33, 0xD4, 0x1E,
    0x30, 0xD7, 0x03, 0x19, 0x0E, 0xB1, 0xF1, 0xC5, 0x0A, 0xAF, 0x53, 0xDC,
    0xC2, 0x57, 0xB0, 0xD1, 0xC7, 0xFF, 0xC9, 0x80, 0xDE, 0xE8, 0xD1, 0xF0,
    0x18, 0x05, 0xC2, 0xDE, 0x3F, 0xEB, 0x99, 0xF0, 0x6C, 0x10, 0x48, 0x02,
    0xDA, 0x16, 0x18, 0xE2, 0x29, 0x09, 0xED, 0x46, 0xD5, 0x25, 0x1C, 0x2C,
    0x60, 0x02, 0x44, 0x39, 0x00, 0xE9, 0x72, 0xF4, 0x17, 0x5B, 0xAA, 0xA8,
    0xFF, 0xD4, 0xEE, 0xAA, 0x0B, 0xB0, 0xBE, 0x2B, 0x44, 0xC3, 0xCD, 0xEB,
    0xD2, 0xD7, 0xFB, 0x10, 0xF5, 0x94, 0xE7, 0x52, 0x0C, 0xFC, 0xF2, 0x13,
    0x08, 0x75, 0x35, 0xE2, 0x3E, 0x23, 0x11, 0x56, 0xD6, 0x30, 0x33, 0x53,
    0x64, 0xE0, 0x1F, 0xF5, 0x28, 0x19, 0xA7, 0x44, 0x29, 0x07, 0x0B, 0x0C,
    0xE3, 0x35, 0xE9, 0x19, 0x2D, 0xD8, 0xC8, 0x01, 0x05, 0xE1, 0xC9, 0xEE,
    0xC4, 0xEE, 0x03, 0xC5, 0x94, 0xFE, 0x1A, 0xD1, 0xC1, 0x15, 0x11, 0xFE,
    0xD3, 0xFF, 0x45, 0xC0, 0x1F, 0x5E, 0xF3, 0x1D, 0x13, 0x22, 0x39, 0x40,
    0xFB, 0xD5, 0x29, 0x68, 0xB7, 0x40, 0x04, 0xE5, 0x19, 0x12, 0x5A, 0x2C,
    0x06, 0xC7, 0xFD, 0x5D, 0xDC, 0xBD, 0x3A, 0x13, 0xC4, 0xFD, 0x11, 0xE7,
    0xE2, 0xEC, 0xF1, 0xD5, 0xED, 0x0C, 0xEC, 0xC1, 0x1C, 0xC2, 0x42, 0x0C,
    0xA1, 0x1F, 0xD9, 0x0C, 0xE6, 0x0F, 0x1E, 0xC2, 0x42, 0xEE, 0x02, 0x6D,
    0xE1, 0x05, 0x19, 0xF9, 0x4E, 0xF6, 0x22, 0xEF, 0x12, 0x2D, 0xEE, 0xED,
    0x2C, 0xE4, 0x12, 0x31, 0xD6, 0xEB, 0x2F, 0x4C, 0x06, 0x0B, 0x93, 0x5B,
    0x2C, 0xDC, 0xE1, 0x25, 0x08, 0x8E, 0xD4, 0xE9, 0x14, 0xA7, 0xC9, 0x68,
    0xF1, 0x25, 0xD1, 0xEB, 0xF4, 0x23, 0xDB, 0x15, 0xE7, 0xB2, 0xC9, 0x17,
    0x11, 0xC0, 0x26, 0xF1, 0x29, 0xC5, 0xEF, 0x52, 0xF3, 0x1B, 0xDA, 0xC4,
    0x57, 0xEA, 0x0D, 0x0F, 0x12, 0x05, 0xCF, 0x0C, 0x43, 0xB8, 0xBB, 0x07,
    0xD6, 0x0F, 0xDF, 0xB7, 0x7F, 0xE3, 0xE2, 0x41, 0x0B, 0x06, 0xD6, 0x1F,
    0xE9, 0xE6, 0x36, 0xA1, 0x9F, 0x3A, 0x3F, 0xE8, 0xF9, 0x29, 0x08, 0x07,
    0xF8, 0x14, 0x3C, 0x9C, 0x74, 0x09, 0x29, 0xFF, 0xCE, 0x21, 0x2E, 0xD5,
    0xFD, 0x38, 0x0C, 0xF9, 0xCE, 0x34, 0x24, 0x25, 0x08, 0xED, 0x0C, 0x48,
    0xE6, 0xD8, 0x4F, 0x07, 0xED, 0x0C, 0xD1, 0xF0, 0xF7, 0x07, 0xA3, 0x01,
    0x07, 0xDF, 0xC5, 0xCF, 0xD9, 0x3B, 0xD3, 0xC0, 0x1D, 0xFB, 0xF0, 0xC4,
    0xEF, 0x06, 0xAE, 0xDD, 0x5B, 0xB6, 0x10, 0x21, 0x80, 0x15, 0x0D, 0xB4,
    0x46, 0xF0, 0x1A, 0x1B, 0xFC, 0xE6, 0x1F, 0x0A, 0x17, 0x01, 0x20, 0xE0,
    0xEB, 0x22, 0xCE, 0xE8, 0x1E, 0x1F, 0x1C, 0xD6, 0xEE, 0xBD, 0x12, 0x1D,
    0xD0, 0x0B, 0xF5, 0xF5, 0x18, 0xEF, 0xC7, 0xE6, 0x0B, 0xFC, 0xF7, 0xE6,
    0x1F, 0x05, 0xE6, 0x00, 0x02, 0x06, 0xBA, 0x13, 0x43, 0xED, 0x01, 0xFA,
    0xED, 0x08, 0xB0, 0x24, 0x42, 0x02, 0x25, 0x07, 0x18, 0xC2, 0x10, 0x0A,
    0x12, 0xDF, 0x4C, 0x20, 0xE9, 0xEC, 0x13, 0x09, 0x0B, 0x2A, 0x0C, 0x1B,
    0x1D, 0x1B, 0xE9, 0x18, 0x02, 0xDD, 0xDD, 0x52, 0xE6, 0xEE, 0x1A, 0x18,
    0xD3, 0xBD, 0x54, 0x3D, 0xE3, 0x22, 0x1B, 0xF1, 0xDC, 0x2B, 0x16, 0xFA,
    0xE4, 0xD8, 0x0B, 0xEB, 0x0F, 0xD1, 0xE6, 0x31, 0xDE, 0xF5, 0x09, 0x06,
    0xF7, 0x05, 0x2D, 0xF6, 0x0D, 0xBE, 0x3A, 0x1D, 0xCE, 0x14, 0x0C, 0xD9,
    0x1D, 0xF5, 0xDC, 0xED, 0x00, 0xD3, 0xE0, 0x0F, 0xF9, 0xE6, 0xEB, 0x21,
    0xF1, 0xAE, 0x21, 0x24, 0xEE, 0xF6, 0xBC, 0x35, 0xF8, 0xE5, 0x3E, 0xE8,
    0xF0, 0x17, 0xF4, 0x00, 0x03, 0xDA, 0xCE, 0x4D, 0x04, 0xF6, 0x20, 0xF0,
    0x20, 0x0B, 0xF8, 0x00, 0xE4, 0xDF, 0xFB, 0x07, 0xF3, 0x1A, 0xDC, 0xED,
    0xFF, 0xF8, 0x1B, 0x0D, 0xEA, 0x13, 0x19, 0x09, 0xAA, 0x12, 0xFF, 0xF8,
    0x39, 0x00, 0xD7, 0x3A, 0xC3, 0xC8, 0x0B, 0xE5, 0xF8, 0x31, 0xC0, 0x1E,
    0x2A, 0xF5, 0x15, 0xA9, 0xDF, 0xF5, 0x05, 0xFD, 0xD9, 0x21, 0xEE, 0xCA,
    0x09, 0xFA, 0x13, 0xFD, 0xF6, 0xFE, 0xF2, 0x16, 0x04, 0xF5, 0xF6, 0xF8,
    0x3A, 0x14, 0xD7, 0xEE, 0x1D, 0xDD, 0xF9, 0x13, 0x01, 0xF3, 0xFD, 0xE4,
    0x2F, 0x2C, 0xF9, 0xD5, 0x26, 0x13, 0x07, 0x10, 0x04, 0xF4, 0xF9, 0xD5,
    0x1A, 0xE3, 0x0A, 0xE6, 0xF1, 0x11, 0xEE, 0xFF, 0xFD, 0x30, 0xDE, 0xE6,
    0x1D, 0x1E, 0xF8, 0x0D, 0x11, 0xEF, 0xF2, 0xE5, 0x16, 0xF3, 0x05, 0x05,
    0xDB, 0x0B, 0xF3, 0x07, 0x06, 0xCC, 0x34, 0xF1, 0x04, 0x1C, 0xD7, 0xE8,
    0x27, 0x0E, 0xFC, 0xFA, 0xF0, 0x01, 0x02, 0xFE, 0x14, 0xE9, 0x0C, 0xD2,
    0x21, 0xE9, 0x05, 0xDA, 0x19, 0xF3, 0xFD, 0x2B, 0xEF, 0xD7, 0x05, 0xF2,
    0x0A, 0x1E, 0xBD, 0xE0, 0xF4, 0xFB, 0xF8, 0xDF, 0x15, 0xF3, 0x1B, 0x14,
    0xD2, 0x09, 0x0C, 0xF6, 0x12, 0x13, 0xE3, 0xFB, 0x22, 0x0E, 0xF8, 0xF8,
    0x01, 0x07, 0x0E, 0xF1, 0xD0, 0x14, 0xFE, 0xDB, 0x1E, 0xEB, 0x11, 0x28,
    0x03, 0x04, 0x28, 0x08, 0xEA, 0x1C, 0xE9, 0xEB, 0xF2, 0xE8, 0xF3, 0xE8,
    0x07, 0xE4, 0xE2, 0x0F, 0xF6, 0xE0, 0x28, 0xF7, 0x10, 0x18, 0xDA, 0xF2,
    0xE5, 0xF3, 0x08, 0xF6, 0xE2, 0x0D, 0x09, 0xE8, 0x23, 0xDF, 0x06, 0x22,
    0xF9, 0x21, 0xF1, 0x18, 0x04, 0x00, 0xF9, 0xDF, 0x52, 0xFD, 0xE4, 0x42,
    0xF9, 0x1F, 0x11, 0xE0, 0x03, 0xE0, 0x12, 0x37, 0xF4, 0xF9, 0x05, 0xFC,
    0x01, 0xF2, 0xFF, 0x0A, 0xE0, 0x0C, 0xD5, 0xF6, 0x19, 0xE4, 0x22, 0xE6,
    0xF2, 0x16, 0xF8, 0xFF, 0x13, 0x17, 0x01, 0xE2, 0xFD, 0x1D, 0xE9, 0xFD,
    0x15, 0x28, 0x01, 0x17, 0x06, 0xE5, 0xE5, 0x02, 0x12, 0xF9, 0xF8, 0x18,
    0xF5, 0x1A, 0xFB, 0x01, 0x10, 0x01, 0xF9, 0xFD, 0xF0, 0x06, 0x24, 0xF1,
    0xF0, 0x1E, 0x05, 0xF3, 0x06, 0xDF, 0xE8, 0x01, 0xF6, 0x0E, 0xF0, 0x0D,
    0xE2, 0xF7, 0x14, 0x1E, 0xFF, 0xF6, 0x03, 0xF3, 0xF9, 0x0C, 0xF5, 0xFA,
    0x00, 0x00, 0xE9, 0x31, 0x02, 0xF3, 0x24, 0xED, 0x06, 0xFE, 0xFB, 0xF9,
    0xEE, 0x16, 0x0C, 0xF0, 0x26, 0x01, 0x13, 0x01, 0x09, 0xF0, 0x0E, 0x1A,
    0xE0, 0x27, 0xF4, 0xF9, 0xFE, 0xF4, 0x08, 0x1B, 0x09, 0x0B, 0xF8, 0xEC,
    0x00, 0xD4, 0x13, 0xF1, 0xEA, 0xE0, 0xF5, 0xFD, 0x00, 0xFC, 0xF6, 0x03,
    0x04, 0xEE, 0x07, 0x05, 0x1A, 0x07, 0xFC, 0x0E, 0x01, 0xF2, 0x04, 0x03,
    0xFF, 0x06, 0xF9, 0xF8, 0x21, 0xE9, 0xF4, 0x1D, 0x0A, 0xED, 0x19, 0x02,
    0xFB, 0x19, 0x01, 0x0C, 0xEC, 0xF1, 0x03, 0x13, 0xF9, 0xF5, 0x0C, 0xFD,
    0x05, 0xF9, 0xE9, 0x09, 0xE4, 0xF5, 0xFB, 0xE3, 0xFD, 0x01, 0xF8, 0xF5,
    0x0C, 0xF7, 0xEB, 0x0D, 0xF9, 0xF9, 0x04, 0xFE, 0xEE, 0xFF, 0x08, 0x03,
    0xF1, 0x09, 0x01, 0x04, 0x0B, 0xFD, 0x13, 0xFE, 0xFE, 0xFD, 0xF3, 0x0E,
    0x06, 0x07, 0x10, 0xFF, 0xF0, 0x02, 0x05, 0xFD, 0x03, 0x0D, 0xF7, 0x12,
    0xF0, 0xEE, 0x0C, 0x08, 0x0B, 0xF0, 0x04, 0xF6, 0xEC, 0xFF, 0x0A, 0xEB,
    0x07, 0xF3, 0xF5, 0xF6, 0xE7, 0x1C, 0xF3, 0x15, 0xDA, 0xE6, 0xFF, 0x02,
    0x06, 0xFB, 0xFE, 0xE2, 0x00, 0x09, 0xF7, 0xF2, 0x1C, 0xF1, 0x09, 0x09,
    0xE5, 0x12, 0x03, 0x0C, 0xFD, 0x01, 0x03, 0xF8, 0xFE, 0x01, 0x0A, 0x11,
    0xDF, 0xFB, 0xF2, 0xF5, 0xFF, 0xE8, 0x0F, 0xE1, 0x0D, 0x0C, 0x09, 0xF8,
    0xEE, 0xEF, 0x10, 0xFE, 0xF5, 0x02, 0xFF, 0x0A, 0xF4, 0xED, 0xFA, 0xFF,
    0xFA, 0xF6, 0x00, 0x01, 0x06, 0xFE, 0x14, 0x14, 0xDC, 0x00, 0xFF, 0xF8,
    0x08, 0x03, 0x01, 0x16, 0xF8, 0xE7, 0xF3, 0x0C, 0x0A, 0xFC, 0xFE, 0xF9,
    0x0D, 0x01, 0xF8, 0xFF, 0x17, 0x03, 0xF6, 0xF7, 0x07, 0xFB, 0x06, 0xE3,
    0xFD, 0x10, 0xFF, 0xFA, 0x01, 0x00, 0x00, 0xFE, 0xF7, 0xFA, 0x07, 0xEB,
    0xF9, 0xFC, 0xFA, 0xF7, 0xFF, 0xF7, 0xFB, 0xFF, 0xFD, 0xFC, 0xF3, 0x14,
    0xFA, 0xFC, 0x02, 0xF6, 0x0A, 0xF7, 0xFB, 0x09, 0x04, 0xFE, 0x02, 0x05,
    0xFF, 0xFC, 0xFE, 0x06, 0xFF, 0xF3, 0x08, 0x0D, 0xFC, 0x00, 0x05, 0x0C,
    0xF8, 0xF9, 0x09, 0xF3, 0x01, 0xFF, 0xF4, 0xFE, 0x01, 0x06, 0xF8, 0x00,
    0x0B, 0xED, 0xFD, 0x00, 0xF5, 0x07, 0x0E, 0xF8, 0xFB, 0xF1, 0x07, 0x02,
    0x09, 0x01, 0xF0, 0x0F, 0x00, 0xE1, 0x09, 0xFB, 0xFD, 0x02, 0xF2, 0x15,
    0x0D, 0x04, 0x03, 0x09, 0x10, 0x00, 0xFE, 0xFB, 0x06, 0xF9, 0xF6, 0x01,
    0xFE, 0xF2, 0x05, 0x0C, 0xFA, 0x0D, 0x0B, 0xF0, 0xF3, 0x10, 0xF3, 0x09,
    0xEF, 0x02, 0xFC, 0xFE, 0x10, 0xEC, 0x08, 0xF8, 0xF5, 0xFB, 0xFC, 0x03,
    0x0A, 0x00, 0x06, 0x08, 0xFC, 0x01, 0xF9, 0x00, 0xF5, 0x03, 0x00, 0xF6,
    0x05, 0xF6, 0x05, 0x0A, 0xFD, 0x01, 0x02, 0xFA, 0x03, 0x03, 0xFD, 0x04,
    0xFE, 0x02, 0xF8, 0xFF, 0xF9, 0xF8, 0x05, 0xF7, 0x09, 0xFF, 0xFC, 0xFE,
    0xFB, 0x00, 0xF9, 0xF6, 0x06, 0xFF, 0xF9, 0xF6, 0x00, 0xF9, 0xFD, 0x08,
    0xFC, 0xFE, 0x00, 0xF1, 0x08, 0xFF, 0xF9, 0x01, 0x05, 0xFF, 0xFA, 0x03,
    0x01, 0x05, 0xF8, 0x03, 0x10, 0xF2, 0xF8, 0x0C, 0xFB, 0x04, 0x0A, 0xFF,
    0x04, 0x03, 0xF7, 0x02, 0xFE, 0xFE, 0xFE, 0xFC, 0xFF, 0xFB, 0xFC, 0x0B,
    0xF6, 0xFE, 0xFE, 0xFE, 0xF8, 0xFC, 0xFB, 0x00, 0xFB, 0xFB, 0x03, 0x04,
    0xFB, 0xFE, 0xFE, 0xFB, 0x02, 0xF9, 0x01, 0xFF, 0xFF, 0xFF, 0xFD, 0x02,
    0xFF, 0x03, 0x05, 0xFE, 0xFE, 0xFF, 0x00, 0xFE, 0xFD, 0xFC, 0x00, 0xFF,
    0xFB, 0x01, 0xFE, 0x00, 0xFF, 0xFD, 0x03, 0x02, 0x00, 0x00, 0x01, 0x00,
    0x00, 0x01, 0xFE, 0xFE, 0x00, 0x01, 0x00, 0xFF, 0x00, 0x01, 0xFF, 0xFF,
    0x00, 0x00, 0x00, 0x00, 0x00, 0x00, 0x05, 0xF6, 0xE5, 0x06, 0x23, 0xE6,
    0x02, 0x0F, 0xFA, 0x02, 0xF3, 0xF0, 0xF7, 0xF7, 0xFE, 0xFC, 0xFD, 0xFC,
    0x04, 0xF6, 0xF2, 0x23, 0xF5, 0xEB, 0x13, 0x08, 0x06, 0x0C, 0xF5, 0x0C,
    0x11, 0x0A, 0xD8, 0x0A, 0xE7, 0xD4, 0x2B, 0xE9, 0x01, 0x05, 0x04, 0x00,
    0xF9, 0xE2, 0xFF, 0x03, 0x0A, 0xDA, 0x0D, 0xD1, 0xFF, 0x0C, 0xED, 0xFF,
    0xE2, 0x09, 0x0F, 0xF6, 0xF6, 0x12, 0xE2, 0x0A, 0x0E, 0xCC, 0xF5, 0x1A,
    0xF4, 0x12, 0xF6, 0x2D, 0xF2, 0xD3, 0x2E, 0x01, 0xEA, 0xFD, 0x16, 0xFE,
    0xDD, 0x25, 0xEE, 0xEB, 0xDA, 0x1A, 0x0B, 0xFD, 0x0E, 0xDC, 0x31, 0xDD,
    0xF3, 0x10, 0x00, 0xE3, 0x26, 0xF8, 0x1E, 0xFD, 0xFD, 0xFE, 0x10, 0x0A,
    0xF6, 0xEF, 0xED, 0xF8, 0xA6, 0x19, 0x16, 0x08, 0x02, 0x1C, 0xFF, 0x13,
    0x13, 0xFA, 0x1F, 0xFD, 0xEF, 0x23, 0xFB, 0xF8, 0x02, 0xF8, 0x03, 0xEA,
    0x04, 0xE6, 0x03, 0x26, 0xEF, 0x04, 0x23, 0x09, 0xC4, 0x0E, 0x00, 0xEA,
    0x08, 0x23, 0x08, 0xD7, 0x2D, 0x15, 0xC9, 0xF8, 0x2B, 0xEB, 0x0B, 0x00,
    0x14, 0x1B, 0xFF, 0xEA, 0x24, 0x1F, 0xF2, 0xE7, 0x20, 0xB8, 0x2E, 0xE0,
    0xD0, 0x19, 0xEF, 0x01, 0x05, 0x0A, 0xF5, 0x21, 0xFF, 0x10, 0xE8, 0x19,
    0xF6, 0xF0, 0xF4, 0xEB, 0x24, 0x03, 0xEB, 0x1B, 0x02, 0x0B, 0xD8, 0xEA,
    0x28, 0xE3, 0x2E, 0xF9, 0x0A, 0xDD, 0x03, 0xF1, 0xFC, 0xF5, 0x00, 0x0E,
    0x11, 0xFF, 0x07, 0xED, 0xF8, 0x01, 0xED, 0x20, 0xE0, 0x23, 0xFA, 0x02,
    0xF0, 0xEB, 0x14, 0xE8, 0x25, 0x10, 0x05, 0xE6, 0x10, 0x0B, 0xE9, 0x15,
    0xFA, 0xF1, 0xFB, 0x09, 0xF6, 0x15, 0x1F, 0x0B, 0xF4, 0x24, 0xEA, 0x1F,
    0xEF, 0xF0, 0x18, 0x19, 0xE1, 0x0B, 0x2A, 0xC0, 0xF1, 0x31, 0xBF, 0x13,
    0x03, 0x0F, 0xE5, 0x11, 0x1C, 0xEC, 0x2B, 0xE4, 0xFB, 0x37, 0xCD, 0xEE,
    0x02, 0x09, 0xFF, 0xFD, 0x07, 0xDD, 0x1F, 0x10, 0xFC, 0xEB, 0xE8, 0x10,
    0x0F, 0xE9, 0x0E, 0x18, 0x00, 0xFD, 0x14, 0x05, 0x1B, 0xF6, 0xE5, 0xFB,
    0x0C, 0xEB, 0x0B, 0x09, 0x0D, 0xE8, 0x0E, 0x0D, 0xD6, 0xF5, 0xFC, 0x06,
    0xED, 0x07, 0xFF, 0x14, 0xE6, 0x05, 0x1D, 0xEC, 0x0E, 0xD7, 0xEE, 0x0C,
    0xFC, 0xE3, 0xEE, 0x24, 0xDB, 0xF1, 0x0F, 0xF0, 0x04, 0xFC, 0xF8, 0x0D,
    0xED, 0x16, 0xF7, 0xF7, 0xFB, 0x0A, 0xFA, 0xF3, 0x05, 0xF6, 0x08, 0x08,
    0xF5, 0xFD, 0x0E, 0xEB, 0x03, 0xE0, 0x0F, 0xE2, 0xE3, 0x0B, 0x18, 0xF2,
    0x0A, 0x1A, 0xEF, 0xED, 0xF4, 0x23, 0xE7, 0xE5, 0x22, 0xF6, 0x08, 0xEA,
    0x02, 0x06, 0x0F, 0x0E, 0xD0, 0x0D, 0x0A, 0xF8, 0x03, 0xF3, 0x29, 0xEB,
    0x09, 0xF5, 0xF1, 0xFE, 0x08, 0xF6, 0xFE, 0x12, 0xF6, 0x29, 0xF6, 0xF8,
    0xFE, 0xF9, 0xE7, 0x15, 0x10, 0x17, 0xD8, 0xF4, 0x0E, 0xF1, 0xF1, 0xF9,
    0xE5, 0xFE, 0x06, 0xF9, 0x02, 0x00, 0xEF, 0x15, 0xFF, 0x00, 0x0C, 0xFD,
    0x01, 0xF1, 0xF8, 0x0B, 0x0A, 0x00, 0xEF, 0x1F, 0x00, 0x00, 0xEC, 0xF1,
    0x32, 0xD1, 0x0D, 0x02, 0xF8, 0x10, 0xFA, 0x1B, 0xE1, 0x0D, 0xF5, 0xFD,
    0xFC, 0xED, 0x12, 0xF5, 0x15, 0xE8, 0x1A, 0x0D, 0xF9, 0x08, 0xF1, 0xF6,
    0x19, 0xF9, 0xFE, 0x19, 0xF7, 0x0A, 0xE4, 0x16, 0xFC, 0x01, 0xF9, 0x00,
    0x08, 0x0E, 0x09, 0xF0, 0xED, 0x0B, 0x0A, 0x18, 0xFD, 0xEE, 0x06, 0x0F,
    0x06, 0xEE, 0x18, 0xF4, 0x03, 0xF5, 0xF1, 0x21, 0xF8, 0xF0, 0xFF, 0x10,
    0x00, 0x06, 0x16, 0xF1, 0x02, 0xFD, 0x09, 0x02, 0x16, 0xFB, 0xF8, 0xFC,
    0xFE, 0xEE, 0x22, 0xE5, 0x02, 0x0A, 0xF7, 0x12, 0xFA, 0x00, 0xF8, 0x10,
    0xFF, 0x0C, 0xF3, 0xF7, 0x10, 0xE3, 0x11, 0xFD, 0xEC, 0x09, 0x15, 0xC4,
    0x28, 0xFA, 0x04, 0xE5, 0x09, 0x18, 0xE8, 0x09, 0xFD, 0xF1, 0xF1, 0xFB,
    0xEC, 0x03, 0xFF, 0xFB, 0x0A, 0xEE, 0x02, 0x0E, 0xF6, 0xFC, 0xF2, 0x0E,
    0x09, 0x02, 0x02, 0xF5, 0x0D, 0x06, 0x0B, 0xE8, 0x0B, 0xF1, 0x01, 0x0B,
    0xFF, 0x01, 0xF7, 0x0D, 0xF7, 0xFA, 0x03, 0x06, 0xEE, 0x0A, 0xFF, 0x10,
    0xFD, 0xE4, 0x1C, 0xF5, 0x07, 0xEF, 0xFD, 0xF5, 0xF7, 0x0A, 0xF7, 0xF3,
    0x08, 0xFE, 0xEB, 0xF8, 0x03, 0xFB, 0x06, 0xF9, 0xF2, 0x0E, 0xFA, 0x08,
    0xEE, 0xF0, 0x03, 0xFC, 0xF8, 0x0D, 0x01, 0xF2, 0x03, 0xF3, 0x0D, 0x00,
    0x08, 0xEE, 0x0E, 0x0A, 0x0E, 0xFB, 0x04, 0x05, 0x07, 0x14, 0xE0, 0x0B,
    0xF8, 0xFD, 0xF0, 0x08, 0x09, 0xF9, 0x00, 0xED, 0x0B, 0xFD, 0x0A, 0x01,
    0xF8, 0x01, 0x02, 0xFF, 0xFA, 0x01, 0x04, 0x16, 0xFE, 0xEE, 0x04, 0x14,
    0xE5, 0xFB, 0x15, 0xEA, 0x15, 0xEF, 0x02, 0xFC, 0xFA, 0x03, 0xF5, 0xFB,
    0xDE, 0x33, 0xF6, 0x00, 0xFF, 0x00, 0xFF, 0xFF, 0x0B, 0xFC, 0xFE, 0x04,
    0xF5, 0xF8, 0x0A, 0x01, 0xFD, 0x01, 0x04, 0xE5, 0x17, 0xF8, 0x09, 0xED,
    0x11, 0xFF, 0xFB, 0x0D, 0xF0, 0x0B, 0xF3, 0xFF, 0xF6, 0x06, 0xFA, 0x04,
    0xEE, 0x07, 0xFA, 0x05, 0xFC, 0xFF, 0xF4, 0x0A, 0x01, 0xF0, 0x05, 0x08,
    0xFF, 0x03, 0xEB, 0x0C, 0x00, 0x01, 0xFD, 0xFB, 0x05, 0xF3, 0x03, 0x01,
    0x06, 0x02, 0x04, 0xF3, 0xFE, 0x02, 0x02, 0xF2, 0x08, 0xFA, 0xFF, 0x06,
    0x08, 0xFB, 0xF3, 0x0C, 0xF5, 0xF6, 0x19, 0x04, 0xFD, 0xF5, 0x00, 0x04,
    0x04, 0xF8, 0xF5, 0x0B, 0xF9, 0x05, 0xE3, 0x0D, 0x00, 0xFB, 0xF8, 0xF4,
    0x0B, 0x03, 0xFB, 0xEF, 0x03, 0xFE, 0x09, 0x01, 0xE3, 0x06, 0x02, 0x00,
    0xF7, 0xF8, 0x09, 0x04, 0xF9, 0x03, 0xFB, 0x07, 0x08, 0xFC, 0xFB, 0x12,
    0x04, 0xF1, 0x04, 0xFF, 0xFA, 0x05, 0x08, 0xEC, 0x02, 0x02, 0x04, 0xF6,
    0x06, 0xF4, 0x0F, 0x06, 0xFB, 0x05, 0xF2, 0x10, 0xF3, 0x08, 0xFA, 0x09,
    0xF8, 0x01, 0xFF, 0xFB, 0x0C, 0xEB, 0x05, 0x03, 0xF4, 0x14, 0xF3, 0xFB,
    0xF7, 0x08, 0x0B, 0xE4, 0x09, 0xFE, 0x02, 0xEF, 0x06, 0xFE, 0x06, 0xFC,
    0xF6, 0x04, 0x01, 0xFD, 0x0F, 0x00, 0xEA, 0x0B, 0x05, 0x0B, 0xF3, 0x07,
    0xF6, 0x01, 0xF6, 0x00, 0xFD, 0xFE, 0x01, 0xF8, 0x09, 0x03, 0xF1, 0x01,
    0x01, 0xF2, 0x0C, 0xF6, 0x17, 0xEC, 0x14, 0xFD, 0xF4, 0x11, 0xF3, 0x01,
    0xFC, 0x01, 0xF7, 0x06, 0x07, 0xF4, 0xFF, 0xF9, 0x03, 0xF7, 0x00, 0x01,
    0xF8, 0xFB, 0x0C, 0x01, 0x0C, 0xF1, 0xFD, 0xFC, 0x03, 0xFE, 0xFA, 0x03,
    0xFC, 0x04, 0xFB, 0xFF, 0xF8, 0xFF, 0x10, 0xF8, 0x0B, 0x04, 0xFD, 0xFF,
    0x03, 0xF4, 0xF4, 0x06, 0xEF, 0x0E, 0xFF, 0xF6, 0x01, 0xFE, 0xFE, 0xEF,
    0x11, 0xF3, 0x04, 0x04, 0xFA, 0xF9, 0x11, 0xEF, 0x03, 0x00, 0x0A, 0x01,
    0xF4, 0x0C, 0xFA, 0x01, 0xF6, 0xFC, 0xFC, 0x0A, 0xFD, 0xF7, 0x07, 0xF8,
    0x08, 0x05, 0xF7, 0x01, 0xFD, 0xFF, 0xFC, 0xFE, 0x06, 0xF1, 0x11, 0xFA,
    0xFB, 0x04, 0xFC, 0x09, 0xF2, 0x13, 0xFB, 0x07, 0xFB, 0xFB, 0x0A, 0xFA,
    0xFE, 0xF5, 0x05, 0xFA, 0x10, 0xFB, 0x01, 0xFC, 0xF7, 0xFE, 0x00, 0x00,
    0xFE, 0xFC, 0xED, 0x0F, 0x00, 0xFE, 0xFE, 0x01, 0x01, 0xFF, 0x04, 0xFB,
    0xFF, 0x0E, 0xE8, 0xFD, 0x0C, 0x0E, 0xED, 0xFF, 0xF7, 0xF1, 0x0D, 0xFE,
    0xFF, 0x00, 0x00, 0x04, 0xFE, 0xFF, 0xFF, 0x04, 0xFD, 0xF6, 0x01, 0x05,
    0xFC, 0xF7, 0x02, 0xFA, 0xFF, 0x08, 0xF8, 0xFE, 0x04, 0x03, 0xF5, 0x03,
    0xFF, 0x06, 0xFE, 0x11, 0xF8, 0xF2, 0x0C, 0xFB, 0xFF, 0xFF, 0x02, 0xFA,
    0x09, 0xFC, 0xFD, 0x07, 0xFC, 0xFA, 0xFF, 0xFD, 0x04, 0x07, 0xFF, 0xF9,
    0xFD, 0x04, 0xFD, 0x01, 0xFC, 0xFC, 0x03, 0x04, 0xFC, 0x01, 0x03, 0x00,
    0x00, 0xF7, 0x09, 0xF5, 0x03, 0xFC, 0xF8, 0x03, 0x07, 0xFC, 0xFF, 0x05,
    0x09, 0x03, 0xFE, 0xFF, 0x00, 0x05, 0xF9, 0x05, 0xFE, 0xF7, 0xF8, 0x08,
    0xFD, 0xF7, 0x0C, 0xEF, 0xF5, 0xF8, 0x03, 0xFD, 0x06, 0xFE, 0x00, 0xFB,
    0xF2, 0x08, 0xF1, 0xF7, 0x10, 0xFA, 0xF9, 0x02, 0x06, 0xF2, 0x0B, 0xFD,
    0x02, 0x07, 0xF8, 0xFC, 0xF6, 0xFE, 0x07, 0x06, 0xF4, 0xFD, 0x08, 0xFE,
    0xFF, 0x05, 0x0E, 0xF0, 0x02, 0x04, 0x01, 0x00, 0x03, 0x05, 0xF0, 0x05,
    0xF4, 0x0D, 0xF4, 0x05, 0x01, 0x06, 0xFC, 0xFD, 0x0A, 0xF8, 0xF1, 0xFD,
    0xF4, 0x03, 0xFE, 0xFC, 0xF8, 0xFE, 0xF9, 0xFF, 0xFB, 0xF9, 0x03, 0xEF,
    0x07, 0xF8, 0x04, 0xFD, 0xFD, 0x10, 0x05, 0xF8, 0x02, 0x01, 0xE7, 0x0F,
    0xFE, 0xF1, 0x07, 0xFB, 0x08, 0x07, 0xF0, 0x07, 0x02, 0xF4, 0xF4, 0x16,
    0xF9, 0xF9, 0x0E, 0xF8, 0x00, 0x06, 0x08, 0xFA, 0x07, 0xF9, 0xFF, 0x0D,
    0xF2, 0x00, 0xF2, 0x07, 0xF8, 0x05, 0xFA, 0xFD, 0xFE, 0xFF, 0x00, 0xFB,
    0x03, 0xFA, 0x06, 0xF5, 0xFE, 0xF7, 0x05, 0x01, 0x00, 0xFF, 0xFC, 0x12,
    0xF4, 0xF7, 0x06, 0x02, 0xF8, 0xEE, 0x0E, 0xFD, 0x00, 0xF4, 0x08, 0xEF,
    0xFF, 0x09, 0xF3, 0x02, 0xFF, 0x05, 0xFD, 0x02, 0xF8, 0x01, 0xFD, 0x02,
    0xFE, 0xFD, 0x00, 0xFD, 0x03, 0xF3, 0xFC, 0x05, 0xFA, 0x05, 0xF5, 0x07,
    0xED, 0x04, 0x02, 0xF7, 0x06, 0xEF, 0x07, 0xF4, 0x00, 0x01, 0x00, 0xF7,
    0x04, 0x06, 0x01, 0x04, 0xF4, 0x0B, 0xFD, 0xFE, 0x00, 0xFB, 0x05, 0xFE,
    0xF9, 0xFF, 0xFF, 0x02, 0x08, 0xFD, 0xF5, 0x05, 0xFA, 0x04, 0xFB, 0xE9,
    0x09, 0x0B, 0xF5, 0x08, 0x02, 0xFA, 0x09, 0xF9, 0x04, 0x00, 0x01, 0x00,
    0x06, 0x0A, 0xF6, 0x07, 0xFE, 0x07, 0xF5, 0xF9, 0x07, 0xF6, 0x00, 0xF6,
    0x04, 0xF6, 0xFB, 0xFF, 0x04, 0x08, 0xF8, 0x02, 0x00, 0x00, 0x08, 0xFF,
    0x01, 0xF5, 0x0A, 0xFB, 0xFE, 0x05, 0x00, 0xFE, 0xFE, 0x00, 0x00, 0x04,
    0x00, 0x00, 0xFA, 0x06, 0xFF, 0xFE, 0xFB, 0x07, 0xFB, 0x02, 0xFF, 0x01,
    0x0A, 0xF2, 0x0A, 0xF9, 0x03, 0x00, 0xFB, 0x01, 0xF8, 0x05, 0x02, 0xFE,
    0x02, 0x01, 0xFE, 0xF2, 0x08, 0xFB, 0xF9, 0x05, 0xFA, 0x09, 0x01, 0xFA,
    0x00, 0x05, 0xF9, 0x00, 0xF8, 0x05, 0x00, 0xFF, 0x01, 0xF8, 0xF9, 0xFA,
    0x07, 0xEE, 0x02, 0xFB, 0x04, 0xF2, 0x05, 0x00, 0xF7, 0x0E, 0xF0, 0x06,
    0x03, 0xFD, 0x02, 0x0C, 0xFD, 0xF9, 0xFE, 0x09, 0xFE, 0x06, 0xFC, 0x05,
    0xFC, 0x06, 0x03, 0xF4, 0x0B, 0xF7, 0x01, 0xF9, 0x04, 0xF8, 0x00, 0x0B,
    0xFE, 0xFC, 0xF8, 0x06, 0xFF, 0x00, 0x0A, 0xFF, 0x00, 0xFD, 0x05, 0xFB,
    0xFC, 0xF4, 0x00, 0xFE, 0x04, 0x06, 0xF4, 0xFB, 0xF5, 0x01, 0xFE, 0x00,
    0xF5, 0xF8, 0x09, 0xF8, 0x04, 0xFC, 0xFB, 0xF9, 0xFF, 0x06, 0xF8, 0x0E,
    0x02, 0xFD, 0x01, 0x05, 0x01, 0x01, 0x08, 0xF4, 0x01, 0xFC, 0x03, 0xFE,
    0xF8, 0x01, 0xFA, 0xFD, 0x02, 0xFD, 0xFF, 0xFA, 0x06, 0xFE, 0x03, 0xFE,
    0x04, 0xFE, 0x00, 0x04, 0xFE, 0x05, 0xFF, 0x01, 0x0A, 0xFA, 0xF9, 0xFE,
    0xF8, 0x03, 0xFC, 0xF8, 0x03, 0xF5, 0x03, 0x08, 0xFD, 0xFB, 0xFD, 0x05,
    0x02, 0xF9, 0xF9, 0x01, 0xFD, 0x04, 0xFE, 0x00, 0x06, 0x04, 0xFC, 0x0A,
    0xF7, 0xFC, 0x00, 0x06, 0x04, 0xF9, 0x07, 0xFE, 0xF9, 0xFC, 0xFD, 0xFC,
    0x01, 0x03, 0xF7, 0x01, 0xF4, 0xFD, 0x02, 0xF4, 0x05, 0xF8, 0x05, 0xFD,
    0x05, 0x05, 0xFD, 0xFD, 0xFD, 0x08, 0x03, 0xF8, 0x00, 0xFB, 0x07, 0x00,
    0x01, 0x01, 0x03, 0xFF, 0xFA, 0xFE, 0x02, 0x02, 0xF8, 0x08, 0xFA, 0xFB,
    0xF3, 0x04, 0x02, 0xF9, 0xFF, 0x03, 0xFB, 0x00, 0x00, 0xFF, 0x04, 0xFC,
    0x00, 0x06, 0xFF, 0xFC, 0xFE, 0x09, 0xFE, 0x04, 0xFC, 0xFF, 0xFC, 0x01,
    0xFF, 0xFA, 0xFB, 0x04, 0xFB, 0xFF, 0xFD, 0xFF, 0xFA, 0x0B, 0xFC, 0xFB,
    0x00, 0xF6, 0x04, 0xFB, 0x07, 0xFC, 0xFD, 0x01, 0xFE, 0x00, 0xFD, 0xFB,
    0xFD, 0x07, 0xFF, 0x04, 0xFF, 0xFE, 0xFA, 0x02, 0xFC, 0x02, 0xF9, 0xFD,
    0x02, 0xF9, 0x05, 0xFA, 0x05, 0xFB, 0x04, 0x08, 0xF8, 0x00, 0x00, 0x06,
    0xFA, 0x03, 0xFC, 0xFF, 0x03, 0x02, 0xFB, 0xFE, 0x02, 0xFD, 0xFA, 0x06,
    0xF4, 0xFF, 0x05, 0xF8, 0xFF, 0xF8, 0x0C, 0x02, 0xF4, 0x02, 0xFE, 0xFD,
    0x03, 0x01, 0xFB, 0x0A, 0xF7, 0xFB, 0x07, 0xFD, 0xF8, 0x07, 0xFC, 0xFF,
    0x03, 0xFC, 0x04, 0xFA, 0x05, 0xF9, 0x02, 0xFE, 0x03, 0xF5, 0x02, 0x0A,
    0xF9, 0x07, 0xF3, 0x08, 0xFA, 0xFD, 0x04, 0x01, 0xFB, 0xF9, 0x02, 0xFE,
    0x00, 0x01, 0xFF, 0xFE, 0x02, 0xFC, 0xFF, 0xFF, 0xFE, 0xFF, 0xFC, 0xFB,
    0x01, 0x04, 0x01, 0xFB, 0xFA, 0x06, 0x04, 0xF8, 0x02, 0xFA, 0xF8, 0x02,
    0x03, 0xFE, 0x03, 0x02, 0xF9, 0xFA, 0x00, 0x02, 0xFB, 0xFA, 0x01, 0xFC,
    0x06, 0xFE, 0x00, 0x06, 0xFF, 0x00, 0x03, 0x03, 0x01, 0x03, 0xFF, 0xFA,
    0x08, 0x00, 0xFB, 0x08, 0xF6, 0xFF, 0xFF, 0xFB, 0x03, 0xFD, 0xF7, 0xF6,
    0x03, 0xFB, 0xFD, 0x02, 0x02, 0xFE, 0xFE, 0x02, 0x00, 0xFE, 0x02, 0x05,
    0x00, 0xFF, 0x05, 0x02, 0xFA, 0x00, 0x01, 0xFE, 0x03, 0x02, 0x03, 0x01,
    0xFC, 0xFA, 0x03, 0x05, 0xFD, 0xF7, 0x03, 0xF1, 0x04, 0x05, 0xF8, 0xFD,
    0x03, 0xFF, 0xFB, 0x06, 0xFD, 0x01, 0x03, 0xFD, 0x04, 0x03, 0xFF, 0x00,
    0x01, 0x01, 0xFD, 0xF5, 0x02, 0x04, 0xFD, 0x01, 0xF2, 0xFE, 0x02, 0xF9,
    0xFB, 0x00, 0xFE, 0xFF, 0x01, 0x01, 0x00, 0x01, 0x03, 0xFD, 0xFA, 0x00,
    0x04, 0xFC, 0xFB, 0xFF, 0x01, 0xFB, 0xFF, 0x01, 0x00, 0xFA, 0xFA, 0x03,
    0xF7, 0x07, 0xFF, 0x01, 0xF8, 0xFC, 0x04, 0x02, 0x02, 0xFC, 0x02, 0x03,
    0xFD, 0x05, 0xFC, 0xFA, 0x08, 0xF8, 0xFC, 0x06, 0xFD, 0x01, 0xFA, 0xFD,
    0xFD, 0x02, 0xFF, 0xFD, 0x00, 0xFD, 0xFC, 0x04, 0xF3, 0xFE, 0x06, 0xFF,
    0xFD, 0xFD, 0x03, 0xFD, 0x01, 0x00, 0xFD, 0x01, 0x01, 0x02, 0xF8, 0x02,
    0xFC, 0x01, 0x01, 0xFD, 0x02, 0xFB, 0x01, 0xF4, 0x00, 0xFB, 0x00, 0xFE,
    0xFE, 0x02, 0x01, 0x01, 0xFD, 0xFF, 0xFF, 0x03, 0xF8, 0x02, 0xFC, 0x03,
    0xFE, 0x01, 0x01, 0xFF, 0x02, 0x02, 0xFE, 0xFB, 0x00, 0x01, 0xFA, 0xFE,
    0x05, 0xFE, 0xFF, 0xF9, 0x00, 0xFD, 0xFB, 0x01, 0xFA, 0x01, 0xFC, 0x03,
    0xFC, 0xFF, 0x03, 0xFB, 0x02, 0x01, 0x01, 0x00, 0x03, 0x00, 0xFA, 0x06,
    0xF8, 0x01, 0x02, 0xFB, 0xFF, 0x00, 0x01, 0xFC, 0x00, 0xFD, 0xFF, 0xFF,
    0x02, 0xFF, 0x00, 0xFE, 0x00, 0x01, 0xFE, 0x00, 0x02, 0xFA, 0xFD, 0x02,
    0xFC, 0xF9, 0x02, 0x03, 0xF9, 0xFE, 0xFD, 0x02, 0x01, 0xFB, 0xFF, 0x02,
    0xFD, 0xFD, 0x05, 0xFA, 0x02, 0xFC, 0x03, 0xFC, 0x00, 0xFD, 0xFB, 0xFE,
    0xFD, 0x04, 0xFE, 0x00, 0x05, 0xFA, 0xFE, 0xFF, 0xFA, 0x04, 0xFF, 0xFF,
    0x01, 0xFD, 0x02, 0x04, 0xFF, 0xFB, 0xFE, 0xFF, 0x01, 0xFE, 0x04, 0xFC,
    0xFE, 0xFE, 0xFD, 0xFE, 0x00, 0xFE, 0xFE, 0xFF, 0xFB, 0x05, 0xFB, 0xFB,
    0x02, 0x01, 0xFC, 0xFE, 0x01, 0xF3, 0x06, 0xFE, 0xF9, 0x00, 0xFE, 0x04,
    0xFE, 0xFB, 0x00, 0xFA, 0x04, 0xF8, 0x03, 0xFA, 0xFF, 0x04, 0xFA, 0x03,
    0xFA, 0x03, 0x00, 0xFE, 0x01, 0xFF, 0xFD, 0xFD, 0x02, 0x02, 0xFD, 0x04,
    0x03, 0x01, 0xFE, 0x00, 0xFF, 0xFD, 0x03, 0x00, 0x01, 0xFF, 0xFE, 0x04,
    0x00, 0x00, 0xFA, 0xFB, 0x04, 0x01, 0xFA, 0xFC, 0x03, 0xFF, 0xFD, 0x02,
    0x01, 0xFB, 0x01, 0xFD, 0xFF, 0xFD, 0xFD, 0xFE, 0x04, 0x02, 0xFE, 0x01,
    0xFB, 0x01, 0xFE, 0xFF, 0xF7, 0xFE, 0x02, 0xFC, 0x07, 0xFA, 0xFD, 0x02,
    0xFC, 0x01, 0xFB, 0x05, 0xFC, 0x00, 0x02, 0xFC, 0x01, 0x00, 0xFC, 0x01,
    0xFE, 0x04, 0xFD, 0x00, 0xFE, 0x05, 0x01, 0xFE, 0x03, 0xF8, 0xFE, 0x01,
    0xFC, 0xFC, 0x01, 0x00, 0xFF, 0xFE, 0xFB, 0xFF, 0x02, 0xF9, 0xFA, 0x03,
    0xF7, 0x06, 0xFF, 0xFC, 0xFE, 0x02, 0x03, 0x01, 0x00, 0xFA, 0x04, 0xFC,
    0x02, 0xFE, 0xFF, 0x05, 0xFD, 0xFB, 0xFD, 0x04, 0xFD, 0xFC, 0x03, 0xFC,
    0x00, 0x02, 0xFD, 0x01, 0xFD, 0x00, 0x00, 0x00, 0xFF, 0xFE, 0x06, 0xF9,
    0x02, 0x03, 0xFF, 0x00, 0xFF, 0x00, 0xFC, 0xFD, 0xFF, 0xFE, 0xFF, 0x02,
    0xFC, 0x01, 0xFE, 0xFF, 0xFE, 0x00, 0xFF, 0xFF, 0xFB, 0x04, 0xFF, 0xFD,
    0xFF, 0x01, 0xFE, 0x00, 0xFF, 0xFD, 0x01, 0xF9, 0x02, 0x03, 0xFC, 0x00,
    0x04, 0xF9, 0x01, 0x03, 0xFF, 0x00, 0xFF, 0x02, 0x01, 0xFD, 0xFE, 0x04,
    0xFD, 0xFD, 0xFD, 0xFD, 0x03, 0xFF, 0xFE, 0xFB, 0x00, 0x01, 0xFF, 0xFE,
    0x00, 0xFF, 0xFD, 0xFD, 0x01, 0x00, 0x00, 0xFD, 0xFC, 0x04, 0xFB, 0x01,
    0xFC, 0x01, 0xFF, 0xFD, 0xFD, 0x00, 0xFF, 0xFE, 0x06, 0xFD, 0xFD, 0x04,
    0xFE, 0x01, 0xFF, 0xFD, 0xFF, 0xFE, 0xFE, 0x01, 0x01, 0x01, 0xFD, 0x00,
    0xFD, 0xFF, 0xFC, 0x02, 0x02, 0xF8, 0x05, 0xFC, 0xFF, 0xFE, 0xFF, 0x02,
    0xFD, 0xFD, 0xFF, 0x00, 0xFF, 0xFE, 0xFD, 0x02, 0xFC, 0x00, 0xFC, 0xFF,
    0xFC, 0x02, 0x04, 0xFA, 0x04, 0x00, 0xFE, 0x01, 0xFF, 0xF8, 0x05, 0x00,
    0xFC, 0x02, 0x02, 0xFD, 0xFF, 0x03, 0xFC, 0xFB, 0xFF, 0x00, 0xFD, 0x00,
    0xFC, 0xFF, 0x02, 0x02, 0x01, 0x01, 0x01, 0xFB, 0x02, 0xFF, 0x01, 0xFF,
    0xFF, 0x01, 0xFD, 0x00, 0xFD, 0xFE, 0xFF, 0xFE, 0xFC, 0x01, 0xFC, 0x01,
    0x01, 0xFE, 0xFD, 0xFF, 0x01, 0xFD, 0x01, 0xFE, 0x00, 0xFE, 0x00, 0xFD,
    0x00, 0xFD, 0xFE, 0x01, 0xFC, 0x03, 0x02, 0xFB, 0xFE, 0x05, 0xFA, 0xFF,
    0x00, 0x00, 0xFE, 0x02, 0xF9, 0x01, 0xFF, 0xFE, 0x00, 0xFD, 0xFE, 0x02,
    0xFF, 0xFC, 0x00, 0x02, 0xFF, 0xFD, 0xFF, 0xFF, 0x01, 0x01, 0xFE, 0x00,
    0xFE, 0x02, 0xFE, 0xFD, 0xFF, 0x00, 0xFE, 0xFB, 0x00, 0x00, 0xFF, 0xFC,
    0xFE, 0xFE, 0xFC, 0x01, 0xFD, 0xFC, 0xFD, 0xFF, 0x01, 0xFD, 0xFF, 0x01,
    0x01, 0x01, 0xFE, 0x00, 0x00, 0x00, 0xFD, 0xFF, 0xFF, 0xFF, 0xFF, 0x01,
    0xFB, 0xFF, 0x01, 0x00, 0xFF, 0xFE, 0xFE, 0x00, 0x00, 0xFF, 0x00, 0x02,
    0xFC, 0x00, 0xFC, 0x03, 0xFE, 0x00, 0xFC, 0x01, 0xFF, 0xFC, 0x01, 0xFB,
    0x00, 0xFB, 0x01, 0x02, 0xFC, 0x01, 0x02, 0xFE, 0xFE, 0xFF, 0xFE, 0x01,
    0xFB, 0x02, 0x00, 0x00, 0xFC, 0x01, 0xFF, 0xFE, 0xFF, 0xFC, 0x02, 0xF8,
    0x00, 0x01, 0x00, 0xFD, 0x03, 0xFC, 0x00, 0x01, 0xFE, 0x00, 0x00, 0xFD,
    0x00, 0x01, 0x00, 0x02, 0xFC, 0x02, 0x02, 0x00, 0xFD, 0x00, 0xFC, 0xFE,
    0x04, 0xFA, 0x02, 0x00, 0x01, 0xFD, 0xFF, 0x01, 0xFD, 0x00, 0xFC, 0xFC,
    0x00, 0xFD, 0xFE, 0x03, 0xFB, 0x03, 0xFB, 0x00, 0x01, 0x01, 0xFF, 0xFE,
    0x00, 0xFA, 0x00, 0x00, 0x00, 0x00, 0x00, 0xFE, 0xFF, 0xFF, 0xFF, 0x00,
    0x02, 0xFA, 0x01, 0xFF, 0xFD, 0x01, 0xFF, 0xFF, 0x00, 0xFD, 0xFF, 0x01,
    0x00, 0xFD, 0x02, 0xFD, 0x01, 0x00, 0xFD, 0x00, 0xFB, 0xFC, 0xFF, 0xFE,
    0xFF, 0x00, 0xFF, 0xFD, 0xFE, 0xFF, 0xFC, 0x01, 0xFD, 0x00, 0xFE, 0xFF,
    0x00, 0x01, 0xFD, 0xFD, 0x01, 0xFF, 0x01, 0xFE, 0xFF, 0x01, 0xFD, 0x00,
    0xFD, 0x00, 0x00, 0xFE, 0xFD, 0xFE, 0xFE, 0xFF, 0x01, 0xFD, 0xFC, 0x01,
    0xFF, 0xFD, 0xFF, 0xF9, 0x02, 0xFE, 0xFE, 0xFF, 0x01, 0xFE, 0x00, 0xFD,
    0x00, 0x01, 0xFD, 0xFE, 0xFE, 0xFF, 0xFC, 0x01, 0xFE, 0x00, 0xFF, 0xFE,
    0xFE, 0x00, 0x00, 0xFD, 0x00, 0xFB, 0x03, 0x00, 0x00, 0xFE, 0xFE, 0xFF,
    0xFF, 0x01, 0xFF, 0xFF, 0x01, 0xFF, 0xFD, 0x01, 0xFF, 0xFF, 0xFF, 0xFF,
    0xFE, 0x00, 0xFE, 0x00, 0x00, 0xFE, 0x01, 0x00, 0xFF, 0x00, 0x01, 0xFF,
    0xFF, 0xFF, 0x00, 0x01, 0x00, 0x00, 0x00, 0x00, 0x00, 0x00, 0xFF, 0x00,
    0x00, 0x00, 0xFF, 0x00, 0x00, 0x00, 0x00, 0x00, 0x00, 0x00, 0x00, 0x00,
    0x00, 0x00, 0xFF, 0xEB, 0xF9, 0x34, 0x20, 0x07, 0x1C, 0x0D, 0xF9, 0x0E,
    0x1E, 0x25, 0x3F, 0x35, 0x28, 0x3B, 0x2E, 0x20, 0x2E, 0x1E, 0x16, 0x1B,
    0x0E, 0x05, 0xFC, 0xFC, 0x0B, 0xFB, 0x04, 0x11, 0x1D, 0x1D, 0x15, 0x16,
    0x05, 0xFC, 0x02, 0x00, 0x08, 0x17, 0x05, 0xFD, 0x16, 0xFD, 0xE7, 0x02,
    0x08, 0xF7, 0xE7, 0xF4, 0x09, 0xF9, 0xFA, 0x01, 0x18, 0x24, 0x23, 0x1B,
    0x16, 0x09, 0xEB, 0xCF, 0xBF, 0xC3, 0xCF, 0xFE, 0x03, 0x16, 0x2D, 0x33,
    0x24, 0x05, 0xFC, 0x0D, 0x43, 0xF5, 0xDB, 0x1E, 0x14, 0x4A, 0x7C, 0x7C,
    0x7A, 0x7F, 0x32, 0x01, 0x7B, 0x5B, 0x30, 0x68, 0x72, 0x76, 0x77, 0x72,
    0x46, 0xFC, 0xDC, 0xC7, 0x95, 0x80, 0x86, 0xF3, 0xE8, 0xBD, 0xF6, 0xA6,
    0x80, 0xC3, 0x9C, 0x80, 0xF8, 0xE5, 0x86, 0xDB, 0xCF, 0xAB, 0x90, 0x84,
    0x80, 0xD8, 0xBE, 0x80, 0x17, 0x23, 0xC5, 0x1C, 0x38, 0x03, 0xA4, 0x80,
    0x9D, 0xCE, 0xEE, 0xE0, 0x13, 0x6C, 0x7E, 0x41, 0x31, 0x6E, 0x45, 0x13,
    0xEE, 0x12, 0x54, 0x6F, 0x51, 0x40, 0x34, 0x07, 0xC2, 0xA7, 0x00, 0x12,
    0x03, 0xB4, 0xBF, 0x71, 0x01, 0xE0, 0x79, 0x0C, 0xD8, 0x6C, 0x22, 0x0B,
    0x6D, 0x7F, 0x7A, 0x7E, 0x47, 0x25, 0x1E, 0xC9, 0xD6, 0x7D, 0x7D, 0x7A,
    0x7A, 0x60, 0x55, 0x46, 0x31, 0x22, 0x12, 0xFD, 0xED, 0xD3, 0xCF, 0xAC,
    0x98, 0x8C, 0x80, 0x82, 0x85, 0x81, 0x80, 0x80, 0x80, 0x80, 0x80, 0x80,
    0x80, 0x80, 0x80, 0x80, 0x80, 0x80, 0x81, 0x80, 0x8B, 0x92, 0xD6, 0x25,
    0x70, 0x7F, 0x79, 0x7E, 0x7B, 0x7C, 0x7C, 0x7C, 0x7C, 0x7C, 0x7C, 0x7C,
    0x7C, 0x7C, 0x7C, 0x7C, 0x7D, 0x79, 0x7A, 0x7D, 0x7C, 0x7C, 0x7D, 0x7A,
    0x7F, 0x78, 0x4E, 0x5A, 0x2D, 0x14, 0x07, 0xDB, 0xCD, 0xC5, 0x97, 0x86,
    0x82, 0x80, 0x80, 0x80, 0x80, 0x80, 0x80, 0x80, 0x80, 0x80, 0x80, 0x80,
    0x80, 0x80, 0x80, 0x80, 0x80, 0x80, 0x80, 0x80, 0x80, 0x80, 0x80, 0x87,
    0xA7, 0xC1, 0xE3, 0x01, 0x25, 0x48, 0x5C, 0x6A, 0x7B, 0x7D, 0x7C, 0x7C,
    0x7C, 0x7C, 0x7C, 0x7C, 0x7C, 0x7C, 0x7C, 0x7C, 0x7C, 0x7C, 0x7C, 0x7C,
    0x7C, 0x7C, 0x7C, 0x7C, 0x7C, 0x7C, 0x7A, 0x61, 0x3C, 0x20, 0x0B, 0xFC,
    0xE3, 0xCC, 0xB3, 0xA5, 0x97, 0x8A, 0x81, 0x80, 0x80, 0x80, 0x80, 0x80,
    0x80, 0x80, 0x80, 0x80, 0x80, 0x80, 0x80, 0x80, 0x80, 0x80, 0x80, 0x81,
    0x80, 0x87, 0xA6, 0xC5, 0xEA, 0x0B, 0x25, 0x36, 0x49, 0x64, 0x78, 0x7D,
    0x7B, 0x7C, 0x7C, 0x7C, 0x7C, 0x7C, 0x7C, 0x7C, 0x7C, 0x7C, 0x7C, 0x7C,
    0x7C, 0x7C, 0x7C, 0x7C, 0x7C, 0x7C, 0x7C, 0x7C, 0x7C, 0x66, 0x4C, 0x30,
    0x12, 0x01, 0xE6, 0xCD, 0xBE, 0xAC, 0x97, 0x85, 0x83, 0x80, 0x80, 0x80,
    0x80, 0x80, 0x80, 0x80, 0x80, 0x80, 0x80, 0x80, 0x80, 0x80, 0x80, 0x80,
    0x80, 0x80, 0x81, 0x80, 0x85, 0x9F, 0xBD, 0xE3, 0x03, 0x21, 0x3B, 0x4D,
    0x5F, 0x78, 0x7D, 0x7C, 0x7C, 0x7C, 0x7C, 0x7C, 0x7C, 0x7C, 0x7C, 0x7C,
    0x7C, 0x7C, 0x7C, 0x7C, 0x7C, 0x7C, 0x7C, 0x7C, 0x7C, 0x7C, 0x7D, 0x73,
    0x52, 0x3F, 0x31, 0x13, 0x02, 0xE0, 0xCD, 0xB8, 0xA5, 0x95, 0x88, 0x80,
    0x80, 0x80, 0x80, 0x80, 0x80, 0x80, 0x80, 0x80, 0x80, 0x80, 0x80, 0x80,
    0x80, 0x80, 0x80, 0x80, 0x80, 0x80, 0x80, 0x81, 0x99, 0xB6, 0xD1, 0xEF,
    0x13, 0x31, 0x4D, 0x5C, 0x6A, 0x7D, 0x7B, 0x7C, 0x7C, 0x7C, 0x7C, 0x7C,
    0x7C, 0x7C, 0x7C, 0x7C, 0x7C, 0x7C, 0x7C, 0x7C, 0x7C, 0x7C, 0x7C, 0x7C,
    0x7C, 0x7D, 0x79, 0x6D, 0x4B, 0x33, 0x21, 0x06, 0xEE, 0xD5, 0xBD, 0xA9,
    0x9D, 0x8F, 0x81, 0x80, 0x80, 0x80, 0x80, 0x80, 0x80, 0x80, 0x80, 0x80,
    0x80, 0x80, 0x80, 0x80, 0x80, 0x80, 0x80, 0x80, 0x80, 0x80, 0x80, 0x94,
    0xB8, 0xCD, 0xDE, 0xCA, 0xC1, 0xD1, 0xE2, 0xED, 0xF4, 0x00, 0x04, 0x14,
    0x1D, 0x2A, 0x2F, 0x36, 0x3C, 0x43, 0x4F, 0x51, 0x53, 0x53, 0x55, 0x5E,
    0x60, 0x5E, 0x61, 0x63, 0x62, 0x68, 0x6B, 0x6C, 0x70, 0x7C, 0x7C, 0x7C,
    0x7C, 0x7C, 0x7C, 0x7C, 0x7C, 0x7C, 0x7C, 0x7C, 0x7C, 0x7C, 0x7C, 0x7C,
    0x7D, 0x79, 0x61, 0x48, 0x38, 0x26, 0x0E, 0xFA, 0xE4, 0xDA, 0xD4, 0xC0,
    0xB3, 0xA9, 0x9D, 0x9C, 0x91, 0x8A, 0x87, 0x81, 0x80, 0x80, 0x80, 0x80,
    0x80, 0x80, 0x80, 0x80, 0x80, 0x80, 0x80, 0x80, 0x80, 0x80, 0x80, 0x80,
    0x80, 0x80, 0x80, 0x80, 0x80, 0x80, 0x80, 0x80, 0x80, 0x80, 0x82, 0x8D,
    0xA4, 0xB8, 0xC7, 0xDD, 0xF2, 0xFC, 0x02, 0x13, 0x1B, 0x28, 0x35, 0x3F,
    0x46, 0x46, 0x54, 0x5F, 0x6F, 0x7D, 0x7C, 0x7C, 0x7C, 0x7C, 0x7C, 0x7C,
    0x7C, 0x7C, 0x7C, 0x7C, 0x7C, 0x7C, 0x7C, 0x7C, 0x7C, 0x7A, 0x6A, 0x51,
    0x3A, 0x23, 0x15, 0x02, 0xF6, 0xE8, 0xD4, 0xCC, 0xC4, 0xBE, 0xB6, 0xA9,
    0xA2, 0x9D, 0x9C, 0x98, 0x91, 0x8D, 0x83, 0x80, 0x80, 0x80, 0x80, 0x80,
    0x80, 0x80, 0x80, 0x80, 0x80, 0x80, 0x80, 0x80, 0x80, 0x80, 0x80, 0x80,
    0x80, 0x80, 0x80, 0x80, 0x80, 0x8A, 0xA4, 0xBC, 0xCC, 0xE2, 0xF1, 0xFE,
    0x0B, 0x19, 0x27, 0x2F, 0x31, 0x40, 0x4B, 0x51, 0x5B, 0x5F, 0x65, 0x75,
    0x7B, 0x7C, 0x7C, 0x7C, 0x7C, 0x7C, 0x7C, 0x7C, 0x7C, 0x7C, 0x7C, 0x7C,
    0x7C, 0x7C, 0x7C, 0x7B, 0x7D, 0x6E, 0x56, 0x45, 0x30, 0x21, 0x07, 0x00,
    0xED, 0xDE, 0xD7, 0xCB, 0xBF, 0xB5, 0xB4, 0xA9, 0x9F, 0x9A, 0x90, 0x87,
    0x89, 0x81, 0x80, 0x80, 0x80, 0x80, 0x80, 0x80, 0x80, 0x80, 0x80, 0x80,
    0x80, 0x80, 0x80, 0x80, 0x80, 0x80, 0x80, 0x80, 0x80, 0x80, 0x81, 0x80,
    0x89, 0xA7, 0xB9, 0xC5, 0xD8, 0xEE, 0xF9, 0x0C, 0x16, 0x1F, 0x28, 0x35,
    0x42, 0x4C, 0x53, 0x54, 0x5B, 0x63, 0x74, 0x7D, 0x7C, 0x7C, 0x7C, 0x7C,
    0x7C, 0x7C, 0x7C, 0x7C, 0x7C, 0x7C, 0x7C, 0x7C, 0x7C, 0x7C, 0x7C, 0x7B,
    0x6D, 0x57, 0x3F, 0x2A, 0x13, 0x08, 0xFC, 0xEE, 0xDE, 0xD4, 0xC5, 0xC0,
    0xBA, 0xAF, 0xA4, 0x9C, 0x9C, 0x9C, 0x9A, 0x96, 0x8D, 0x84, 0x80, 0x80,
    0x80, 0x80, 0x80, 0x80, 0x80, 0x80, 0x80, 0x80, 0x80, 0x80, 0x80, 0x80,
    0x80, 0x80, 0x80, 0x80, 0x80, 0x80, 0x81, 0x9A, 0xAD, 0xC1, 0xD8, 0xEE,
    0xFC, 0xFF, 0x0D, 0x1E, 0x29, 0x38, 0x3D, 0x3F, 0x4A, 0x4B, 0x5A, 0x5F,
    0x67, 0x77, 0x7C, 0x7C, 0x7C, 0x7C, 0x7C, 0x7C, 0x7C, 0x7B, 0x7E, 0x78,
    0x7F, 0x61, 0x40, 0x74, 0x7D, 0x7A, 0x76, 0x6E, 0x2B, 0x06, 0xC7, 0x98,
    0xB1, 0xA4, 0xBF, 0xD0, 0xE2, 0xD0, 0xC8, 0xF4, 0x14, 0x24, 0x36, 0x1A,
    0xDC, 0xBE, 0xCC, 0xE5, 0x03, 0x00, 0x0B, 0xD9, 0x1A, 0x40, 0x58, 0x4E,
    0x01, 0x23, 0x10, 0xCF, 0xE4, 0xE8, 0xFD, 0xEB, 0xDB, 0x14, 0xE0, 0xBC,
    0xB6, 0xA6, 0xD2, 0xEE, 0xEB, 0xAC, 0xBA, 0xA4, 0xBF, 0xD9, 0xD3, 0x01,
    0x06, 0xCC, 0xED, 0xF7, 0xFB, 0x32, 0x14, 0xF8, 0xD5, 0xA8, 0x97, 0xA1,
    0x88, 0xAD, 0xD7, 0xD8, 0x13, 0xE6, 0xDE, 0xF0, 0xF9, 0x09, 0x0A, 0xE1,
    0xD3, 0x03, 0xFC, 0x03, 0xF3, 0xF0, 0x26, 0x13, 0xF7, 0x14, 0x50, 0x40,
    0x3D, 0x56, 0x37, 0x1A, 0x02, 0xFD, 0xFF, 0xD7, 0xD8, 0xFF, 0xED, 0xD8,
    0x00, 0x0A, 0x3F, 0x57, 0x47, 0x48, 0x01, 0x18, 0x3D, 0xDC, 0xD5, 0x1C,
    0x47, 0x46, 0x34, 0x42, 0x02, 0x00, 0xF5, 0x81, 0x8B, 0xC8, 0xE8, 0xD4,
    0x12, 0xF6, 0xC0, 0xE1, 0xD4, 0xE4, 0x02, 0x1D, 0x19, 0xD1, 0xE0, 0xD3,
    0xD4, 0xFA, 0xEC, 0xE2, 0xD7, 0x16, 0x15, 0xD9, 0xB9, 0xD3, 0xEC, 0x04,
    0xF6, 0x19, 0x33, 0x0E, 0x2D, 0x14, 0x1E, 0x30, 0x02, 0xFD, 0x14, 0xD9,
    0xC4, 0xCD, 0xF8, 0x21, 0x60, 0x60, 0x16, 0xF8, 0x04, 0x0D, 0x30, 0x08,
    0x3B, 0x50, 0x4E, 0x6A, 0x50, 0x34, 0x26, 0x18, 0x03, 0xF1, 0xCE, 0xE4,
    0xE2, 0xD2, 0xED, 0xEE, 0x1C, 0xF3, 0xE8, 0xEE, 0xD3, 0x18, 0x1B, 0xF4,
    0x29, 0x24, 0xFF, 0x0A, 0xEC, 0xCC, 0xEA, 0xF9, 0xFD, 0xEE, 0xFA, 0xED,
    0xE9, 0x10, 0x31, 0x2C, 0x24, 0x22, 0x2C, 0x06, 0x1B, 0x15, 0x06, 0x21,
    0x12, 0xF7, 0x07, 0x1C, 0x30, 0x39, 0x28, 0x2A, 0x26, 0xF3, 0xAB, 0xCF,
    0xCB, 0xD2, 0x0A, 0x3F, 0x3A, 0xFF, 0x04, 0x0D, 0xF6, 0x12, 0x07, 0xFC,
    0x00, 0x02, 0x2C, 0x1B, 0xFE, 0xFE, 0x01, 0xFA, 0x08, 0x29, 0xFB, 0x00,
    0x0A, 0xF8, 0x0D, 0x0A, 0x07, 0x0F, 0xDE, 0xD6, 0x0E, 0xF7, 0xF2, 0xF0,
    0xF5, 0xF4, 0x16, 0x05, 0xDA, 0xF6, 0xEE, 0xD4, 0x02, 0x10, 0x14, 0x0C,
    0x1E, 0x39, 0x13, 0x05, 0xF5, 0xC3, 0xEF, 0x03, 0x0C, 0x2D, 0x3C, 0x07,
    0x02, 0xCF, 0xE9, 0x34, 0x0A, 0x19, 0x36, 0x40, 0x45, 0x5B, 0x3D, 0x45,
    0x50, 0x0F, 0xF9, 0x06, 0xDD, 0xED, 0x05, 0x12, 0x07, 0xD2, 0xD5, 0xB8,
    0xCB, 0xC3, 0xCE, 0xC7, 0xB9, 0xF2, 0x0B, 0x07, 0xE3, 0xFE, 0x0E, 0xFE,
    0xEA, 0xE7, 0x15, 0x1A, 0x3B, 0x3E, 0x34, 0x3E, 0x17, 0x31, 0x4F, 0x18,
    0xF4, 0xF3, 0x2C, 0x23, 0x19, 0xFC, 0x15, 0x23, 0x08, 0xF0, 0x26, 0x5A,
    0x3D, 0x55, 0x54, 0x1B, 0x18, 0xE2, 0xCF, 0xF1, 0xF6, 0xCB, 0xD0, 0xEC,
    0xDD, 0x0D, 0x2D, 0x10, 0x22, 0x49, 0x31, 0x1A, 0x05, 0x0E, 0x1A, 0xEE,
    0xE6, 0xF8, 0x03, 0xE9, 0xA3, 0xA2, 0x9F, 0xB2, 0x97, 0xA7, 0xE1, 0xCB,
    0xD1, 0xE0, 0x13, 0x1B, 0x11, 0x2E, 0x26, 0xFF, 0x16, 0x0F, 0xEE, 0xEA,
    0xED, 0xFE, 0xFE, 0xD0, 0xD5, 0x06, 0x35, 0x30, 0x2A, 0xF2, 0x1A, 0x4E,
    0x3E, 0x41, 0x3E, 0x5D, 0x2F, 0x04, 0xF9, 0xE4, 0xF6, 0x02, 0x00, 0x1F,
    0x23, 0xF5, 0xD5, 0xCF, 0xF9, 0x00, 0xEF, 0xE9, 0x08, 0x0D, 0xFD, 0xE7,
    0x0D, 0x2C, 0xDF, 0xD3, 0x01, 0xD9, 0xEB, 0x0E, 0x13, 0x04, 0xFC, 0x00,
    0xE5, 0xD6, 0xB7, 0xB4, 0xDB, 0xEA, 0x15, 0x47, 0x20, 0x06, 0x04, 0x0A,
    0xEA, 0xB0, 0xAE, 0xA5, 0xA3, 0xF2, 0xFD, 0xE4, 0xEE, 0xF0, 0x0E, 0x15,
    0x25, 0x18, 0xE7, 0xE2, 0xE6, 0x04, 0x26, 0x1B, 0x02, 0x29, 0x21, 0x2B,
    0x0E, 0x04, 0x1F, 0xDC, 0xC8, 0xF9, 0x01, 0xFC, 0x0F, 0x29, 0x2D, 0x17,
    0x02, 0xF6, 0xE4, 0xF4, 0xE1, 0xE2, 0x20, 0x45, 0x3F, 0x34, 0x1F, 0x20,
    0x48, 0x35, 0x07, 0x02, 0xF3, 0xF7, 0x27, 0x25, 0x0C, 0x26, 0x04, 0xE0,
    0x06, 0xF5, 0x00, 0x0B, 0x05, 0x0E, 0xED, 0x09, 0xEB, 0xD2, 0xDC, 0xD2,
    0xE4, 0xFB, 0x0F, 0xFA, 0xE8, 0xD5, 0xEE, 0x29, 0x1C, 0x15, 0x30, 0x0D,
    0x27, 0x43, 0x16, 0x1F, 0x1C, 0x15, 0x15, 0x03, 0xFC, 0xE1, 0xD8, 0xE6,
    0xCE, 0xCE, 0xC8, 0xDD, 0xD8, 0xEC, 0xEB, 0xE7, 0x03, 0x15, 0x20, 0x20,
    0x1C, 0x1D, 0x1C, 0x14, 0x1E, 0x0F, 0xF9, 0x26, 0x2C, 0x39, 0x43, 0x21,
    0x1D, 0x0B, 0xF2, 0xFF, 0x04, 0x10, 0x15, 0x10, 0x20, 0x05, 0x09, 0x14,
    0x13, 0x35, 0x34, 0x0E, 0xFC, 0x03, 0x01, 0x0D, 0x13, 0x12, 0x0E, 0x06,
    0xFA, 0x12, 0xFC, 0xF8, 0x08, 0x0B, 0x0F, 0x03, 0xFF, 0xF9, 0xE8, 0xDC,
    0xD9, 0xE1, 0xF6, 0x02, 0xFF, 0xED, 0xF4, 0xE9, 0xFA, 0xF5, 0xFD, 0xFE,
    0xF0, 0xFA, 0xFD, 0x01, 0x0E, 0x14, 0x1C, 0x23, 0x1C, 0x0F, 0xF0, 0xE7,
    0xD7, 0xCA, 0xC5, 0xCD, 0xE8, 0xD8, 0xE3, 0xE7, 0xE9, 0xF5, 0x00, 0xF5,
    0xF6, 0xFF, 0x00, 0xF5, 0xFA, 0x06, 0x07, 0x0D, 0x1C, 0x26, 0x1C, 0x1C,
    0x14, 0x02, 0xEB, 0xDD, 0xE0, 0xEF, 0xFA, 0x07, 0xFE, 0xF1, 0xF4, 0xFB,
    0x05, 0x14, 0x14, 0x0C, 0x0E, 0x0F, 0x17, 0x0A, 0xFD, 0x06, 0x0E, 0x0F,
    0x0A, 0x10, 0x06, 0xFD, 0xF0, 0xEC, 0xEA, 0xEE, 0xFF, 0xF6, 0xFB, 0x03,
    0xF4, 0xFD, 0xEA, 0x04, 0x00, 0xFC, 0x04, 0xF9, 0xF3, 0xF7, 0xFF, 0xF4,
    0xF1, 0xF3, 0xFE, 0x04, 0x11, 0x13, 0x14, 0x13, 0x07, 0x11, 0x16, 0x14,
    0x0B, 0x06, 0x03, 0xF9, 0xFB, 0x08, 0x07, 0x00, 0xFD, 0xF8, 0xF6, 0xFD,
    0x02, 0xFF, 0xFD, 0xFE, 0xF6, 0xF6, 0xF7, 0xF3, 0xF6, 0xFB, 0x01, 0xFF,
    0xFE, 0xF9, 0xF9, 0xFA, 0xFD, 0x00, 0xFC, 0xFE, 0xFD, 0xFE, 0xFE, 0xFF,
    0x00, 0x00, 0x01, 0x02, 0x01, 0x01, 0x01, 0x00, 0x00, 0x00, 0xFF, 0xFF,
    0x00, 0x00, 0x00, 0x00, 0x00, 0x00, 0x00, 0x00, 0x00, 0x00, 0x00, 0x00,
    0x00, 0x00, 0x00, 0x00, 0x01, 0x00, 0x07, 0x39, 0x07, 0x2E, 0x01, 0x00,
    0x01, 0x61, 0x02, 0x00, 0x07, 0x40, 0x07, 0x2E, 0x02, 0x00, 0x01, 0x61,
    0x01, 0x00, 0x07, 0x43, 0x07, 0x2E, 0x03, 0x00, 0x01, 0x61, 0x07, 0x45,
    0x07, 0x2E, 0x06, 0x00, 0x01, 0x61, 0x07, 0x39, 0x07, 0x2E, 0x04, 0x00,
    0x01, 0x61, 0x01, 0x00, 0x07, 0x40, 0x07, 0x2E, 0x01, 0x00, 0x01, 0x61,
    0x02, 0x00, 0x07, 0x47, 0x07, 0x2E, 0x02, 0x00, 0x01, 0x61, 0x04, 0x00,
    0x07, 0x48, 0x07, 0x2E, 0x04, 0x00, 0x01, 0x61, 0x01, 0x00, 0x07, 0x41,
    0x07, 0x2E, 0x01, 0x00, 0x01, 0x61, 0x02, 0x00, 0x07, 0x39, 0x07, 0x2E,
    0x02, 0x00, 0x01, 0x61, 0x04, 0x00, 0x07, 0x41, 0x07, 0x2E, 0x04, 0x00,
    0x01, 0x61, 0x01, 0x00, 0x07, 0x41, 0x07, 0x2E, 0x03, 0x00, 0x01, 0x61,
    0x07, 0x40, 0x07, 0x2E, 0x06, 0x00, 0x01, 0x61, 0x07, 0x3C, 0x07, 0x2E,
    0x04, 0x00, 0x01, 0x61, 0x01, 0x00, 0x07, 0x3E, 0x07, 0x2E, 0x01, 0x00,
    0x01, 0x61, 0x02, 0x00, 0x07, 0x40, 0x07, 0x2E, 0x02, 0x00, 0x01, 0x61,
    0x01, 0x00, 0x07, 0x43, 0x07, 0x2E, 0x03, 0x00, 0x01, 0x61, 0x07, 0x45,
    0x07, 0x2E, 0x06, 0x00, 0x01, 0x61, 0x07, 0x39, 0x07, 0x2E, 0x04, 0x00,
    0x01, 0x61, 0x01, 0x00, 0x07, 0x39, 0x07, 0x2E, 0x01, 0x00, 0x01, 0x61,
    0x02, 0x00, 0x07, 0x40, 0x07, 0x2E, 0x02, 0x00, 0x01, 0x61, 0x01, 0x00,
    0x07, 0x43, 0x07, 0x2E, 0x03, 0x00, 0x01, 0x61, 0x07, 0x45, 0x07, 0x2E,
    0x06, 0x00, 0x01, 0x61, 0x07, 0x39, 0x07, 0x2E, 0x04, 0x00, 0x01, 0x61,
    0x01, 0x00, 0x07, 0x40, 0x07, 0x2E, 0x01, 0x00, 0x01, 0x61, 0x02, 0x00,
    0x07, 0x47, 0x07, 0x2E, 0x02, 0x00, 0x01, 0x61, 0x04, 0x00, 0x07, 0x48,
    0x07, 0x2E, 0x04, 0x00, 0x01, 0x61, 0x01, 0x00, 0x07, 0x41, 0x07, 0x2E,
    0x01, 0x00, 0x01, 0x61, 0x02, 0x00, 0x07, 0x39, 0x07, 0x2E, 0x02, 0x00,
    0x01, 0x61, 0x04, 0x00, 0x07, 0x41, 0x07, 0x2E, 0x04, 0x00, 0x01, 0x61,
    0x01, 0x00, 0x07, 0x41, 0x07, 0x2E, 0x03, 0x00, 0x01, 0x61, 0x07, 0x40,
    0x07, 0x2E, 0x06, 0x00, 0x01, 0x61, 0x07, 0x3C, 0x07, 0x2E, 0x04, 0x00,
    0x01, 0x61, 0x01, 0x00, 0x07, 0x3E, 0x07, 0x2E, 0x01, 0x00, 0x01, 0x61,
    0x02, 0x00, 0x07, 0x40, 0x07, 0x2E, 0x02, 0x00, 0x01, 0x61, 0x01, 0x00,
    0x07, 0x43, 0x07, 0x2E, 0x03, 0x00, 0x01, 0x61, 0x07, 0x45, 0x07, 0x2E,
    0x06, 0x00, 0x01, 0x61, 0x07, 0x39, 0x07, 0x2E, 0x04, 0x00, 0x01, 0x61,
    0x21, 0x01, 0x07, 0x39, 0x07, 0x2E, 0x07, 0x21, 0x01, 0x04, 0x0B, 0x45,
    0x16, 0x0A, 0x0F, 0x21, 0x01, 0x01, 0x61, 0x0F, 0x2D, 0x01, 0x08, 0x03,
    0x20, 0x0B, 0x45, 0x16, 0x0A, 0x0F, 0x22, 0x01, 0x07, 0x40, 0x07, 0x2E,
    0x08, 0x03, 0x20, 0x07, 0x45, 0x16, 0x0B, 0x22, 0x01, 0x01, 0x61, 0x08,
    0x03, 0x20, 0x03, 0x45, 0x16, 0x21, 0x01, 0x07, 0x43, 0x07, 0x2E, 0x08,
    0x03, 0x20, 0x0B, 0x45, 0x14, 0x0A, 0x0F, 0x23, 0x01, 0x01, 0x61, 0x07,
    0x45, 0x07, 0x2E, 0x08, 0x03, 0x20, 0x0B, 0x45, 0x14, 0x0A, 0x0F, 0x26,
    0x01, 0x01, 0x61, 0x07, 0x39, 0x07, 0x2E, 0x08, 0x03, 0x20, 0x03, 0x45,
    0x14, 0x24, 0x01, 0x01, 0x61, 0x08, 0x03, 0x20, 0x07, 0x45, 0x14, 0x0B,
    0x21, 0x00, 0x07, 0x40, 0x07, 0x2E, 0x08, 0x03, 0x20, 0x01, 0x01, 0x01,
    0x61, 0x0B, 0x45, 0x13, 0x0A, 0x0F, 0x02, 0x01, 0x07, 0x47, 0x07, 0x2E,
    0x0B, 0x45, 0x13, 0x0A, 0x0F, 0x02, 0x01, 0x01, 0x61, 0x07, 0x45, 0x13,
    0x0B, 0x04, 0x01, 0x07, 0x48, 0x07, 0x2E, 0x03, 0x45, 0x13, 0x04, 0x01,
    0x01, 0x61, 0x0B, 0x45, 0x12, 0x0A, 0x0F, 0x01, 0x01, 0x07, 0x41, 0x07,
    0x2E, 0x03, 0x45, 0x12, 0x01, 0x01, 0x01, 0x61, 0x07, 0x45, 0x12, 0x0B,
    0x02, 0x01, 0x07, 0x39, 0x07, 0x2E, 0x0B, 0x45, 0x12, 0x0A, 0x0F, 0x02,
    0x01, 0x01, 0x61, 0x0B, 0x45, 0x11, 0x0A, 0x0F, 0x04, 0x01, 0x07, 0x41,
    0x07, 0x2E, 0x07, 0x45, 0x11, 0x0B, 0x04, 0x01, 0x01, 0x61, 0x03, 0x45,
    0x11, 0x01, 0x01, 0x07, 0x41, 0x07, 0x2E, 0x0B, 0x45, 0x11, 0x0A, 0x0F,
    0x03, 0x01, 0x01, 0x61, 0x07, 0x40, 0x07, 0x2E, 0x0B, 0x45, 0x10, 0x0A,
    0x0F, 0x06, 0x01, 0x01, 0x61, 0x07, 0x3C, 0x07, 0x2E, 0x03, 0x45, 0x10,
    0x04, 0x01, 0x01, 0x61, 0x07, 0x45, 0x10, 0x0B, 0x01, 0x00, 0x07, 0x3E,
    0x07, 0x2E, 0x01, 0x01, 0x01, 0x61, 0x0B, 0x45, 0x10, 0x0A, 0x0F, 0x02,
    0x01, 0x07, 0x40, 0x07, 0x2E, 0x0B, 0x45, 0x0F, 0x0A, 0x0F, 0x02, 0x01,
    0x01, 0x61, 0x07, 0x45, 0x0F, 0x0B, 0x01, 0x01, 0x07, 0x43, 0x07, 0x2E,
    0x03, 0x45, 0x0F, 0x03, 0x01, 0x01, 0x61, 0x07, 0x45, 0x07, 0x2E, 0x0B,
    0x45, 0x0F, 0x0A, 0x0F, 0x06, 0x01, 0x01, 0x61, 0x07, 0x39, 0x07, 0x2E,
    0x03, 0x45, 0x0E, 0x04, 0x01, 0x01, 0x61, 0x07, 0x45, 0x0E, 0x0B, 0x01,
    0x01, 0x07, 0x39, 0x07, 0x2E, 0x0B, 0x45, 0x0E, 0x0A, 0x0F, 0x01, 0x01,
    0x01, 0x61, 0x0B, 0x45, 0x0E, 0x0A, 0x0F, 0x02, 0x01, 0x07, 0x40, 0x07,
    0x2E, 0x07, 0x45, 0x0D, 0x0B, 0x02, 0x01, 0x01, 0x61, 0x03, 0x45, 0x0D,
    0x01, 0x01, 0x07, 0x43, 0x07, 0x2E, 0x0B, 0x45, 0x0D, 0x0A, 0x0F, 0x03,
    0x01, 0x01, 0x61, 0x07, 0x45, 0x07, 0x2E, 0x0B, 0x45, 0x0D, 0x0A, 0x0F,
    0x06, 0x01, 0x01, 0x61, 0x07, 0x39, 0x07, 0x2E, 0x03, 0x45, 0x0C, 0x04,
    0x01, 0x01, 0x61, 0x07, 0x45, 0x0C, 0x0B, 0x01, 0x00, 0x07, 0x40, 0x07,
    0x2E, 0x01, 0x01, 0x01, 0x61, 0x0B, 0x45, 0x0C, 0x0A, 0x0F, 0x02, 0x01,
    0x07, 0x47, 0x07, 0x2E, 0x0B, 0x45, 0x0C, 0x0A, 0x0F, 0x02, 0x01, 0x01,
    0x61, 0x07, 0x45, 0x0B, 0x0B, 0x04, 0x01, 0x07, 0x48, 0x07, 0x2E, 0x03,
    0x45, 0x0B, 0x04, 0x01, 0x01, 0x61, 0x0B, 0x45, 0x0B, 0x0A, 0x0F, 0x01,
    0x01, 0x07, 0x41, 0x07, 0x2E, 0x03, 0x45, 0x09, 0x01, 0x01, 0x01, 0x61,
    0x07, 0x45, 0x09, 0x0B, 0x02, 0x01, 0x07, 0x39, 0x07, 0x2E, 0x0B, 0x45,
    0x09, 0x0A, 0x0F, 0x02, 0x01, 0x01, 0x61, 0x0B, 0x45, 0x09, 0x0A, 0x0F,
    0x04, 0x01, 0x07, 0x41, 0x07, 0x2E, 0x07, 0x45, 0x09, 0x0B, 0x04, 0x01,
    0x01, 0x61, 0x03, 0x45, 0x09, 0x01, 0x01, 0x07, 0x41, 0x07, 0x2E, 0x0B,
    0x45, 0x0B, 0x0A, 0x0F, 0x03, 0x01, 0x01, 0x61, 0x07, 0x40, 0x07, 0x2E,
    0x0B, 0x45, 0x0B, 0x0A, 0x0F, 0x06, 0x01, 0x01, 0x61, 0x07, 0x3C, 0x07,
    0x2E, 0x03, 0x45, 0x0B, 0x04, 0x01, 0x01, 0x61, 0x07, 0x45, 0x0B, 0x0B,
    0x01, 0x00, 0x07, 0x3E, 0x07, 0x2E, 0x01, 0x01, 0x01, 0x61, 0x0B, 0x45,
    0x0C, 0x0A, 0x0F, 0x02, 0x01, 0x07, 0x40, 0x07, 0x2E, 0x0B, 0x45, 0x0C,
    0x0A, 0x0F, 0x02, 0x01, 0x01, 0x61, 0x07, 0x45, 0x0C, 0x0B, 0x01, 0x01,
    0x07, 0x43, 0x07, 0x2E, 0x03, 0x45, 0x0D, 0x03, 0x01, 0x01, 0x61, 0x07,
    0x45, 0x07, 0x2E, 0x0B, 0x45, 0x0D, 0x0A, 0x0F, 0x06, 0x01, 0x01, 0x61,
    0x07, 0x39, 0x07, 0x2E, 0x03, 0x45, 0x0D, 0x04, 0x01, 0x01, 0x61, 0x07,
    0x45, 0x0D, 0x0B, 0x11, 0x01, 0x07, 0x39, 0x07, 0x2E, 0x07, 0x2D, 0x01,
    0x05, 0x0B, 0x45, 0x0E, 0x0A, 0x0F, 0x11, 0x01, 0x01, 0x61, 0x0F, 0x39,
    0x01, 0x08, 0x03, 0x20, 0x0B, 0x45, 0x0E, 0x0A, 0x0F, 0x12, 0x01, 0x07,
    0x40, 0x07, 0x2E, 0x08, 0x03, 0x20, 0x07, 0x45, 0x0E, 0x0B, 0x12, 0x01,
    0x01, 0x61, 0x08, 0x03, 0x20, 0x03, 0x45, 0x0E, 0x11, 0x01, 0x07, 0x43,
    0x07, 0x2E, 0x08, 0x03, 0x20, 0x0B, 0x45, 0x0F, 0x0A, 0x0F, 0x13, 0x01,
    0x01, 0x61, 0x07, 0x45, 0x07, 0x2E, 0x08, 0x03, 0x20, 0x0B, 0x45, 0x0F,
    0x0A, 0x0F, 0x16, 0x01, 0x01, 0x61, 0x07, 0x39, 0x07, 0x2E, 0x08, 0x03,
    0x20, 0x03, 0x45, 0x0F, 0x14, 0x01, 0x01, 0x61, 0x08, 0x03, 0x20, 0x07,
    0x45, 0x0F, 0x0B, 0x11, 0x00, 0x07, 0x40, 0x07, 0x2E, 0x08, 0x03, 0x20,
    0x01, 0x01, 0x01, 0x61, 0x0B, 0x45, 0x0D, 0x0A, 0x0F, 0x02, 0x01, 0x07,
    0x47, 0x07, 0x2E, 0x0B, 0x45, 0x0D, 0x0A, 0x0F, 0x02, 0x01, 0x01, 0x61,
    0x07, 0x45, 0x0D, 0x0B, 0x04, 0x01, 0x07, 0x48, 0x07, 0x2E, 0x03, 0x45,
    0x0D, 0x04, 0x01, 0x01, 0x61, 0x0B, 0x45, 0x0C, 0x0A, 0x0F, 0x01, 0x01,
    0x07, 0x41, 0x07, 0x2E, 0x03, 0x45, 0x0C, 0x01, 0x01, 0x01, 0x61, 0x07,
    0x45, 0x0C, 0x0B, 0x02, 0x01, 0x07, 0x39, 0x07, 0x2E, 0x0B, 0x45, 0x0B,
    0x0A, 0x0F, 0x02, 0x01, 0x01, 0x61, 0x0B, 0x45, 0x0B, 0x0A, 0x0F, 0x04,
    0x01, 0x07, 0x41, 0x07, 0x2E, 0x07, 0x45, 0x0B, 0x0B, 0x04, 0x01, 0x01,
    0x61, 0x03, 0x45, 0x09, 0x01, 0x01, 0x07, 0x41, 0x07, 0x2E, 0x0B, 0x45,
    0x09, 0x0A, 0x0F, 0x03, 0x01, 0x01, 0x61, 0x07, 0x40, 0x07, 0x2E, 0x0B,
    0x45, 0x09, 0x0A, 0x0F, 0x06, 0x01, 0x01, 0x61, 0x07, 0x3C, 0x07, 0x2E,
    0x03, 0x45, 0x0B, 0x04, 0x01, 0x01, 0x61, 0x07, 0x45, 0x0B, 0x0B, 0x01,
    0x00, 0x07, 0x3E, 0x07, 0x2E, 0x01, 0x01, 0x01, 0x61, 0x0B, 0x45, 0x0B,
    0x0A, 0x0F, 0x02, 0x01, 0x07, 0x40, 0x07, 0x2E, 0x0B, 0x45, 0x0B, 0x0A,
    0x0F, 0x02, 0x01, 0x01, 0x61, 0x07, 0x45, 0x0C, 0x0B, 0x01, 0x01, 0x07,
    0x43, 0x07, 0x2E, 0x03, 0x45, 0x0C, 0x03, 0x01, 0x01, 0x61, 0x07, 0x45,
    0x07, 0x2E, 0x0B, 0x45, 0x0C, 0x0A, 0x0F, 0x06, 0x01, 0x01, 0x61, 0x07,
    0x39, 0x07, 0x2E, 0x03, 0x45, 0x0D, 0x04, 0x01, 0x01, 0x61, 0x07, 0x45,
    0x0D, 0x0B, 0x09, 0x01, 0x07, 0x39, 0x07, 0x2E, 0x07, 0x39, 0x01, 0x05,
    0x0B, 0x45, 0x0D, 0x0A, 0x0F, 0x09, 0x01, 0x01, 0x61, 0x0F, 0x45, 0x01,
    0x08, 0x03, 0x10, 0x0B, 0x45, 0x0E, 0x0A, 0x0F, 0x0A, 0x01, 0x07, 0x40,
    0x07, 0x2E, 0x08, 0x03, 0x10, 0x07, 0x45, 0x0E, 0x0B, 0x0A, 0x01, 0x01,
    0x61, 0x08, 0x03, 0x10, 0x03, 0x45, 0x0E, 0x09, 0x01, 0x07, 0x43, 0x07,
    0x2E, 0x08, 0x03, 0x10, 0x0B, 0x45, 0x0F, 0x0A, 0x0F, 0x0B, 0x01, 0x01,
    0x61, 0x07, 0x45, 0x07, 0x2E, 0x08, 0x03, 0x10, 0x0B, 0x45, 0x0F, 0x0A,
    0x0F, 0x0E, 0x01, 0x01, 0x61, 0x07, 0x39, 0x07, 0x2E, 0x08, 0x03, 0x10,
    0x03, 0x45, 0x10, 0x0C, 0x01, 0x01, 0x61, 0x08, 0x03, 0x10, 0x07, 0x45,
    0x10, 0x0B, 0x01, 0x00, 0x07, 0x40, 0x07, 0x2E, 0x01, 0x01, 0x01, 0x61,
    0x0B, 0x45, 0x10, 0x0A, 0x0F, 0x02, 0x01, 0x07, 0x47, 0x07, 0x2E, 0x0B,
    0x45, 0x10, 0x0A, 0x0F, 0x02, 0x01, 0x01, 0x61, 0x07, 0x45, 0x11, 0x0B,
    0x04, 0x01, 0x07, 0x48, 0x07, 0x2E, 0x03, 0x45, 0x11, 0x04, 0x01, 0x01,
    0x61, 0x0B, 0x45, 0x11, 0x0A, 0x0F, 0x01, 0x01, 0x07, 0x41, 0x07, 0x2E,
    0x03, 0x45, 0x11, 0x01, 0x01, 0x01, 0x61, 0x07, 0x45, 0x12, 0x0B, 0x02,
    0x01, 0x07, 0x39, 0x07, 0x2E, 0x0B, 0x45, 0x12, 0x0A, 0x0F, 0x02, 0x01,
    0x01, 0x61, 0x0B, 0x45, 0x12, 0x0A, 0x0F, 0x04, 0x01, 0x07, 0x41, 0x07,
    0x2E, 0x07, 0x45, 0x13, 0x0B, 0x04, 0x01, 0x01, 0x61, 0x03, 0x45, 0x13,
    0x01, 0x01, 0x07, 0x41, 0x07, 0x2E, 0x0B, 0x45, 0x13, 0x0A, 0x0F, 0x03,
    0x01, 0x01, 0x61, 0x07, 0x40, 0x07, 0x2E, 0x0B, 0x45, 0x14, 0x0A, 0x0F,
    0x06, 0x01, 0x01, 0x61, 0x07, 0x3C, 0x07, 0x2E, 0x03, 0x45, 0x14, 0x04,
    0x01, 0x01, 0x61, 0x07, 0x45, 0x14, 0x0B, 0x39, 0x00, 0x07, 0x3E, 0x07,
    0x2E, 0x08, 0x02, 0x06, 0x08, 0x02, 0x06, 0x08, 0x02, 0x06, 0x39, 0x01,
    0x01, 0x61, 0x08, 0x02, 0x06, 0x08, 0x02, 0x06, 0x08, 0x02, 0x06, 0x0B,
    0x45, 0x16, 0x0A, 0x0F, 0x3A, 0x01, 0x07, 0x40, 0x07, 0x2E, 0x08, 0x02,
    0x06, 0x08, 0x02, 0x06, 0x08, 0x02, 0x06, 0x0B, 0x45, 0x16, 0x0A, 0x0F,
    0x3A, 0x01, 0x01, 0x61, 0x08, 0x02, 0x06, 0x08, 0x02, 0x06, 0x08, 0x02,
    0x06, 0x07, 0x45, 0x16, 0x0B, 0xF9, 0x01, 0x07, 0x43, 0x07, 0x2E, 0x08,
    0x02, 0x10, 0x08, 0x02, 0x10, 0x08, 0x02, 0x10, 0x03, 0x3D, 0x06, 0x03,
    0x3D, 0x04, 0x03, 0x45, 0x14, 0xFB, 0x01, 0x01, 0x61, 0x07, 0x45, 0x07,
    0x2E, 0x08, 0x02, 0x10, 0x08, 0x02, 0x10, 0x08, 0x02, 0x10, 0x07, 0x3D,
    0x06, 0x0A, 0x07, 0x3D, 0x04, 0x0A, 0x0B, 0x45, 0x13, 0x0A, 0x0F, 0x3E,
    0x01, 0x01, 0x61, 0x07, 0x39, 0x07, 0x2E, 0x08, 0x02, 0x10, 0x08, 0x02,
    0x10, 0x08, 0x02, 0x10, 0x03, 0x45, 0x13, 0x3C, 0x01, 0x01, 0x61, 0x08,
    0x02, 0x10, 0x08, 0x02, 0x10, 0x08, 0x02, 0x10, 0x07, 0x45, 0x13, 0x0B,
    0x79, 0x01, 0x07, 0x45, 0x07, 0x2E, 0x03, 0x45, 0x0A, 0x01, 0x61, 0x0F,
    0x2D, 0x01, 0x2F, 0x04, 0xA1, 0x03, 0x36, 0x03, 0x0B, 0x45, 0x16, 0x0A,
    0x0F, 0x69, 0x01, 0x01, 0x61, 0x07, 0x45, 0x0A, 0x10, 0x08, 0x04, 0xA2,
    0x07, 0x3D, 0x05, 0x05, 0x0B, 0x45, 0x16, 0x0A, 0x0F, 0xEA, 0x01, 0x07,
    0x4C, 0x07, 0x2E, 0x03, 0x4C, 0x0A, 0x09, 0x61, 0x04, 0x00, 0x03, 0x3D,
    0x05, 0x0B, 0x45, 0x0A, 0x00, 0x37, 0x07, 0x45, 0x16, 0x0B, 0xEA, 0x01,
    0x01, 0x61, 0x07, 0x45, 0x0A, 0x10, 0x08, 0x04, 0x00, 0x03, 0x3D, 0x02,
    0x09, 0x61, 0x00, 0x37, 0x03, 0x45, 0x16, 0xE9, 0x01, 0x07, 0x4F, 0x07,
    0x2E, 0x03, 0x4F, 0x0A, 0x08, 0x04, 0x00, 0x03, 0x3D, 0x04, 0x03, 0x3D,
    0x06, 0x0B, 0x45, 0x14, 0x0A, 0x0F, 0xEB, 0x01, 0x01, 0x61, 0x07, 0x51,
    0x07, 0x2E, 0x03, 0x51, 0x0A, 0x08, 0x04, 0x00, 0x07, 0x3D, 0x04, 0x0A,
    0x07, 0x3D, 0x06, 0x12, 0x0B, 0x45, 0x14, 0x0A, 0x0F, 0x6E, 0x01, 0x01,
    0x61, 0x07, 0x45, 0x07, 0x2E, 0x03, 0x45, 0x0A, 0x0F, 0x39, 0x01, 0x2F,
    0x03, 0x30, 0x03, 0x36, 0x03, 0x03, 0x45, 0x14, 0x6C, 0x01, 0x01, 0x61,
    0x07, 0x51, 0x0A, 0x10, 0x08, 0x03, 0x30, 0x07, 0x3D, 0x05, 0x05, 0x07,
    0x45, 0x14, 0x0B, 0x69, 0x00, 0x07, 0x4C, 0x07, 0x2E, 0x03, 0x4C, 0x0A,
    0x0F, 0x2D, 0x01, 0x2F, 0x04, 0xA1, 0x03, 0x36, 0x03, 0x69, 0x01, 0x01,
    0x61, 0x07, 0x45, 0x0A, 0x10, 0x08, 0x04, 0xA2, 0x07, 0x3D, 0x05, 0x05,
    0x0B, 0x45, 0x13, 0x0A, 0x0F, 0xEA, 0x01, 0x07, 0x53, 0x07, 0x2E, 0x03,
    0x53, 0x0A, 0x09, 0x61, 0x04, 0x00, 0x03, 0x3D, 0x05, 0x0B, 0x45, 0x0A,
    0x00, 0x37, 0x0B, 0x45, 0x13, 0x0A, 0x0F, 0xEA, 0x01, 0x01, 0x61, 0x07,
    0x4C, 0x0A, 0x10, 0x07, 0x2D, 0x01, 0x2F, 0x03, 0x3D, 0x02, 0x09, 0x61,
    0x00, 0x37, 0x07, 0x45, 0x13, 0x0B, 0xCC, 0x01, 0x07, 0x54, 0x07, 0x2E,
    0x03, 0x54, 0x0A, 0x03, 0x3D, 0x04, 0x03, 0x3D, 0x06, 0x03, 0x45, 0x13,
    0xEC, 0x01, 0x01, 0x61, 0x07, 0x53, 0x0A, 0x10, 0x01, 0x61, 0x07, 0x3D,
    0x04, 0x0A, 0x07, 0x3D, 0x06, 0x12, 0x0B, 0x45, 0x12, 0x0A, 0x0F, 0x69,
    0x01, 0x07, 0x4D, 0x07, 0x2E, 0x03, 0x4D, 0x0A, 0x07, 0x34, 0x01, 0x2F,
    0x03, 0x3D, 0x05, 0x03, 0x45, 0x12, 0x69, 0x01, 0x01, 0x61, 0x07, 0x54,
    0x0A, 0x10, 0x01, 0x61, 0x03, 0x3D, 0x04, 0x07, 0x45, 0x12, 0x0B, 0x6A,
    0x01, 0x07, 0x45, 0x07, 0x2E, 0x03, 0x45, 0x0A, 0x0F, 0x35, 0x01, 0x2F,
    0x04, 0xA1, 0x03, 0x36, 0x03, 0x0B, 0x45, 0x12, 0x0A, 0x0F, 0x6A, 0x01,
    0x01, 0x61, 0x07, 0x4D, 0x0A, 0x10, 0x08, 0x04, 0xA2, 0x07, 0x3D, 0x05,
    0x05, 0x0B, 0x45, 0x11, 0x0A, 0x0F, 0xEC, 0x01, 0x07, 0x4D, 0x07, 0x2E,
    0x03, 0x4D, 0x0A, 0x09, 0x61, 0x04, 0x00, 0x03, 0x3D, 0x05, 0x0B, 0x41,
    0x0A, 0x00, 0x47, 0x07, 0x45, 0x11, 0x0B, 0xEC, 0x01, 0x01, 0x61, 0x07,
    0x45, 0x0A, 0x10, 0x08, 0x04, 0x00, 0x03, 0x3D, 0x02, 0x09, 0x61, 0x00,
    0x47, 0x03, 0x45, 0x11, 0xE9, 0x01, 0x07, 0x4D, 0x07, 0x2E, 0x03, 0x4D,
    0x0A, 0x0F, 0x35, 0x01, 0x2F, 0x04, 0x00, 0x03, 0x3D, 0x04, 0x03, 0x3D,
    0x06, 0x0B, 0x45, 0x11, 0x0A, 0x0F, 0xEB, 0x01, 0x01, 0x61, 0x07, 0x4C,
    0x07, 0x2E, 0x03, 0x4C, 0x0A, 0x09, 0x61, 0x04, 0x00, 0x07, 0x3D, 0x04,
    0x0A, 0x07, 0x3D, 0x06, 0x12, 0x0B, 0x45, 0x10, 0x0A, 0x0F, 0x6E, 0x01,
    0x01, 0x61, 0x07, 0x48, 0x07, 0x2E, 0x03, 0x48, 0x0A, 0x0F, 0x32, 0x01,
    0x2F, 0x04, 0xA1, 0x03, 0x3D, 0x05, 0x03, 0x45, 0x10, 0x6C, 0x01, 0x01,
    0x61, 0x07, 0x4D, 0x0A, 0x10, 0x08, 0x04, 0xA2, 0x03, 0x3D, 0x02, 0x07,
    0x45, 0x10, 0x0B, 0x69, 0x00, 0x07, 0x4A, 0x07, 0x2E, 0x03, 0x4A, 0x0A,
    0x08, 0x04, 0x00, 0x03, 0x36, 0x03, 0x69, 0x01, 0x01, 0x61, 0x07, 0x48,
    0x0A, 0x10, 0x09, 0x61, 0x04, 0x00, 0x03, 0x36, 0x03, 0x0B, 0x45, 0x10,
    0x0A, 0x0F, 0xEA, 0x01, 0x07, 0x4C, 0x07, 0x2E, 0x03, 0x4C, 0x0A, 0x07,
    0x32, 0x01, 0x2F, 0x03, 0x3D, 0x05, 0x0B, 0x43, 0x0A, 0x00, 0x47, 0x0B,
    0x45, 0x0F, 0x0A, 0x0F, 0xCA, 0x01, 0x01, 0x61, 0x07, 0x4A, 0x0A, 0x10,
    0x03, 0x36, 0x03, 0x09, 0x61, 0x00, 0x47, 0x07, 0x45, 0x0F, 0x0B, 0xC9,
    0x01, 0x07, 0x4F, 0x07, 0x2E, 0x03, 0x4F, 0x0A, 0x03, 0x3D, 0x04, 0x03,
    0x3D, 0x06, 0x03, 0x45, 0x0F, 0xEB, 0x01, 0x01, 0x61, 0x07, 0x51, 0x07,
    0x2E, 0x03, 0x51, 0x0A, 0x01, 0x61, 0x07, 0x3D, 0x04, 0x0A, 0x07, 0x3D,
    0x06, 0x12, 0x0B, 0x45, 0x0F, 0x0A, 0x0F, 0x6E, 0x01, 0x01, 0x61, 0x07,
    0x45, 0x07, 0x2E, 0x03, 0x45, 0x0A, 0x07, 0x37, 0x01, 0x2F, 0x03, 0x3D,
    0x05, 0x03, 0x45, 0x0E, 0xEC, 0x01, 0x01, 0x61, 0x07, 0x51, 0x0A, 0x10,
    0x01, 0x61, 0x03, 0x3D, 0x04, 0x03, 0x3D, 0x06, 0x07, 0x45, 0x0E, 0x0B,
    0xE9, 0x01, 0x07, 0x45, 0x07, 0x2E, 0x03, 0x45, 0x0A, 0x0F, 0x2D, 0x01,
    0x2F, 0x04, 0xA1, 0x03, 0x36, 0x03, 0x07, 0x3D, 0x06, 0x12, 0x0B, 0x45,
    0x0E, 0x0A, 0x0F, 0x69, 0x01, 0x01, 0x61, 0x07, 0x45, 0x0A, 0x10, 0x08,
    0x04, 0xA2, 0x07, 0x3D, 0x05, 0x05, 0x0B, 0x45, 0x0E, 0x0A, 0x0F, 0xEA,
    0x01, 0x07, 0x4C, 0x07, 0x2E, 0x03, 0x4C, 0x0A, 0x09, 0x61, 0x04, 0x00,
    0x03, 0x3D, 0x05, 0x0B, 0x45, 0x0A, 0x00, 0x37, 0x07, 0x45, 0x0D, 0x0B,
    0xEA, 0x01, 0x01, 0x61, 0x07, 0x45, 0x0A, 0x10, 0x08, 0x04, 0x00, 0x03,
    0x3D, 0x02, 0x09, 0x61, 0x00, 0x37, 0x03, 0x45, 0x0D, 0xE9, 0x01, 0x07,
    0x4F, 0x07, 0x2E, 0x03, 0x4F, 0x0A, 0x08, 0x04, 0x00, 0x03, 0x3D, 0x04,
    0x03, 0x3D, 0x06, 0x0B, 0x45, 0x0D, 0x0A, 0x0F, 0xEB, 0x01, 0x01, 0x61,
    0x07, 0x51, 0x07, 0x2E, 0x03, 0x51, 0x0A, 0x08, 0x04, 0x00, 0x07, 0x3D,
    0x04, 0x0A, 0x07, 0x3D, 0x06, 0x12, 0x0B, 0x45, 0x0D, 0x0A, 0x0F, 0x6E,
    0x01, 0x01, 0x61, 0x07, 0x45, 0x07, 0x2E, 0x03, 0x45, 0x0A, 0x0F, 0x39,
    0x01, 0x2F, 0x03, 0x30, 0x03, 0x36, 0x03, 0x03, 0x45, 0x0C, 0x6C, 0x01,
    0x01, 0x61, 0x07, 0x51, 0x0A, 0x10, 0x08, 0x03, 0x30, 0x07, 0x3D, 0x05,
    0x05, 0x07, 0x45, 0x0C, 0x0B, 0x69, 0x00, 0x07, 0x4C, 0x07, 0x2E, 0x03,
    0x4C, 0x0A, 0x0F, 0x2D, 0x01, 0x2F, 0x04, 0xA1, 0x03, 0x36, 0x03, 0x69,
    0x01, 0x01, 0x61, 0x07, 0x45, 0x0A, 0x10, 0x08, 0x04, 0xA2, 0x07, 0x3D,
    0x05, 0x05, 0x0B, 0x45, 0x0C, 0x0A, 0x0F, 0xEA, 0x01, 0x07, 0x53, 0x07,
    0x2E, 0x03, 0x53, 0x0A, 0x09, 0x61, 0x04, 0x00, 0x03, 0x3D, 0x05, 0x0B,
    0x45, 0x0A, 0x00, 0x37, 0x0B, 0x45, 0x0C, 0x0A, 0x0F, 0xEA, 0x01, 0x01,
    0x61, 0x07, 0x4C, 0x0A, 0x10, 0x07, 0x2D, 0x01, 0x2F, 0x03, 0x3D, 0x02,
    0x09, 0x61, 0x00, 0x37, 0x07, 0x45, 0x0B, 0x0B, 0xCC, 0x01, 0x07, 0x54,
    0x07, 0x2E, 0x03, 0x54, 0x0A, 0x03, 0x3D, 0x04, 0x03, 0x3D, 0x06, 0x03,
    0x45, 0x0B, 0xEC, 0x01, 0x01, 0x61, 0x07, 0x53, 0x0A, 0x10, 0x01, 0x61,
    0x07, 0x3D, 0x04, 0x0A, 0x07, 0x3D, 0x06, 0x12, 0x0B, 0x45, 0x0B, 0x0A,
    0x0F, 0x69, 0x01, 0x07, 0x4D, 0x07, 0x2E, 0x03, 0x4D, 0x0A, 0x07, 0x34,
    0x01, 0x2F, 0x03, 0x3D, 0x05, 0x03, 0x45, 0x09, 0x69, 0x01, 0x01, 0x61,
    0x07, 0x54, 0x0A, 0x10, 0x01, 0x61, 0x03, 0x3D, 0x04, 0x07, 0x45, 0x09,
    0x0B, 0x6A, 0x01, 0x07, 0x45, 0x07, 0x2E, 0x03, 0x45, 0x0A, 0x0F, 0x35,
    0x01, 0x2F, 0x04, 0xA1, 0x03, 0x36, 0x03, 0x0B, 0x45, 0x09, 0x0A, 0x0F,
    0x6A, 0x01, 0x01, 0x61, 0x07, 0x4D, 0x0A, 0x10, 0x08, 0x04, 0xA2, 0x07,
    0x3D, 0x05, 0x05, 0x0B, 0x45, 0x09, 0x0A, 0x0F, 0xEC, 0x01, 0x07, 0x4D,
    0x07, 0x2E, 0x03, 0x4D, 0x0A, 0x09, 0x61, 0x04, 0x00, 0x03, 0x3D, 0x05,
    0x0B, 0x41, 0x0A, 0x00, 0x47, 0x07, 0x45, 0x09, 0x0B, 0xEC, 0x01, 0x01,
    0x61, 0x07, 0x45, 0x0A, 0x10, 0x08, 0x04, 0x00, 0x03, 0x3D, 0x02, 0x09,
    0x61, 0x00, 0x47, 0x03, 0x45, 0x09, 0xE9, 0x01, 0x07, 0x4D, 0x07, 0x2E,
    0x03, 0x4D, 0x0A, 0x0F, 0x35, 0x01, 0x2F, 0x04, 0x00, 0x03, 0x3D, 0x04,
    0x03, 0x3D, 0x06, 0x0B, 0x45, 0x0B, 0x0A, 0x0F, 0xEB, 0x01, 0x01, 0x61,
    0x07, 0x4C, 0x07, 0x2E, 0x03, 0x4C, 0x0A, 0x09, 0x61, 0x04, 0x00, 0x07,
    0x3D, 0x04, 0x0A, 0x07, 0x3D, 0x06, 0x12, 0x0B, 0x45, 0x0B, 0x0A, 0x0F,
    0x6E, 0x01, 0x01, 0x61, 0x07, 0x48, 0x07, 0x2E, 0x03, 0x48, 0x0A, 0x0F,
    0x37, 0x01, 0x2F, 0x03, 0x30, 0x03, 0x3D, 0x05, 0x03, 0x45, 0x0B, 0x6C,
    0x01, 0x01, 0x61, 0x07, 0x4D, 0x0A, 0x10, 0x08, 0x03, 0x30, 0x03, 0x3D,
    0x02, 0x07, 0x45, 0x0B, 0x0B, 0x69, 0x00, 0x07, 0x4A, 0x07, 0x2E, 0x03,
    0x4A, 0x0A, 0x08, 0x04, 0xA1, 0x03, 0x36, 0x03, 0xE9, 0x01, 0x01, 0x61,
    0x07, 0x48, 0x0A, 0x10, 0x09, 0x61, 0x04, 0xA2, 0x03, 0x36, 0x03, 0x03,
    0x3D, 0x06, 0x0B, 0x45, 0x0C, 0x0A, 0x0F, 0xEA, 0x01, 0x07, 0x4C, 0x07,
    0x2E, 0x03, 0x4C, 0x0A, 0x0F, 0x37, 0x01, 0x2F, 0x04, 0x00, 0x03, 0x3D,
    0x05, 0x0B, 0x43, 0x0A, 0x00, 0x47, 0x0B, 0x45, 0x0C, 0x0A, 0x0F, 0xEA,
    0x01, 0x01, 0x61, 0x07, 0x4A, 0x0A, 0x10, 0x08, 0x04, 0x00, 0x03, 0x36,
    0x03, 0x09, 0x61, 0x00, 0x47, 0x07, 0x45, 0x0C, 0x0B, 0xE9, 0x01, 0x07,
    0x4F, 0x07, 0x2E, 0x03, 0x4F, 0x0A, 0x08, 0x04, 0x00, 0x03, 0x3D, 0x04,
    0x03, 0x3D, 0x06, 0x03, 0x45, 0x0D, 0xEB, 0x01, 0x01, 0x61, 0x07, 0x51,
    0x07, 0x2E, 0x03, 0x51, 0x0A, 0x09, 0x61, 0x04, 0x00, 0x03, 0x3D, 0x04,
    0x07, 0x3D, 0x06, 0x12, 0x0B, 0x45, 0x0D, 0x0A, 0x0F, 0xEE, 0x01, 0x01,
    0x61, 0x07, 0x45, 0x07, 0x2E, 0x03, 0x45, 0x0A, 0x0F, 0x34, 0x01, 0x2F,
    0x03, 0x20, 0x03, 0x3D, 0x05, 0x03, 0x3D, 0x06, 0x03, 0x45, 0x0D, 0xEC,
    0x01, 0x01, 0x61, 0x07, 0x51, 0x0A, 0x10, 0x09, 0x61, 0x03, 0x20, 0x03,
    0x3D, 0x04, 0x07, 0x3D, 0x06, 0x12, 0x07, 0x45, 0x0D, 0x0B, 0x69, 0x01,
    0x07, 0x45, 0x07, 0x2E, 0x03, 0x45, 0x0A, 0x0F, 0x2D, 0x01, 0x2F, 0x04,
    0xA1, 0x03, 0x36, 0x03, 0x0B, 0x45, 0x0E, 0x0A, 0x0F, 0x69, 0x01, 0x01,
    0x61, 0x07, 0x45, 0x0A, 0x10, 0x08, 0x04, 0xA2, 0x07, 0x3D, 0x05, 0x05,
    0x0B, 0x45, 0x0E, 0x0A, 0x0F, 0xEA, 0x01, 0x07, 0x4C, 0x07, 0x2E, 0x03,
    0x4C, 0x0A, 0x09, 0x61, 0x04, 0x00, 0x03, 0x3D, 0x05, 0x0B, 0x45, 0x0A,
    0x00, 0x37, 0x07, 0x45, 0x0E, 0x0B, 0xEA, 0x01, 0x01, 0x61, 0x07, 0x45,
    0x0A, 0x10, 0x08, 0x04, 0x00, 0x03, 0x3D, 0x02, 0x09, 0x61, 0x00, 0x37,
    0x03, 0x45, 0x0E, 0xE9, 0x01, 0x07, 0x4F, 0x07, 0x2E, 0x03, 0x4F, 0x0A,
    0x08, 0x04, 0x00, 0x03, 0x3D, 0x04, 0x03, 0x3D, 0x06, 0x0B, 0x45, 0x0F,
    0x0A, 0x0F, 0xEB, 0x01, 0x01, 0x61, 0x07, 0x51, 0x07, 0x2E, 0x03, 0x51,
    0x0A, 0x08, 0x04, 0x00, 0x07, 0x3D, 0x04, 0x0A, 0x07, 0x3D, 0x06, 0x12,
    0x0B, 0x45, 0x0F, 0x0A, 0x0F, 0x6E, 0x01, 0x01, 0x61, 0x07, 0x45, 0x07,
    0x2E, 0x03, 0x45, 0x0A, 0x0F, 0x39, 0x01, 0x2F, 0x03, 0x30, 0x03, 0x36,
    0x03, 0x03, 0x45, 0x0F, 0x6C, 0x01, 0x01, 0x61, 0x07, 0x51, 0x0A, 0x10,
    0x08, 0x03, 0x30, 0x07, 0x3D, 0x05, 0x05, 0x07, 0x45, 0x0F, 0x0B, 0x69,
    0x00, 0x07, 0x4C, 0x07, 0x2E, 0x03, 0x4C, 0x0A, 0x0F, 0x2D, 0x01, 0x2F,
    0x04, 0xA1, 0x03, 0x36, 0x03, 0x69, 0x01, 0x01, 0x61, 0x07, 0x45, 0x0A,
    0x10, 0x08, 0x04, 0xA2, 0x07, 0x3D, 0x05, 0x05, 0x0B, 0x45, 0x0D, 0x0A,
    0x0F, 0xEA, 0x01, 0x07, 0x53, 0x07, 0x2E, 0x03, 0x53, 0x0A, 0x09, 0x61,
    0x04, 0x00, 0x03, 0x3D, 0x05, 0x0B, 0x45, 0x0A, 0x00, 0x37, 0x0B, 0x45,
    0x0D, 0x0A, 0x0F, 0xEA, 0x01, 0x01, 0x61, 0x07, 0x4C, 0x0A, 0x10, 0x07,
    0x2D, 0x01, 0x2F, 0x03, 0x3D, 0x02, 0x09, 0x61, 0x00, 0x37, 0x07, 0x45,
    0x0D, 0x0B, 0xCC, 0x01, 0x07, 0x54, 0x07, 0x2E, 0x03, 0x54, 0x0A, 0x03,
    0x3D, 0x04, 0x03, 0x3D, 0x06, 0x03, 0x45, 0x0D, 0xEC, 0x01, 0x01, 0x61,
    0x07, 0x53, 0x0A, 0x10, 0x01, 0x61, 0x07, 0x3D, 0x04, 0x0A, 0x07, 0x3D,
    0x06, 0x12, 0x0B, 0x45, 0x0C, 0x0A, 0x0F, 0x69, 0x01, 0x07, 0x4D, 0x07,
    0x2E, 0x03, 0x4D, 0x0A, 0x07, 0x34, 0x01, 0x2F, 0x03, 0x3D, 0x05, 0x03,
    0x45, 0x0C, 0x69, 0x01, 0x01, 0x61, 0x07, 0x54, 0x0A, 0x10, 0x01, 0x61,
    0x03, 0x3D, 0x04, 0x07, 0x45, 0x0C, 0x0B, 0x6A, 0x01, 0x07, 0x45, 0x07,
    0x2E, 0x03, 0x45, 0x0A, 0x0F, 0x35, 0x01, 0x2F, 0x04, 0xA1, 0x03, 0x36,
    0x03, 0x0B, 0x45, 0x0B, 0x0A, 0x0F, 0x6A, 0x01, 0x01, 0x61, 0x07, 0x4D,
    0x0A, 0x10, 0x08, 0x04, 0xA2, 0x07, 0x3D, 0x05, 0x05, 0x0B, 0x45, 0x0B,
    0x0A, 0x0F, 0xEC, 0x01, 0x07, 0x4D, 0x07, 0x2E, 0x03, 0x4D, 0x0A, 0x09,
    0x61, 0x04, 0x00, 0x03, 0x3D, 0x05, 0x0B, 0x41, 0x0A, 0x00, 0x47, 0x07,
    0x45, 0x0B, 0x0B, 0xEC, 0x01, 0x01, 0x61, 0x07, 0x45, 0x0A, 0x10, 0x08,
    0x04, 0x00, 0x03, 0x3D, 0x02, 0x09, 0x61, 0x00, 0x47, 0x03, 0x45, 0x09,
    0xE9, 0x01, 0x07, 0x4D, 0x07, 0x2E, 0x03, 0x4D, 0x0A, 0x0F, 0x35, 0x01,
    0x2F, 0x04, 0x00, 0x03, 0x3D, 0x04, 0x03, 0x3D, 0x06, 0x0B, 0x45, 0x09,
    0x0A, 0x0F, 0xEB, 0x01, 0x01, 0x61, 0x07, 0x4C, 0x07, 0x2E, 0x03, 0x4C,
    0x0A, 0x09, 0x61, 0x04, 0x00, 0x07, 0x3D, 0x04, 0x0A, 0x07, 0x3D, 0x06,
    0x12, 0x0B, 0x45, 0x09, 0x0A, 0x0F, 0x6E, 0x01, 0x01, 0x61, 0x07, 0x48,
    0x07, 0x2E, 0x03, 0x48, 0x0A, 0x0F, 0x32, 0x01, 0x2F, 0x04, 0xA1, 0x03,
    0x3D, 0x05, 0x03, 0x45, 0x0B, 0x6C, 0x01, 0x01, 0x61, 0x07, 0x4D, 0x0A,
    0x10, 0x08, 0x04, 0xA2, 0x03, 0x3D, 0x02, 0x07, 0x45, 0x0B, 0x0B, 0x69,
    0x00, 0x07, 0x4A, 0x07, 0x2E, 0x03, 0x4A, 0x0A, 0x08, 0x04, 0x00, 0x03,
    0x36, 0x03, 0x69, 0x01, 0x01, 0x61, 0x07, 0x48, 0x0A, 0x10, 0x09, 0x61,
    0x04, 0x00, 0x03, 0x36, 0x03, 0x0B, 0x45, 0x0B, 0x0A, 0x0F, 0xEA, 0x01,
    0x07, 0x4C, 0x07, 0x2E, 0x03, 0x4C, 0x0A, 0x07, 0x32, 0x01, 0x2F, 0x03,
    0x3D, 0x05, 0x0B, 0x43, 0x0A, 0x00, 0x47, 0x0B, 0x45, 0x0B, 0x0A, 0x0F,
    0xCA, 0x01, 0x01, 0x61, 0x07, 0x4A, 0x0A, 0x10, 0x03, 0x36, 0x03, 0x09,
    0x61, 0x00, 0x47, 0x07, 0x45, 0x0C, 0x0B, 0xC9, 0x01, 0x07, 0x4F, 0x07,
    0x2E, 0x03, 0x4F, 0x0A, 0x03, 0x3D, 0x04, 0x03, 0x3D, 0x06, 0x03, 0x45,
    0x0C, 0xEB, 0x01, 0x01, 0x61, 0x07, 0x51, 0x07, 0x2E, 0x03, 0x51, 0x0A,
    0x01, 0x61, 0x07, 0x3D, 0x04, 0x0A, 0x07, 0x3D, 0x06, 0x12, 0x0B, 0x45,
    0x0C, 0x0A, 0x0F, 0x6E, 0x01, 0x01, 0x61, 0x07, 0x45, 0x07, 0x2E, 0x03,
    0x45, 0x0A, 0x07, 0x37, 0x01, 0x2F, 0x03, 0x3D, 0x05, 0x03, 0x45, 0x0D,
    0xEC, 0x01, 0x01, 0x61, 0x07, 0x51, 0x0A, 0x10, 0x01, 0x61, 0x03, 0x3D,
    0x04, 0x03, 0x3D, 0x06, 0x07, 0x45, 0x0D, 0x0B, 0xE9, 0x01, 0x07, 0x45,
    0x07, 0x2E, 0x03, 0x45, 0x0A, 0x0F, 0x2D, 0x01, 0x2F, 0x04, 0xA1, 0x03,
    0x36, 0x03, 0x07, 0x3D, 0x06, 0x12, 0x0B, 0x45, 0x0D, 0x0A, 0x0F, 0x69,
    0x01, 0x01, 0x61, 0x07, 0x45, 0x0A, 0x10, 0x08, 0x04, 0xA2, 0x07, 0x3D,
    0x05, 0x05, 0x0B, 0x45, 0x0E, 0x0A, 0x0F, 0xEA, 0x01, 0x07, 0x4C, 0x07,
    0x2E, 0x03, 0x4C, 0x0A, 0x09, 0x61, 0x04, 0x00, 0x03, 0x3D, 0x05, 0x0B,
    0x45, 0x0A, 0x00, 0x37, 0x07, 0x45, 0x0E, 0x0B, 0xEA, 0x01, 0x01, 0x61,
    0x07, 0x45, 0x0A, 0x10, 0x08, 0x04, 0x00, 0x03, 0x3D, 0x02, 0x09, 0x61,
    0x00, 0x37, 0x03, 0x45, 0x0E, 0xE9, 0x01, 0x07, 0x4F, 0x07, 0x2E, 0x03,
    0x4F, 0x0A, 0x08, 0x04, 0x00, 0x03, 0x3D, 0x04, 0x03, 0x3D, 0x06, 0x0B,
    0x45, 0x0F, 0x0A, 0x0F, 0xEB, 0x01, 0x01, 0x61, 0x07, 0x51, 0x07, 0x2E,
    0x03, 0x51, 0x0A, 0x08, 0x04, 0x00, 0x07, 0x3D, 0x04, 0x0A, 0x07, 0x3D,
    0x06, 0x12, 0x0B, 0x45, 0x0F, 0x0A, 0x0F, 0x6E, 0x01, 0x01, 0x61, 0x07,
    0x45, 0x07, 0x2E, 0x03, 0x45, 0x0A, 0x0F, 0x39, 0x01, 0x2F, 0x03, 0x30,
    0x03, 0x36, 0x03, 0x03, 0x45, 0x10, 0x6C, 0x01, 0x01, 0x61, 0x07, 0x51,
    0x0A, 0x10, 0x08, 0x03, 0x30, 0x07, 0x3D, 0x05, 0x05, 0x07, 0x45, 0x10,
    0x0B, 0x69, 0x00, 0x07, 0x4C, 0x07, 0x2E, 0x03, 0x4C, 0x0A, 0x0F, 0x2D,
    0x01, 0x2F, 0x04, 0xA1, 0x03, 0x36, 0x03, 0x69, 0x01, 0x01, 0x61, 0x07,
    0x45, 0x0A, 0x10, 0x08, 0x04, 0xA2, 0x07, 0x3D, 0x05, 0x05, 0x0B, 0x45,
    0x10, 0x0A, 0x0F, 0xEA, 0x01, 0x07, 0x53, 0x07, 0x2E, 0x03, 0x53, 0x0A,
    0x09, 0x61, 0x04, 0x00, 0x03, 0x3D, 0x05, 0x0B, 0x45, 0x0A, 0x00, 0x37,
    0x0B, 0x45, 0x10, 0x0A, 0x0F, 0xEA, 0x01, 0x01, 0x61, 0x07, 0x4C, 0x0A,
    0x10, 0x07, 0x2D, 0x01, 0x2F, 0x03, 0x3D, 0x02, 0x09, 0x61, 0x00, 0x37,
    0x07, 0x45, 0x11, 0x0B, 0xCC, 0x01, 0x07, 0x54, 0x07, 0x2E, 0x03, 0x54,
    0x0A, 0x03, 0x3D, 0x04, 0x03, 0x3D, 0x06, 0x03, 0x45, 0x11, 0xEC, 0x01,
    0x01, 0x61, 0x07, 0x53, 0x0A, 0x10, 0x01, 0x61, 0x07, 0x3D, 0x04, 0x0A,
    0x07, 0x3D, 0x06, 0x12, 0x0B, 0x45, 0x11, 0x0A, 0x0F, 0x69, 0x01, 0x07,
    0x56, 0x07, 0x2E, 0x03, 0x56, 0x0A, 0x07, 0x34, 0x01, 0x2F, 0x03, 0x3D,
    0x05, 0x03, 0x45, 0x11, 0x69, 0x01, 0x01, 0x61, 0x07, 0x54, 0x0A, 0x10,
    0x01, 0x61, 0x03, 0x3D, 0x04, 0x07, 0x45, 0x12, 0x0B, 0x6A, 0x01, 0x07,
    0x45, 0x07, 0x2E, 0x03, 0x45, 0x0A, 0x0F, 0x35, 0x01, 0x2F, 0x04, 0xA1,
    0x03, 0x36, 0x03, 0x0B, 0x45, 0x12, 0x0A, 0x0F, 0x6A, 0x01, 0x01, 0x61,
    0x07, 0x56, 0x0A, 0x10, 0x08, 0x04, 0xA2, 0x07, 0x3D, 0x05, 0x05, 0x0B,
    0x45, 0x12, 0x0A, 0x0F, 0xFC, 0x01, 0x07, 0x51, 0x07, 0x2E, 0x03, 0x51,
    0x0A, 0x03, 0x3D, 0x04, 0x09, 0x61, 0x04, 0x00, 0x03, 0x3D, 0x05, 0x0B,
    0x41, 0x0A, 0x00, 0x47, 0x07, 0x45, 0x13, 0x0B, 0xEC, 0x01, 0x01, 0x61,
    0x07, 0x45, 0x0A, 0x10, 0x08, 0x04, 0x00, 0x03, 0x3D, 0x02, 0x09, 0x61,
    0x00, 0x47, 0x03, 0x45, 0x13, 0xE9, 0x01, 0x07, 0x53, 0x07, 0x2E, 0x03,
    0x53, 0x0A, 0x0F, 0x35, 0x01, 0x2F, 0x04, 0x00, 0x03, 0x3D, 0x04, 0x03,
    0x3D, 0x06, 0x0B, 0x45, 0x13, 0x0A, 0x0F, 0xFB, 0x01, 0x01, 0x61, 0x07,
    0x4C, 0x07, 0x2E, 0x03, 0x4C, 0x0A, 0x03, 0x3D, 0x04, 0x09, 0x61, 0x04,
    0x00, 0x07, 0x3D, 0x04, 0x0A, 0x07, 0x3D, 0x06, 0x12, 0x0B, 0x45, 0x14,
    0x0A, 0x0F, 0x6E, 0x01, 0x01, 0x61, 0x07, 0x4F, 0x07, 0x2E, 0x03, 0x4F,
    0x0A, 0x0F, 0x37, 0x01, 0x2F, 0x03, 0x30, 0x03, 0x3D, 0x05, 0x03, 0x45,
    0x14, 0x6C, 0x01, 0x01, 0x61, 0x07, 0x4C, 0x0A, 0x10, 0x08, 0x03, 0x30,
    0x03, 0x3D, 0x02, 0x07, 0x45, 0x14, 0x0B, 0x79, 0x00, 0x07, 0x4A, 0x07,
    0x2E, 0x03, 0x4A, 0x0A, 0x03, 0x3D, 0x04, 0x08, 0x04, 0xA1, 0x03, 0x36,
    0x03, 0xE9, 0x01, 0x01, 0x61, 0x07, 0x4F, 0x0A, 0x10, 0x09, 0x61, 0x04,
    0xA2, 0x03, 0x36, 0x03, 0x03, 0x3D, 0x06, 0x0B, 0x45, 0x16, 0x0A, 0x0F,
    0xFA, 0x01, 0x07, 0x4C, 0x07, 0x2E, 0x03, 0x4C, 0x0A, 0x03, 0x3D, 0x04,
    0x0F, 0x37, 0x01, 0x2F, 0x04, 0x00, 0x03, 0x3D, 0x05, 0x0B, 0x43, 0x0A,
    0x00, 0x47, 0x0B, 0x45, 0x16, 0x0A, 0x0F, 0xFA, 0x01, 0x01, 0x61, 0x07,
    0x4A, 0x0A, 0x10, 0x03, 0x3D, 0x04, 0x08, 0x04, 0x00, 0x03, 0x36, 0x03,
    0x09, 0x61, 0x00, 0x47, 0x07, 0x45, 0x16, 0x0B, 0xE9, 0x01, 0x07, 0x4F,
    0x07, 0x2E, 0x03, 0x4F, 0x0A, 0x08, 0x04, 0x00, 0x03, 0x3D, 0x04, 0x03,
    0x3D, 0x06, 0x03, 0x45, 0x14, 0xFB, 0x01, 0x01, 0x61, 0x07, 0x53, 0x07,
    0x2E, 0x03, 0x53, 0x0A, 0x03, 0x3D, 0x04, 0x09, 0x61, 0x04, 0x00, 0x03,
    0x3D, 0x04, 0x07, 0x3D, 0x06, 0x12, 0x0B, 0x45, 0x13, 0x0A, 0x0F, 0xFE,
    0x01, 0x01, 0x61, 0x07, 0x54, 0x07, 0x2E, 0x03, 0x54, 0x0A, 0x03, 0x3D,
    0x04, 0x0F, 0x34, 0x01, 0x2F, 0x03, 0x20, 0x03, 0x3D, 0x05, 0x03, 0x3D,
    0x06, 0x03, 0x45, 0x13, 0xFC, 0x01, 0x01, 0x61, 0x07, 0x53, 0x0A, 0x10,
    0x03, 0x3D, 0x04, 0x09, 0x61, 0x03, 0x20, 0x03, 0x3D, 0x04, 0x07, 0x3D,
    0x06, 0x12, 0x07, 0x45, 0x13, 0x0B, 0x69, 0x03, 0x07, 0x45, 0x07, 0x2E,
    0x03, 0x45, 0x0A, 0x0F, 0x2D, 0x01, 0x2F, 0x04, 0xA1, 0x03, 0x36, 0x03,
    0x0B, 0x45, 0x16, 0x0A, 0x0F, 0x03, 0x47, 0x15, 0x69, 0x03, 0x01, 0x61,
    0x07, 0x45, 0x0A, 0x10, 0x08, 0x04, 0xA2, 0x07, 0x3D, 0x05, 0x05, 0x0B,
    0x45, 0x16, 0x0A, 0x0F, 0x03, 0x48, 0x15, 0xFA, 0x01, 0x07, 0x4C, 0x07,
    0x2E, 0x03, 0x4C, 0x0A, 0x07, 0x47, 0x15, 0x15, 0x09, 0x61, 0x04, 0x00,
    0x03, 0x3D, 0x05, 0x0B, 0x45, 0x0A, 0x00, 0x37, 0x07, 0x45, 0x16, 0x0B,
    0xFA, 0x03, 0x01, 0x61, 0x07, 0x45, 0x0A, 0x10, 0x05, 0x48, 0x15, 0x08,
    0x04, 0x00, 0x03, 0x3D, 0x02, 0x09, 0x61, 0x00, 0x37, 0x03, 0x45, 0x16,
    0x0B, 0x47, 0x15, 0x03, 0x04, 0xE9, 0x03, 0x07, 0x4F, 0x07, 0x2E, 0x03,
    0x4F, 0x0A, 0x08, 0x04, 0x00, 0x03, 0x3D, 0x04, 0x03, 0x3D, 0x06, 0x0B,
    0x45, 0x14, 0x0A, 0x0F, 0x08, 0x03, 0x04, 0xFB, 0x01, 0x01, 0x61, 0x07,
    0x51, 0x07, 0x2E, 0x03, 0x51, 0x0A, 0x0D, 0x47, 0x15, 0x03, 0x04, 0x08,
    0x04, 0x00, 0x07, 0x3D, 0x04, 0x0A, 0x07, 0x3D, 0x06, 0x12, 0x0B, 0x45,
    0x14, 0x0A, 0x0F, 0x7E, 0x01, 0x01, 0x61, 0x07, 0x45, 0x07, 0x2E, 0x03,
    0x45, 0x0A, 0x08, 0x03, 0x04, 0x0F, 0x39, 0x01, 0x2F, 0x03, 0x30, 0x03,
    0x36, 0x03, 0x03, 0x45, 0x14, 0x6C, 0x01, 0x01, 0x61, 0x07, 0x51, 0x0A,
    0x10, 0x08, 0x03, 0x30, 0x07, 0x3D, 0x05, 0x05, 0x07, 0x45, 0x14, 0x0B,
    0x69, 0x02, 0x07, 0x4C, 0x07, 0x2E, 0x03, 0x4C, 0x0A, 0x0F, 0x2D, 0x01,
    0x2F, 0x04, 0xA1, 0x03, 0x36, 0x03, 0x01, 0x61, 0x69, 0x01, 0x01, 0x61,
    0x07, 0x45, 0x0A, 0x10, 0x08, 0x04, 0xA2, 0x07, 0x3D, 0x05, 0x05, 0x0B,
    0x45, 0x13, 0x0A, 0x0F, 0xEA, 0x03, 0x07, 0x53, 0x07, 0x2E, 0x03, 0x53,
    0x0A, 0x09, 0x61, 0x04, 0x00, 0x03, 0x3D, 0x05, 0x0B, 0x45, 0x0A, 0x00,
    0x37, 0x0B, 0x45, 0x13, 0x0A, 0x0F, 0x0B, 0x4A, 0x15, 0x03, 0x06, 0xEA,
    0x03, 0x01, 0x61, 0x07, 0x4C, 0x0A, 0x10, 0x07, 0x2D, 0x01, 0x2F, 0x03,
    0x3D, 0x02, 0x09, 0x61, 0x00, 0x37, 0x07, 0x45, 0x13, 0x0B, 0x08, 0x03,
    0x06, 0xDC, 0x01, 0x07, 0x54, 0x07, 0x2E, 0x03, 0x54, 0x0A, 0x0D, 0x4A,
    0x15, 0x03, 0x06, 0x03, 0x3D, 0x04, 0x03, 0x3D, 0x06, 0x03, 0x45, 0x13,
    0xFC, 0x03, 0x01, 0x61, 0x07, 0x53, 0x0A, 0x10, 0x08, 0x03, 0x06, 0x01,
    0x61, 0x07, 0x3D, 0x04, 0x0A, 0x07, 0x3D, 0x06, 0x12, 0x0B, 0x45, 0x12,
    0x0A, 0x0F, 0x01, 0x61, 0x69, 0x03, 0x07, 0x4D, 0x07, 0x2E, 0x03, 0x4D,
    0x0A, 0x07, 0x34, 0x01, 0x2F, 0x03, 0x3D, 0x05, 0x03, 0x45, 0x12, 0x03,
    0x41, 0x15, 0x69, 0x03, 0x01, 0x61, 0x07, 0x54, 0x0A, 0x10, 0x01, 0x61,
    0x03, 0x3D, 0x04, 0x07, 0x45, 0x12, 0x0B, 0x01, 0x61, 0x7A, 0x03, 0x07,
    0x45, 0x07, 0x2E, 0x03, 0x45, 0x0A, 0x05, 0x41, 0x15, 0x0F, 0x35, 0x01,
    0x2F, 0x04, 0xA1, 0x03, 0x36, 0x03, 0x0B, 0x45, 0x12, 0x0A, 0x0F, 0x0B,
    0x4C, 0x15, 0x03, 0x16, 0x6A, 0x03, 0x01, 0x61, 0x07, 0x4D, 0x0A, 0x10,
    0x08, 0x04, 0xA2, 0x07, 0x3D, 0x05, 0x05, 0x0B, 0x45, 0x11, 0x0A, 0x0F,
    0x08, 0x03, 0x16, 0xFC, 0x01, 0x07, 0x4D, 0x07, 0x2E, 0x03, 0x4D, 0x0A,
    0x0D, 0x4C, 0x15, 0x03, 0x16, 0x09, 0x61, 0x04, 0x00, 0x03, 0x3D, 0x05,
    0x0B, 0x41, 0x0A, 0x00, 0x47, 0x07, 0x45, 0x11, 0x0B, 0xFC, 0x01, 0x01,
    0x61, 0x07, 0x45, 0x0A, 0x10, 0x08, 0x03, 0x16, 0x08, 0x04, 0x00, 0x03,
    0x3D, 0x02, 0x09, 0x61, 0x00, 0x47, 0x03, 0x45, 0x11, 0xE9, 0x03, 0x07,
    0x4D, 0x07, 0x2E, 0x03, 0x4D, 0x0A, 0x0F, 0x35, 0x01, 0x2F, 0x04, 0x00,
    0x03, 0x3D, 0x04, 0x03, 0x3D, 0x06, 0x0B, 0x45, 0x11, 0x0A, 0x0F, 0x03,
    0x45, 0x15, 0xEB, 0x03, 0x01, 0x61, 0x07, 0x4C, 0x07, 0x2E, 0x03, 0x4C,
    0x0A, 0x09, 0x61, 0x04, 0x00, 0x07, 0x3D, 0x04, 0x0A, 0x07, 0x3D, 0x06,
    0x12, 0x0B, 0x45, 0x10, 0x0A, 0x0F, 0x01, 0x61, 0x7E, 0x03, 0x01, 0x61,
    0x07, 0x48, 0x07, 0x2E, 0x03, 0x48, 0x0A, 0x05, 0x45, 0x15, 0x0F, 0x32,
    0x01, 0x2F, 0x04, 0xA1, 0x03, 0x3D, 0x05, 0x03, 0x45, 0x10, 0x0B, 0x48,
    0x15, 0x03, 0x06, 0x6C, 0x03, 0x01, 0x61, 0x07, 0x4D, 0x0A, 0x10, 0x08,
    0x04, 0xA2, 0x03, 0x3D, 0x02, 0x07, 0x45, 0x10, 0x0B, 0x08, 0x03, 0x06,
    0x79, 0x00, 0x07, 0x4A, 0x07, 0x2E, 0x03, 0x4A, 0x0A, 0x0D, 0x48, 0x15,
    0x03, 0x06, 0x08, 0x04, 0x00, 0x03, 0x36, 0x03, 0x79, 0x01, 0x01, 0x61,
    0x07, 0x48, 0x0A, 0x10, 0x08, 0x03, 0x06, 0x09, 0x61, 0x04, 0x00, 0x03,
    0x36, 0x03, 0x0B, 0x45, 0x10, 0x0A, 0x0F, 0xEA, 0x03, 0x07, 0x4C, 0x07,
    0x2E, 0x03, 0x4C, 0x0A, 0x07, 0x32, 0x01, 0x2F, 0x03, 0x3D, 0x05, 0x0B,
    0x43, 0x0A, 0x00, 0x47, 0x0B, 0x45, 0x0F, 0x0A, 0x0F, 0x0B, 0x47, 0x15,
    0x03, 0x06, 0xCA, 0x03, 0x01, 0x61, 0x07, 0x4A, 0x0A, 0x10, 0x03, 0x36,
    0x03, 0x09, 0x61, 0x00, 0x47, 0x07, 0x45, 0x0F, 0x0B, 0x08, 0x03, 0x06,
    0xD9, 0x01, 0x07, 0x4F, 0x07, 0x2E, 0x03, 0x4F, 0x0A, 0x0D, 0x47, 0x15,
    0x03, 0x06, 0x03, 0x3D, 0x04, 0x03, 0x3D, 0x06, 0x03, 0x45, 0x0F, 0xFB,
    0x01, 0x01, 0x61, 0x07, 0x51, 0x07, 0x2E, 0x03, 0x51, 0x0A, 0x08, 0x03,
    0x06, 0x01, 0x61, 0x07, 0x3D, 0x04, 0x0A, 0x07, 0x3D, 0x06, 0x12, 0x0B,
    0x45, 0x0F, 0x0A, 0x0F, 0x6E, 0x01, 0x01, 0x61, 0x07, 0x45, 0x07, 0x2E,
    0x03, 0x45, 0x0A, 0x07, 0x37, 0x01, 0x2F, 0x03, 0x3D, 0x05, 0x03, 0x45,
    0x0E, 0xEC, 0x01, 0x01, 0x61, 0x07, 0x51, 0x0A, 0x10, 0x01, 0x61, 0x03,
    0x3D, 0x04, 0x03, 0x3D, 0x06, 0x07, 0x45, 0x0E, 0x0B, 0xE9, 0x03, 0x07,
    0x45, 0x07, 0x2E, 0x03, 0x45, 0x0A, 0x0F, 0x2D, 0x01, 0x2F, 0x04, 0xA1,
    0x03, 0x36, 0x03, 0x07, 0x3D, 0x06, 0x12, 0x0B, 0x45, 0x0E, 0x0A, 0x0F,
    0x03, 0x47, 0x15, 0x69, 0x03, 0x01, 0x61, 0x07, 0x45, 0x0A, 0x10, 0x08,
    0x04, 0xA2, 0x07, 0x3D, 0x05, 0x05, 0x0B, 0x45, 0x0E, 0x0A, 0x0F, 0x03,
    0x48, 0x15, 0xFA, 0x01, 0x07, 0x4C, 0x07, 0x2E, 0x03, 0x4C, 0x0A, 0x05,
    0x47, 0x15, 0x09, 0x61, 0x04, 0x00, 0x03, 0x3D, 0x05, 0x0B, 0x45, 0x0A,
    0x00, 0x37, 0x07, 0x45, 0x0D, 0x0B, 0xFA, 0x03, 0x01, 0x61, 0x07, 0x45,
    0x0A, 0x10, 0x05, 0x48, 0x15, 0x08, 0x04, 0x00, 0x03, 0x3D, 0x02, 0x09,
    0x61, 0x00, 0x37, 0x03, 0x45, 0x0D, 0x0B, 0x47, 0x15, 0x03, 0x04, 0xE9,
    0x03, 0x07, 0x4F, 0x07, 0x2E, 0x03, 0x4F, 0x0A, 0x08, 0x04, 0x00, 0x03,
    0x3D, 0x04, 0x03, 0x3D, 0x06, 0x0B, 0x45, 0x0D, 0x0A, 0x0F, 0x08, 0x03,
    0x04, 0xFB, 0x01, 0x01, 0x61, 0x07, 0x51, 0x07, 0x2E, 0x03, 0x51, 0x0A,
    0x0D, 0x47, 0x15, 0x03, 0x04, 0x08, 0x04, 0x00, 0x07, 0x3D, 0x04, 0x0A,
    0x07, 0x3D, 0x06, 0x12, 0x0B, 0x45, 0x0D, 0x0A, 0x0F, 0x7E, 0x01, 0x01,
    0x61, 0x07, 0x45, 0x07, 0x2E, 0x03, 0x45, 0x0A, 0x08, 0x03, 0x04, 0x0F,
    0x39, 0x01, 0x2F, 0x03, 0x30, 0x03, 0x36, 0x03, 0x03, 0x45, 0x0C, 0x6C,
    0x01, 0x01, 0x61, 0x07, 0x51, 0x0A, 0x10, 0x08, 0x03, 0x30, 0x07, 0x3D,
    0x05, 0x05, 0x07, 0x45, 0x0C, 0x0B, 0x69, 0x02, 0x07, 0x4C, 0x07, 0x2E,
    0x03, 0x4C, 0x0A, 0x0F, 0x2D, 0x01, 0x2F, 0x04, 0xA1, 0x03, 0x36, 0x03,
    0x01, 0x61, 0x69, 0x01, 0x01, 0x61, 0x07, 0x45, 0x0A, 0x10, 0x08, 0x04,
    0xA2, 0x07, 0x3D, 0x05, 0x05, 0x0B, 0x45, 0x0C, 0x0A, 0x0F, 0xEA, 0x03,
    0x07, 0x53, 0x07, 0x2E, 0x03, 0x53, 0x0A, 0x09, 0x61, 0x04, 0x00, 0x03,
    0x3D, 0x05, 0x0B, 0x45, 0x0A, 0x00, 0x37, 0x0B, 0x45, 0x0C, 0x0A, 0x0F,
    0x0B, 0x4A, 0x15, 0x03, 0x06, 0xEA, 0x03, 0x01, 0x61, 0x07, 0x4C, 0x0A,
    0x10, 0x07, 0x2D, 0x01, 0x2F, 0x03, 0x3D, 0x02, 0x09, 0x61, 0x00, 0x37,
    0x07, 0x45, 0x0B, 0x0B, 0x08, 0x03, 0x06, 0xDC, 0x01, 0x07, 0x54, 0x07,
    0x2E, 0x03, 0x54, 0x0A, 0x0D, 0x4A, 0x15, 0x03, 0x06, 0x03, 0x3D, 0x04,
    0x03, 0x3D, 0x06, 0x03, 0x45, 0x0B, 0xFC, 0x03, 0x01, 0x61, 0x07, 0x53,
    0x0A, 0x10, 0x08, 0x03, 0x06, 0x01, 0x61, 0x07, 0x3D, 0x04, 0x0A, 0x07,
    0x3D, 0x06, 0x12, 0x0B, 0x45, 0x0B, 0x0A, 0x0F, 0x01, 0x61, 0x69, 0x03,
    0x07, 0x4D, 0x07, 0x2E, 0x03, 0x4D, 0x0A, 0x07, 0x34, 0x01, 0x2F, 0x03,
    0x3D, 0x05, 0x03, 0x45, 0x09, 0x03, 0x41, 0x15, 0x69, 0x03, 0x01, 0x61,
    0x07, 0x54, 0x0A, 0x10, 0x01, 0x61, 0x03, 0x3D, 0x04, 0x07, 0x45, 0x09,
    0x0B, 0x01, 0x61, 0x7A, 0x03, 0x07, 0x45, 0x07, 0x2E, 0x03, 0x45, 0x0A,
    0x05, 0x41, 0x15, 0x0F, 0x35, 0x01, 0x2F, 0x04, 0xA1, 0x03, 0x36, 0x03,
    0x0B, 0x45, 0x09, 0x0A, 0x0F, 0x0B, 0x45, 0x15, 0x03, 0x16, 0x6A, 0x03,
    0x01, 0x61, 0x07, 0x4D, 0x0A, 0x10, 0x08, 0x04, 0xA2, 0x07, 0x3D, 0x05,
    0x05, 0x0B, 0x45, 0x09, 0x0A, 0x0F, 0x08, 0x03, 0x16, 0xFC, 0x01, 0x07,
    0x4D, 0x07, 0x2E, 0x03, 0x4D, 0x0A, 0x0D, 0x45, 0x15, 0x03, 0x16, 0x09,
    0x61, 0x04, 0x00, 0x03, 0x3D, 0x05, 0x0B, 0x41, 0x0A, 0x00, 0x47, 0x07,
    0x45, 0x09, 0x0B, 0xFC, 0x01, 0x01, 0x61, 0x07, 0x45, 0x0A, 0x10, 0x08,
    0x03, 0x16, 0x08, 0x04, 0x00, 0x03, 0x3D, 0x02, 0x09, 0x61, 0x00, 0x47,
    0x03, 0x45, 0x09, 0xE9, 0x03, 0x07, 0x4D, 0x07, 0x2E, 0x03, 0x4D, 0x0A,
    0x0F, 0x35, 0x01, 0x2F, 0x04, 0x00, 0x03, 0x3D, 0x04, 0x03, 0x3D, 0x06,
    0x0B, 0x45, 0x0B, 0x0A, 0x0F, 0x03, 0x47, 0x15, 0xEB, 0x03, 0x01, 0x61,
    0x07, 0x4C, 0x07, 0x2E, 0x03, 0x4C, 0x0A, 0x09, 0x61, 0x04, 0x00, 0x07,
    0x3D, 0x04, 0x0A, 0x07, 0x3D, 0x06, 0x12, 0x0B, 0x45, 0x0B, 0x0A, 0x0F,
    0x01, 0x61, 0x7E, 0x03, 0x01, 0x61, 0x07, 0x48, 0x07, 0x2E, 0x03, 0x48,
    0x0A, 0x05, 0x47, 0x15, 0x0F, 0x37, 0x01, 0x2F, 0x03, 0x30, 0x03, 0x3D,
    0x05, 0x03, 0x45, 0x0B, 0x0B, 0x48, 0x15, 0x03, 0x06, 0x6C, 0x03, 0x01,
    0x61, 0x07, 0x4D, 0x0A, 0x10, 0x08, 0x03, 0x30, 0x03, 0x3D, 0x02, 0x07,
    0x45, 0x0B, 0x0B, 0x08, 0x03, 0x06, 0x79, 0x00, 0x07, 0x4A, 0x07, 0x2E,
    0x03, 0x4A, 0x0A, 0x0D, 0x48, 0x15, 0x03, 0x06, 0x08, 0x04, 0xA1, 0x03,
    0x36, 0x03, 0xF9, 0x01, 0x01, 0x61, 0x07, 0x48, 0x0A, 0x10, 0x08, 0x03,
    0x06, 0x09, 0x61, 0x04, 0xA2, 0x03, 0x36, 0x03, 0x03, 0x3D, 0x06, 0x0B,
    0x45, 0x0C, 0x0A, 0x0F, 0xEA, 0x03, 0x07, 0x4C, 0x07, 0x2E, 0x03, 0x4C,
    0x0A, 0x0F, 0x37, 0x01, 0x2F, 0x04, 0x00, 0x03, 0x3D, 0x05, 0x0B, 0x43,
    0x0A, 0x00, 0x47, 0x0B, 0x45, 0x0C, 0x0A, 0x0F, 0x0B, 0x47, 0x15, 0x03,
    0x06, 0xEA, 0x03, 0x01, 0x61, 0x07, 0x4A, 0x0A, 0x10, 0x08, 0x04, 0x00,
    0x03, 0x36, 0x03, 0x09, 0x61, 0x00, 0x47, 0x07, 0x45, 0x0C, 0x0B, 0x08,
    0x03, 0x06, 0xF9, 0x03, 0x07, 0x4F, 0x07, 0x2E, 0x03, 0x4F, 0x0A, 0x0D,
    0x47, 0x15, 0x03, 0x06, 0x08, 0x04, 0x00, 0x03, 0x3D, 0x04, 0x03, 0x3D,
    0x06, 0x03, 0x45, 0x0D, 0x03, 0x43, 0x15, 0xFB, 0x01, 0x01, 0x61, 0x07,
    0x51, 0x07, 0x2E, 0x03, 0x51, 0x0A, 0x08, 0x03, 0x06, 0x09, 0x61, 0x04,
    0x00, 0x03, 0x3D, 0x04, 0x07, 0x3D, 0x06, 0x12, 0x0B, 0x45, 0x0D, 0x0A,
    0x0F, 0xFE, 0x01, 0x01, 0x61, 0x07, 0x45, 0x07, 0x2E, 0x03, 0x45, 0x0A,
    0x05, 0x43, 0x15, 0x0F, 0x34, 0x01, 0x2F, 0x03, 0x20, 0x03, 0x3D, 0x05,
    0x03, 0x3D, 0x06, 0x03, 0x45, 0x0D, 0xEC, 0x01, 0x01, 0x61, 0x07, 0x51,
    0x0A, 0x10, 0x09, 0x61, 0x03, 0x20, 0x03, 0x3D, 0x04, 0x07, 0x3D, 0x06,
    0x12, 0x07, 0x45, 0x0D, 0x0B, 0x69, 0x03, 0x07, 0x45, 0x07, 0x2E, 0x03,
    0x45, 0x0A, 0x0F, 0x2D, 0x01, 0x2F, 0x04, 0xA1, 0x03, 0x36, 0x03, 0x0B,
    0x45, 0x0E, 0x0A, 0x0F, 0x03, 0x47, 0x15, 0x69, 0x03, 0x01, 0x61, 0x07,
    0x45, 0x0A, 0x10, 0x08, 0x04, 0xA2, 0x07, 0x3D, 0x05, 0x05, 0x0B, 0x45,
    0x0E, 0x0A, 0x0F, 0x03, 0x48, 0x15, 0xFA, 0x01, 0x07, 0x4C, 0x07, 0x2E,
    0x03, 0x4C, 0x0A, 0x07, 0x47, 0x15, 0x15, 0x09, 0x61, 0x04, 0x00, 0x03,
    0x3D, 0x05, 0x0B, 0x45, 0x0A, 0x00, 0x37, 0x07, 0x45, 0x0E, 0x0B, 0xFA,
    0x03, 0x01, 0x61, 0x07, 0x45, 0x0A, 0x10, 0x01, 0x48, 0x08, 0x04, 0x00,
    0x03, 0x3D, 0x02, 0x09, 0x61, 0x00, 0x37, 0x03, 0x45, 0x0E, 0x0B, 0x47,
    0x15, 0x03, 0x04, 0xE9, 0x03, 0x07, 0x4F, 0x07, 0x2E, 0x03, 0x4F, 0x0A,
    0x08, 0x04, 0x00, 0x03, 0x3D, 0x04, 0x03, 0x3D, 0x06, 0x0B, 0x45, 0x0F,
    0x0A, 0x0F, 0x08, 0x03, 0x04, 0xFB, 0x01, 0x01, 0x61, 0x07, 0x51, 0x07,
    0x2E, 0x03, 0x51, 0x0A, 0x09, 0x47, 0x03, 0x04, 0x08, 0x04, 0x00, 0x07,
    0x3D, 0x04, 0x0A, 0x07, 0x3D, 0x06, 0x12, 0x0B, 0x45, 0x0F, 0x0A, 0x0F,
    0x7E, 0x01, 0x01, 0x61, 0x07, 0x45, 0x07, 0x2E, 0x03, 0x45, 0x0A, 0x08,
    0x03, 0x04, 0x0F, 0x39, 0x01, 0x2F, 0x03, 0x30, 0x03, 0x36, 0x03, 0x03,
    0x45, 0x0F, 0x6C, 0x01, 0x01, 0x61, 0x07, 0x51, 0x0A, 0x10, 0x08, 0x03,
    0x30, 0x07, 0x3D, 0x05, 0x05, 0x07, 0x45, 0x0F, 0x0B, 0x69, 0x02, 0x07,
    0x4C, 0x07, 0x2E, 0x03, 0x4C, 0x0A, 0x0F, 0x2D, 0x01, 0x2F, 0x04, 0xA1,
    0x03, 0x36, 0x03, 0x01, 0x61, 0x69, 0x01, 0x01, 0x61, 0x07, 0x45, 0x0A,
    0x10, 0x08, 0x04, 0xA2, 0x07, 0x3D, 0x05, 0x05, 0x0B, 0x45, 0x0D, 0x0A,
    0x0F, 0xEA, 0x03, 0x07, 0x53, 0x07, 0x2E, 0x03, 0x53, 0x0A, 0x09, 0x61,
    0x04, 0x00, 0x03, 0x3D, 0x05, 0x0B, 0x45, 0x0A, 0x00, 0x37, 0x0B, 0x45,
    0x0D, 0x0A, 0x0F, 0x0B, 0x4A, 0x15, 0x03, 0x06, 0xEA, 0x03, 0x01, 0x61,
    0x07, 0x4C, 0x0A, 0x10, 0x07, 0x2D, 0x01, 0x2F, 0x03, 0x3D, 0x02, 0x09,
    0x61, 0x00, 0x37, 0x07, 0x45, 0x0D, 0x0B, 0x08, 0x03, 0x06, 0xDC, 0x01,
    0x07, 0x54, 0x07, 0x2E, 0x03, 0x54, 0x0A, 0x09, 0x4A, 0x03, 0x06, 0x03,
    0x3D, 0x04, 0x03, 0x3D, 0x06, 0x03, 0x45, 0x0D, 0xFC, 0x03, 0x01, 0x61,
    0x07, 0x53, 0x0A, 0x10, 0x08, 0x03, 0x06, 0x01, 0x61, 0x07, 0x3D, 0x04,
    0x0A, 0x07, 0x3D, 0x06, 0x12, 0x0B, 0x45, 0x0C, 0x0A, 0x0F, 0x01, 0x61,
    0x69, 0x03, 0x07, 0x4D, 0x07, 0x2E, 0x03, 0x4D, 0x0A, 0x07, 0x34, 0x01,
    0x2F, 0x03, 0x3D, 0x05, 0x03, 0x45, 0x0C, 0x03, 0x41, 0x15, 0x69, 0x03,
    0x01, 0x61, 0x07, 0x54, 0x0A, 0x10, 0x01, 0x61, 0x03, 0x3D, 0x04, 0x07,
    0x45, 0x0C, 0x0B, 0x01, 0x61, 0x7A, 0x03, 0x07, 0x45, 0x07, 0x2E, 0x03,
    0x45, 0x0A, 0x01, 0x41, 0x0F, 0x35, 0x01, 0x2F, 0x04, 0xA1, 0x03, 0x36,
    0x03, 0x0B, 0x45, 0x0B, 0x0A, 0x0F, 0x0B, 0x4C, 0x15, 0x03, 0x16, 0x6A,
    0x03, 0x01, 0x61, 0x07, 0x4D, 0x0A, 0x10, 0x08, 0x04, 0xA2, 0x07, 0x3D,
    0x05, 0x05, 0x0B, 0x45, 0x0B, 0x0A, 0x0F, 0x08, 0x03, 0x16, 0xFC, 0x01,
    0x07, 0x4D, 0x07, 0x2E, 0x03, 0x4D, 0x0A, 0x09, 0x4C, 0x03, 0x16, 0x09,
    0x61, 0x04, 0x00, 0x03, 0x3D, 0x05, 0x0B, 0x41, 0x0A, 0x00, 0x47, 0x07,
    0x45, 0x0B, 0x0B, 0xFC, 0x01, 0x01, 0x61, 0x07, 0x45, 0x0A, 0x10, 0x08,
    0x03, 0x16, 0x08, 0x04, 0x00, 0x03, 0x3D, 0x02, 0x09, 0x61, 0x00, 0x47,
    0x03, 0x45, 0x09, 0xE9, 0x03, 0x07, 0x4D, 0x07, 0x2E, 0x03, 0x4D, 0x0A,
    0x0F, 0x35, 0x01, 0x2F, 0x04, 0x00, 0x03, 0x3D, 0x04, 0x03, 0x3D, 0x06,
    0x0B, 0x45, 0x09, 0x0A, 0x0F, 0x03, 0x45, 0x15, 0xEB, 0x03, 0x01, 0x61,
    0x07, 0x4C, 0x07, 0x2E, 0x03, 0x4C, 0x0A, 0x09, 0x61, 0x04, 0x00, 0x07,
    0x3D, 0x04, 0x0A, 0x07, 0x3D, 0x06, 0x12, 0x0B, 0x45, 0x09, 0x0A, 0x0F,
    0x01, 0x61, 0x7E, 0x03, 0x01, 0x61, 0x07, 0x48, 0x07, 0x2E, 0x03, 0x48,
    0x0A, 0x01, 0x45, 0x0F, 0x32, 0x01, 0x2F, 0x04, 0xA1, 0x03, 0x3D, 0x05,
    0x03, 0x45, 0x0B, 0x0B, 0x48, 0x15, 0x03, 0x06, 0x6C, 0x03, 0x01, 0x61,
    0x07, 0x4D, 0x0A, 0x10, 0x08, 0x04, 0xA2, 0x03, 0x3D, 0x02, 0x07, 0x45,
    0x0B, 0x0B, 0x08, 0x03, 0x06, 0x79, 0x00, 0x07, 0x4A, 0x07, 0x2E, 0x03,
    0x4A, 0x0A, 0x09, 0x48, 0x03, 0x06, 0x08, 0x04, 0x00, 0x03, 0x36, 0x03,
    0x79, 0x01, 0x01, 0x61, 0x07, 0x48, 0x0A, 0x10, 0x08, 0x03, 0x06, 0x09,
    0x61, 0x04, 0x00, 0x03, 0x36, 0x03, 0x0B, 0x45, 0x0B, 0x0A, 0x0F, 0xEA,
    0x03, 0x07, 0x4C, 0x07, 0x2E, 0x03, 0x4C, 0x0A, 0x07, 0x32, 0x01, 0x2F,
    0x03, 0x3D, 0x05, 0x0B, 0x43, 0x0A, 0x00, 0x47, 0x0B, 0x45, 0x0B, 0x0A,
    0x0F, 0x0B, 0x47, 0x15, 0x03, 0x06, 0xCA, 0x03, 0x01, 0x61, 0x07, 0x4A,
    0x0A, 0x10, 0x03, 0x36, 0x03, 0x09, 0x61, 0x00, 0x47, 0x07, 0x45, 0x0C,
    0x0B, 0x08, 0x03, 0x06, 0xD9, 0x01, 0x07, 0x4F, 0x07, 0x2E, 0x03, 0x4F,
    0x0A, 0x09, 0x47, 0x03, 0x06, 0x03, 0x3D, 0x04, 0x03, 0x3D, 0x06, 0x03,
    0x45, 0x0C, 0xFB, 0x01, 0x01, 0x61, 0x07, 0x51, 0x07, 0x2E, 0x03, 0x51,
    0x0A, 0x08, 0x03, 0x06, 0x01, 0x61, 0x07, 0x3D, 0x04, 0x0A, 0x07, 0x3D,
    0x06, 0x12, 0x0B, 0x45, 0x0C, 0x0A, 0x0F, 0x6E, 0x01, 0x01, 0x61, 0x07,
    0x45, 0x07, 0x2E, 0x03, 0x45, 0x0A, 0x07, 0x37, 0x01, 0x2F, 0x03, 0x3D,
    0x05, 0x03, 0x45, 0x0D, 0xEC, 0x01, 0x01, 0x61, 0x07, 0x51, 0x0A, 0x10,
    0x01, 0x61, 0x03, 0x3D, 0x04, 0x03, 0x3D, 0x06, 0x07, 0x45, 0x0D, 0x0B,
    0xE9, 0x03, 0x07, 0x45, 0x07, 0x2E, 0x03, 0x45, 0x0A, 0x0F, 0x2D, 0x01,
    0x2F, 0x04, 0xA1, 0x03, 0x36, 0x03, 0x07, 0x3D, 0x06, 0x12, 0x0B, 0x45,
    0x0D, 0x0A, 0x0F, 0x03, 0x47, 0x15, 0x69, 0x03, 0x01, 0x61, 0x07, 0x45,
    0x0A, 0x10, 0x08, 0x04, 0xA2, 0x07, 0x3D, 0x05, 0x05, 0x0B, 0x45, 0x0E,
    0x0A, 0x0F, 0x03, 0x48, 0x15, 0xFA, 0x01, 0x07, 0x4C, 0x07, 0x2E, 0x03,
    0x4C, 0x0A, 0x01, 0x47, 0x09, 0x61, 0x04, 0x00, 0x03, 0x3D, 0x05, 0x0B,
    0x45, 0x0A, 0x00, 0x37, 0x07, 0x45, 0x0E, 0x0B, 0xFA, 0x03, 0x01, 0x61,
    0x07, 0x45, 0x0A, 0x10, 0x01, 0x48, 0x08, 0x04, 0x00, 0x03, 0x3D, 0x02,
    0x09, 0x61, 0x00, 0x37, 0x03, 0x45, 0x0E, 0x0B, 0x47, 0x15, 0x03, 0x04,
    0xE9, 0x03, 0x07, 0x4F, 0x07, 0x2E, 0x03, 0x4F, 0x0A, 0x08, 0x04, 0x00,
    0x03, 0x3D, 0x04, 0x03, 0x3D, 0x06, 0x0B, 0x45, 0x0F, 0x0A, 0x0F, 0x08,
    0x03, 0x04, 0xFB, 0x01, 0x01, 0x61, 0x07, 0x51, 0x07, 0x2E, 0x03, 0x51,
    0x0A, 0x09, 0x47, 0x03, 0x04, 0x08, 0x04, 0x00, 0x07, 0x3D, 0x04, 0x0A,
    0x07, 0x3D, 0x06, 0x12, 0x0B, 0x45, 0x0F, 0x0A, 0x0F, 0x7E, 0x01, 0x01,
    0x61, 0x07, 0x45, 0x07, 0x2E, 0x03, 0x45, 0x0A, 0x08, 0x03, 0x04, 0x0F,
    0x39, 0x01, 0x2F, 0x03, 0x30, 0x03, 0x36, 0x03, 0x03, 0x45, 0x10, 0x6C,
    0x01, 0x01, 0x61, 0x07, 0x51, 0x0A, 0x10, 0x08, 0x03, 0x30, 0x07, 0x3D,
    0x05, 0x05, 0x07, 0x45, 0x10, 0x0B, 0x69, 0x02, 0x07, 0x4C, 0x07, 0x2E,
    0x03, 0x4C, 0x0A, 0x0F, 0x2D, 0x01, 0x2F, 0x04, 0xA1, 0x03, 0x36, 0x03,
    0x01, 0x61, 0x69, 0x01, 0x01, 0x61, 0x07, 0x45, 0x0A, 0x10, 0x08, 0x04,
    0xA2, 0x07, 0x3D, 0x05, 0x05, 0x0B, 0x45, 0x10, 0x0A, 0x0F, 0xEA, 0x03,
    0x07, 0x53, 0x07, 0x2E, 0x03, 0x53, 0x0A, 0x09, 0x61, 0x04, 0x00, 0x03,
    0x3D, 0x05, 0x0B, 0x45, 0x0A, 0x00, 0x37, 0x0B, 0x45, 0x10, 0x0A, 0x0F,
    0x0B, 0x47, 0x15, 0x03, 0x06, 0xEA, 0x03, 0x01, 0x61, 0x07, 0x4C, 0x0A,
    0x10, 0x07, 0x2D, 0x01, 0x2F, 0x03, 0x3D, 0x02, 0x09, 0x61, 0x00, 0x37,
    0x07, 0x45, 0x11, 0x0B, 0x08, 0x03, 0x06, 0xDC, 0x01, 0x07, 0x54, 0x07,
    0x2E, 0x03, 0x54, 0x0A, 0x09, 0x47, 0x03, 0x06, 0x03, 0x3D, 0x04, 0x03,
    0x3D, 0x06, 0x03, 0x45, 0x11, 0xFC, 0x03, 0x01, 0x61, 0x07, 0x53, 0x0A,
    0x10, 0x08, 0x03, 0x06, 0x01, 0x61, 0x07, 0x3D, 0x04, 0x0A, 0x07, 0x3D,
    0x06, 0x12, 0x0B, 0x45, 0x11, 0x0A, 0x0F, 0x01, 0x61, 0x69, 0x03, 0x07,
    0x56, 0x07, 0x2E, 0x03, 0x56, 0x0A, 0x07, 0x34, 0x01, 0x2F, 0x03, 0x3D,
    0x05, 0x03, 0x45, 0x11, 0x03, 0x4A, 0x15, 0x69, 0x03, 0x01, 0x61, 0x07,
    0x54, 0x0A, 0x10, 0x01, 0x61, 0x03, 0x3D, 0x04, 0x07, 0x45, 0x12, 0x0B,
    0x01, 0x61, 0x7A, 0x03, 0x07, 0x45, 0x07, 0x2E, 0x03, 0x45, 0x0A, 0x01,
    0x4A, 0x0F, 0x35, 0x01, 0x2F, 0x04, 0xA1, 0x03, 0x36, 0x03, 0x0B, 0x45,
    0x12, 0x0A, 0x0F, 0x0B, 0x48, 0x15, 0x03, 0x16, 0x6A, 0x03, 0x01, 0x61,
    0x07, 0x56, 0x0A, 0x10, 0x08, 0x04, 0xA2, 0x07, 0x3D, 0x05, 0x05, 0x0B,
    0x45, 0x12, 0x0A, 0x0F, 0x08, 0x03, 0x16, 0xFC, 0x01, 0x07, 0x51, 0x07,
    0x2E, 0x03, 0x51, 0x0A, 0x09, 0x48, 0x03, 0x16, 0x09, 0x61, 0x04, 0x00,
    0x03, 0x3D, 0x05, 0x0B, 0x41, 0x0A, 0x00, 0x47, 0x07, 0x45, 0x13, 0x0B,
    0xFC, 0x01, 0x01, 0x61, 0x07, 0x45, 0x0A, 0x10, 0x08, 0x03, 0x16, 0x08,
    0x04, 0x00, 0x03, 0x3D, 0x02, 0x09, 0x61, 0x00, 0x47, 0x03, 0x45, 0x13,
    0xE9, 0x03, 0x07, 0x53, 0x07, 0x2E, 0x03, 0x53, 0x0A, 0x0F, 0x35, 0x01,
    0x2F, 0x04, 0x00, 0x03, 0x3D, 0x04, 0x03, 0x3D, 0x06, 0x0B, 0x45, 0x13,
    0x0A, 0x0F, 0x03, 0x47, 0x15, 0xEB, 0x03, 0x01, 0x61, 0x07, 0x4C, 0x07,
    0x2E, 0x03, 0x4C, 0x0A, 0x09, 0x61, 0x04, 0x00, 0x07, 0x3D, 0x04, 0x0A,
    0x07, 0x3D, 0x06, 0x12, 0x0B, 0x45, 0x14, 0x0A, 0x0F, 0x01, 0x61, 0x7E,
    0x03, 0x01, 0x61, 0x07, 0x4F, 0x07, 0x2E, 0x03, 0x4F, 0x0A, 0x01, 0x47,
    0x0F, 0x37, 0x01, 0x2F, 0x03, 0x30, 0x03, 0x3D, 0x05, 0x03, 0x45, 0x14,
    0x03, 0x4C, 0x15, 0x6C, 0x01, 0x01, 0x61, 0x07, 0x4C, 0x0A, 0x10, 0x08,
    0x03, 0x30, 0x03, 0x3D, 0x02, 0x07, 0x45, 0x14, 0x0B, 0x79, 0x00, 0x07,
    0x4A, 0x07, 0x2E, 0x03, 0x4A, 0x0A, 0x01, 0x4C, 0x08, 0x04, 0xA1, 0x03,
    0x36, 0x03, 0xE9, 0x01, 0x01, 0x61, 0x07, 0x4F, 0x0A, 0x10, 0x09, 0x61,
    0x04, 0xA2, 0x03, 0x36, 0x03, 0x03, 0x3D, 0x06, 0x0B, 0x45, 0x16, 0x0A,
    0x0F, 0xEA, 0x01, 0x07, 0x4C, 0x07, 0x2E, 0x03, 0x4C, 0x0A, 0x0F, 0x37,
    0x01, 0x2F, 0x04, 0x00, 0x03, 0x3D, 0x05, 0x0B, 0x43, 0x0A, 0x00, 0x47,
    0x0B, 0x45, 0x16, 0x0A, 0x0F, 0xEA, 0x01, 0x01, 0x61, 0x07, 0x4A, 0x0A,
    0x10, 0x08, 0x04, 0x00, 0x03, 0x36, 0x03, 0x09, 0x61, 0x00, 0x47, 0x07,
    0x45, 0x16, 0x0B, 0xE9, 0x01, 0x07, 0x4F, 0x07, 0x2E, 0x03, 0x4F, 0x0A,
    0x08, 0x04, 0x00, 0x03, 0x3D, 0x04, 0x03, 0x3D, 0x06, 0x03, 0x45, 0x14,
    0xEB, 0x03, 0x01, 0x61, 0x07, 0x53, 0x07, 0x2E, 0x03, 0x53, 0x0A, 0x09,
    0x61, 0x04, 0x00, 0x03, 0x3D, 0x04, 0x07, 0x3D, 0x06, 0x12, 0x0B, 0x45,
    0x13, 0x0A, 0x0F, 0x01, 0x61, 0xEE, 0x01, 0x01, 0x61, 0x07, 0x54, 0x07,
    0x2E, 0x03, 0x54, 0x0A, 0x0F, 0x34, 0x01, 0x2F, 0x03, 0x20, 0x03, 0x3D,
    0x05, 0x03, 0x3D, 0x06, 0x03, 0x45, 0x13, 0xEC, 0x01, 0x01, 0x61, 0x07,
    0x53, 0x0A, 0x10, 0x09, 0x61, 0x03, 0x20, 0x03, 0x3D, 0x04, 0x07, 0x3D,
    0x06, 0x12, 0x07, 0x45, 0x13, 0x0B, 0x79, 0x01, 0x07, 0x45, 0x07, 0x2E,
    0x03, 0x45, 0x0A, 0x03, 0x45, 0x15, 0x0F, 0x2D, 0x01, 0x2F, 0x04, 0xA1,
    0x03, 0x36, 0x03, 0x0B, 0x45, 0x16, 0x0A, 0x0F, 0x79, 0x01, 0x01, 0x61,
    0x07, 0x45, 0x0A, 0x10, 0x07, 0x45, 0x15, 0x10, 0x08, 0x04, 0xA2, 0x07,
    0x3D, 0x05, 0x05, 0x0B, 0x45, 0x16, 0x0A, 0x0F, 0xFA, 0x01, 0x07, 0x4C,
    0x07, 0x2E, 0x03, 0x4C, 0x0A, 0x03, 0x4C, 0x15, 0x09, 0x61, 0x04, 0x00,
    0x03, 0x3D, 0x05, 0x0B, 0x45, 0x0A, 0x00, 0x37, 0x07, 0x45, 0x16, 0x0B,
    0xFA, 0x01, 0x01, 0x61, 0x07, 0x45, 0x0A, 0x10, 0x07, 0x45, 0x15, 0x10,
    0x08, 0x04, 0x00, 0x03, 0x3D, 0x02, 0x09, 0x61, 0x00, 0x37, 0x03, 0x45,
    0x16, 0xF9, 0x01, 0x07, 0x4F, 0x07, 0x2E, 0x03, 0x4F, 0x0A, 0x03, 0x4F,
    0x15, 0x08, 0x04, 0x00, 0x03, 0x3D, 0x04, 0x03, 0x3D, 0x06, 0x0B, 0x45,
    0x14, 0x0A, 0x0F, 0xFB, 0x01, 0x01, 0x61, 0x07, 0x51, 0x07, 0x2E, 0x03,
    0x51, 0x0A, 0x03, 0x51, 0x15, 0x08, 0x04, 0x00, 0x07, 0x3D, 0x04, 0x0A,
    0x07, 0x3D, 0x06, 0x12, 0x0B, 0x45, 0x14, 0x0A, 0x0F, 0x7E, 0x01, 0x01,
    0x61, 0x07, 0x45, 0x07, 0x2E, 0x03, 0x45, 0x0A, 0x03, 0x45, 0x15, 0x0F,
    0x39, 0x01, 0x2F, 0x03, 0x30, 0x03, 0x36, 0x03, 0x03, 0x45, 0x14, 0x7C,
    0x01, 0x01, 0x61, 0x07, 0x51, 0x0A, 0x10, 0x07, 0x51, 0x15, 0x10, 0x08,
    0x03, 0x30, 0x07, 0x3D, 0x05, 0x05, 0x07, 0x45, 0x14, 0x0B, 0x79, 0x00,
    0x07, 0x4C, 0x07, 0x2E, 0x03, 0x4C, 0x0A, 0x03, 0x4C, 0x15, 0x0F, 0x2D,
    0x01, 0x2F, 0x04, 0xA1, 0x03, 0x36, 0x03, 0x79, 0x01, 0x01, 0x61, 0x07,
    0x45, 0x0A, 0x10, 0x07, 0x45, 0x15, 0x10, 0x08, 0x04, 0xA2, 0x07, 0x3D,
    0x05, 0x05, 0x0B, 0x45, 0x13, 0x0A, 0x0F, 0xFA, 0x01, 0x07, 0x53, 0x07,
    0x2E, 0x03, 0x53, 0x0A, 0x03, 0x53, 0x15, 0x09, 0x61, 0x04, 0x00, 0x03,
    0x3D, 0x05, 0x0B, 0x45, 0x0A, 0x00, 0x37, 0x0B, 0x45, 0x13, 0x0A, 0x0F,
    0xFA, 0x01, 0x01, 0x61, 0x07, 0x4C, 0x0A, 0x10, 0x07, 0x4C, 0x15, 0x10,
    0x07, 0x2D, 0x01, 0x2F, 0x03, 0x3D, 0x02, 0x09, 0x61, 0x00, 0x37, 0x07,
    0x45, 0x13, 0x0B, 0xDC, 0x01, 0x07, 0x54, 0x07, 0x2E, 0x03, 0x54, 0x0A,
    0x03, 0x54, 0x15, 0x03, 0x3D, 0x04, 0x03, 0x3D, 0x06, 0x03, 0x45, 0x13,
    0xFC, 0x01, 0x01, 0x61, 0x07, 0x53, 0x0A, 0x10, 0x07, 0x53, 0x15, 0x10,
    0x01, 0x61, 0x07, 0x3D, 0x04, 0x0A, 0x07, 0x3D, 0x06, 0x12, 0x0B, 0x45,
    0x12, 0x0A, 0x0F, 0x79, 0x01, 0x07, 0x4D, 0x07, 0x2E, 0x03, 0x4D, 0x0A,
    0x03, 0x4D, 0x15, 0x07, 0x34, 0x01, 0x2F, 0x03, 0x3D, 0x05, 0x03, 0x45,
    0x12, 0x79, 0x01, 0x01, 0x61, 0x07, 0x54, 0x0A, 0x10, 0x07, 0x54, 0x15,
    0x10, 0x01, 0x61, 0x03, 0x3D, 0x04, 0x07, 0x45, 0x12, 0x0B, 0x7A, 0x01,
    0x07, 0x45, 0x07, 0x2E, 0x03, 0x45, 0x0A, 0x03, 0x45, 0x15, 0x0F, 0x35,
    0x01, 0x2F, 0x04, 0xA1, 0x03, 0x36, 0x03, 0x0B, 0x45, 0x12, 0x0A, 0x0F,
    0x7A, 0x01, 0x01, 0x61, 0x07, 0x4D, 0x0A, 0x10, 0x07, 0x4D, 0x15, 0x10,
    0x08, 0x04, 0xA2, 0x07, 0x3D, 0x05, 0x05, 0x0B, 0x45, 0x11, 0x0A, 0x0F,
    0xFC, 0x01, 0x07, 0x4D, 0x07, 0x2E, 0x03, 0x4D, 0x0A, 0x03, 0x4D, 0x15,
    0x09, 0x61, 0x04, 0x00, 0x03, 0x3D, 0x05, 0x0B, 0x41, 0x0A, 0x00, 0x47,
    0x07, 0x45, 0x11, 0x0B, 0xFC, 0x01, 0x01, 0x61, 0x07, 0x45, 0x0A, 0x10,
    0x07, 0x45, 0x15, 0x10, 0x08, 0x04, 0x00, 0x03, 0x3D, 0x02, 0x09, 0x61,
    0x00, 0x47, 0x03, 0x45, 0x11, 0xF9, 0x01, 0x07, 0x4D, 0x07, 0x2E, 0x03,
    0x4D, 0x0A, 0x03, 0x4D, 0x15, 0x0F, 0x35, 0x01, 0x2F, 0x04, 0x00, 0x03,
    0x3D, 0x04, 0x03, 0x3D, 0x06, 0x0B, 0x45, 0x11, 0x0A, 0x0F, 0xFB, 0x01,
    0x01, 0x61, 0x07, 0x4C, 0x07, 0x2E, 0x03, 0x4C, 0x0A, 0x03, 0x4C, 0x15,
    0x09, 0x61, 0x04, 0x00, 0x07, 0x3D, 0x04, 0x0A, 0x07, 0x3D, 0x06, 0x12,
    0x0B, 0x45, 0x10, 0x0A, 0x0F, 0x7E, 0x01, 0x01, 0x61, 0x07, 0x48, 0x07,
    0x2E, 0x03, 0x48, 0x0A, 0x03, 0x48, 0x15, 0x0F, 0x32, 0x01, 0x2F, 0x04,
    0xA1, 0x03, 0x3D, 0x05, 0x03, 0x45, 0x10, 0x7C, 0x01, 0x01, 0x61, 0x07,
    0x4D, 0x0A, 0x10, 0x07, 0x4D, 0x15, 0x10, 0x08, 0x04, 0xA2, 0x03, 0x3D,
    0x02, 0x07, 0x45, 0x10, 0x0B, 0x79, 0x00, 0x07, 0x4A, 0x07, 0x2E, 0x03,
    0x4A, 0x0A, 0x03, 0x4A, 0x15, 0x08, 0x04, 0x00, 0x03, 0x36, 0x03, 0x79,
    0x01, 0x01, 0x61, 0x07, 0x48, 0x0A, 0x10, 0x07, 0x48, 0x15, 0x10, 0x09,
    0x61, 0x04, 0x00, 0x03, 0x36, 0x03, 0x0B, 0x45, 0x10, 0x0A, 0x0F, 0xFA,
    0x01, 0x07, 0x4C, 0x07, 0x2E, 0x03, 0x4C, 0x0A, 0x03, 0x4C, 0x15, 0x07,
    0x32, 0x01, 0x2F, 0x03, 0x3D, 0x05, 0x0B, 0x43, 0x0A, 0x00, 0x47, 0x0B,
    0x45, 0x0F, 0x0A, 0x0F, 0xDA, 0x01, 0x01, 0x61, 0x07, 0x4A, 0x0A, 0x10,
    0x07, 0x4A, 0x15, 0x10, 0x03, 0x36, 0x03, 0x09, 0x61, 0x00, 0x47, 0x07,
    0x45, 0x0F, 0x0B, 0xD9, 0x01, 0x07, 0x4F, 0x07, 0x2E, 0x03, 0x4F, 0x0A,
    0x03, 0x4F, 0x15, 0x03, 0x3D, 0x04, 0x03, 0x3D, 0x06, 0x03, 0x45, 0x0F,
    0xFB, 0x01, 0x01, 0x61, 0x07, 0x51, 0x07, 0x2E, 0x03, 0x51, 0x0A, 0x03,
    0x51, 0x15, 0x01, 0x61, 0x07, 0x3D, 0x04, 0x0A, 0x07, 0x3D, 0x06, 0x12,
    0x0B, 0x45, 0x0F, 0x0A, 0x0F, 0x7E, 0x01, 0x01, 0x61, 0x07, 0x45, 0x07,
    0x2E, 0x03, 0x45, 0x0A, 0x03, 0x45, 0x15, 0x07, 0x37, 0x01, 0x2F, 0x03,
    0x3D, 0x05, 0x03, 0x45, 0x0E, 0xFC, 0x01, 0x01, 0x61, 0x07, 0x51, 0x0A,
    0x10, 0x07, 0x51, 0x15, 0x10, 0x01, 0x61, 0x03, 0x3D, 0x04, 0x03, 0x3D,
    0x06, 0x07, 0x45, 0x0E, 0x0B, 0xF9, 0x01, 0x07, 0x45, 0x07, 0x2E, 0x03,
    0x45, 0x0A, 0x03, 0x45, 0x15, 0x0F, 0x2D, 0x01, 0x2F, 0x04, 0xA1, 0x03,
    0x36, 0x03, 0x07, 0x3D, 0x06, 0x12, 0x0B, 0x45, 0x0E, 0x0A, 0x0F, 0x79,
    0x01, 0x01, 0x61, 0x07, 0x45, 0x0A, 0x10, 0x07, 0x45, 0x15, 0x10, 0x08,
    0x04, 0xA2, 0x07, 0x3D, 0x05, 0x05, 0x0B, 0x45, 0x0E, 0x0A, 0x0F, 0xFA,
    0x01, 0x07, 0x4C, 0x07, 0x2E, 0x03, 0x4C, 0x0A, 0x03, 0x4C, 0x15, 0x09,
    0x61, 0x04, 0x00, 0x03, 0x3D, 0x05, 0x0B, 0x45, 0x0A, 0x00, 0x37, 0x07,
    0x45, 0x0D, 0x0B, 0xFA, 0x01, 0x01, 0x61, 0x07, 0x45, 0x0A, 0x10, 0x07,
    0x45, 0x15, 0x10, 0x08, 0x04, 0x00, 0x03, 0x3D, 0x02, 0x09, 0x61, 0x00,
    0x37, 0x03, 0x45, 0x0D, 0xF9, 0x01, 0x07, 0x4F, 0x07, 0x2E, 0x03, 0x4F,
    0x0A, 0x03, 0x4F, 0x15, 0x08, 0x04, 0x00, 0x03, 0x3D, 0x04, 0x03, 0x3D,
    0x06, 0x0B, 0x45, 0x0D, 0x0A, 0x0F, 0xFB, 0x01, 0x01, 0x61, 0x07, 0x51,
    0x07, 0x2E, 0x03, 0x51, 0x0A, 0x03, 0x51, 0x15, 0x08, 0x04, 0x00, 0x07,
    0x3D, 0x04, 0x0A, 0x07, 0x3D, 0x06, 0x12, 0x0B, 0x45, 0x0D, 0x0A, 0x0F,
    0x7E, 0x01, 0x01, 0x61, 0x07, 0x45, 0x07, 0x2E, 0x03, 0x45, 0x0A, 0x03,
    0x45, 0x15, 0x0F, 0x39, 0x01, 0x2F, 0x03, 0x30, 0x03, 0x36, 0x03, 0x03,
    0x45, 0x0C, 0x7C, 0x01, 0x01, 0x61, 0x07, 0x51, 0x0A, 0x10, 0x07, 0x51,
    0x15, 0x10, 0x08, 0x03, 0x30, 0x07, 0x3D, 0x05, 0x05, 0x07, 0x45, 0x0C,
    0x0B, 0x79, 0x00, 0x07, 0x4C, 0x07, 0x2E, 0x03, 0x4C, 0x0A, 0x03, 0x4C,
    0x15, 0x0F, 0x2D, 0x01, 0x2F, 0x04, 0xA1, 0x03, 0x36, 0x03, 0x79, 0x01,
    0x01, 0x61, 0x07, 0x45, 0x0A, 0x10, 0x07, 0x45, 0x15, 0x10, 0x08, 0x04,
    0xA2, 0x07, 0x3D, 0x05, 0x05, 0x0B, 0x45, 0x0C, 0x0A, 0x0F, 0xFA, 0x01,
    0x07, 0x53, 0x07, 0x2E, 0x03, 0x53, 0x0A, 0x03, 0x53, 0x15, 0x09, 0x61,
    0x04, 0x00, 0x03, 0x3D, 0x05, 0x0B, 0x45, 0x0A, 0x00, 0x37, 0x0B, 0x45,
    0x0C, 0x0A, 0x0F, 0xFA, 0x01, 0x01, 0x61, 0x07, 0x4C, 0x0A, 0x10, 0x07,
    0x4C, 0x15, 0x10, 0x07, 0x2D, 0x01, 0x2F, 0x03, 0x3D, 0x02, 0x09, 0x61,
    0x00, 0x37, 0x07, 0x45, 0x0B, 0x0B, 0xDC, 0x01, 0x07, 0x54, 0x07, 0x2E,
    0x03, 0x54, 0x0A, 0x03, 0x54, 0x15, 0x03, 0x3D, 0x04, 0x03, 0x3D, 0x06,
    0x03, 0x45, 0x0B, 0xFC, 0x01, 0x01, 0x61, 0x07, 0x53, 0x0A, 0x10, 0x07,
    0x53, 0x15, 0x10, 0x01, 0x61, 0x07, 0x3D, 0x04, 0x0A, 0x07, 0x3D, 0x06,
    0x12, 0x0B, 0x45, 0x0B, 0x0A, 0x0F, 0x79, 0x01, 0x07, 0x4D, 0x07, 0x2E,
    0x03, 0x4D, 0x0A, 0x03, 0x4D, 0x15, 0x07, 0x34, 0x01, 0x2F, 0x03, 0x3D,
    0x05, 0x03, 0x45, 0x09, 0x79, 0x01, 0x01, 0x61, 0x07, 0x54, 0x0A, 0x10,
    0x07, 0x54, 0x15, 0x10, 0x01, 0x61, 0x03, 0x3D, 0x04, 0x07, 0x45, 0x09,
    0x0B, 0x7A, 0x01, 0x07, 0x45, 0x07, 0x2E, 0x03, 0x45, 0x0A, 0x03, 0x45,
    0x15, 0x0F, 0x35, 0x01, 0x2F, 0x04, 0xA1, 0x03, 0x36, 0x03, 0x0B, 0x45,
    0x09, 0x0A, 0x0F, 0x7A, 0x01, 0x01, 0x61, 0x07, 0x4D, 0x0A, 0x10, 0x07,
    0x4D, 0x15, 0x10, 0x08, 0x04, 0xA2, 0x07, 0x3D, 0x05, 0x05, 0x0B, 0x45,
    0x09, 0x0A, 0x0F, 0xFC, 0x01, 0x07, 0x4D, 0x07, 0x2E, 0x03, 0x4D, 0x0A,
    0x03, 0x4D, 0x15, 0x09, 0x61, 0x04, 0x00, 0x03, 0x3D, 0x05, 0x0B, 0x41,
    0x0A, 0x00, 0x47, 0x07, 0x45, 0x09, 0x0B, 0xFC, 0x01, 0x01, 0x61, 0x07,
    0x45, 0x0A, 0x10, 0x07, 0x45, 0x15, 0x10, 0x08, 0x04, 0x00, 0x03, 0x3D,
    0x02, 0x09, 0x61, 0x00, 0x47, 0x03, 0x45, 0x09, 0xF9, 0x01, 0x07, 0x4D,
    0x07, 0x2E, 0x03, 0x4D, 0x0A, 0x03, 0x4D, 0x15, 0x0F, 0x35, 0x01, 0x2F,
    0x04, 0x00, 0x03, 0x3D, 0x04, 0x03, 0x3D, 0x06, 0x0B, 0x45, 0x0B, 0x0A,
    0x0F, 0xFB, 0x01, 0x01, 0x61, 0x07, 0x4C, 0x07, 0x2E, 0x03, 0x4C, 0x0A,
    0x03, 0x4C, 0x15, 0x09, 0x61, 0x04, 0x00, 0x07, 0x3D, 0x04, 0x0A, 0x07,
    0x3D, 0x06, 0x12, 0x0B, 0x45, 0x0B, 0x0A, 0x0F, 0x7E, 0x01, 0x01, 0x61,
    0x07, 0x48, 0x07, 0x2E, 0x03, 0x48, 0x0A, 0x03, 0x48, 0x15, 0x0F, 0x37,
    0x01, 0x2F, 0x03, 0x30, 0x03, 0x3D, 0x05, 0x03, 0x45, 0x0B, 0x7C, 0x01,
    0x01, 0x61, 0x07, 0x4D, 0x0A, 0x10, 0x07, 0x4D, 0x15, 0x10, 0x08, 0x03,
    0x30, 0x03, 0x3D, 0x02, 0x07, 0x45, 0x0B, 0x0B, 0x79, 0x00, 0x07, 0x4A,
    0x07, 0x2E, 0x03, 0x4A, 0x0A, 0x03, 0x4A, 0x15, 0x08, 0x04, 0xA1, 0x03,
    0x36, 0x03, 0xF9, 0x01, 0x01, 0x61, 0x07, 0x48, 0x0A, 0x10, 0x07, 0x48,
    0x15, 0x10, 0x09, 0x61, 0x04, 0xA2, 0x03, 0x36, 0x03, 0x03, 0x3D, 0x06,
    0x0B, 0x45, 0x0C, 0x0A, 0x0F, 0xFA, 0x01, 0x07, 0x4C, 0x07, 0x2E, 0x03,
    0x4C, 0x0A, 0x03, 0x4C, 0x15, 0x0F, 0x37, 0x01, 0x2F, 0x04, 0x00, 0x03,
    0x3D, 0x05, 0x0B, 0x43, 0x0A, 0x00, 0x47, 0x0B, 0x45, 0x0C, 0x0A, 0x0F,
    0xFA, 0x01, 0x01, 0x61, 0x07, 0x4A, 0x0A, 0x10, 0x07, 0x4A, 0x15, 0x10,
    0x08, 0x04, 0x00, 0x03, 0x36, 0x03, 0x09, 0x61, 0x00, 0x47, 0x07, 0x45,
    0x0C, 0x0B, 0xF9, 0x01, 0x07, 0x4F, 0x07, 0x2E, 0x03, 0x4F, 0x0A, 0x03,
    0x4F, 0x15, 0x08, 0x04, 0x00, 0x03, 0x3D, 0x04, 0x03, 0x3D, 0x06, 0x03,
    0x45, 0x0D, 0xFB, 0x01, 0x01, 0x61, 0x07, 0x51, 0x07, 0x2E, 0x03, 0x51,
    0x0A, 0x03, 0x51, 0x15, 0x09, 0x61, 0x04, 0x00, 0x03, 0x3D, 0x04, 0x07,
    0x3D, 0x06, 0x12, 0x0B, 0x45, 0x0D, 0x0A, 0x0F, 0xFE, 0x01, 0x01, 0x61,
    0x07, 0x45, 0x07, 0x2E, 0x03, 0x45, 0x0A, 0x03, 0x45, 0x15, 0x0F, 0x34,
    0x01, 0x2F, 0x03, 0x20, 0x03, 0x3D, 0x05, 0x03, 0x3D, 0x06, 0x03, 0x45,
    0x0D, 0xFC, 0x01, 0x01, 0x61, 0x07, 0x51, 0x0A, 0x10, 0x07, 0x51, 0x15,
    0x10, 0x09, 0x61, 0x03, 0x20, 0x03, 0x3D, 0x04, 0x07, 0x3D, 0x06, 0x12,
    0x07, 0x45, 0x0D, 0x0B, 0x79, 0x01, 0x07, 0x45, 0x07, 0x2E, 0x03, 0x45,
    0x0A, 0x03, 0x45, 0x15, 0x0F, 0x2D, 0x01, 0x2F, 0x04, 0xA1, 0x03, 0x36,
    0x03, 0x0B, 0x45, 0x0E, 0x0A, 0x0F, 0x79, 0x01, 0x01, 0x61, 0x07, 0x45,
    0x0A, 0x10, 0x07, 0x45, 0x15, 0x10, 0x08, 0x04, 0xA2, 0x07, 0x3D, 0x05,
    0x05, 0x0B, 0x45, 0x0E, 0x0A, 0x0F, 0xFA, 0x01, 0x07, 0x4C, 0x07, 0x2E,
    0x03, 0x4C, 0x0A, 0x03, 0x4C, 0x15, 0x09, 0x61, 0x04, 0x00, 0x03, 0x3D,
    0x05, 0x0B, 0x45, 0x0A, 0x00, 0x37, 0x07, 0x45, 0x0E, 0x0B, 0xFA, 0x01,
    0x01, 0x61, 0x07, 0x45, 0x0A, 0x10, 0x07, 0x45, 0x15, 0x10, 0x08, 0x04,
    0x00, 0x03, 0x3D, 0x02, 0x09, 0x61, 0x00, 0x37, 0x03, 0x45, 0x0E, 0xF9,
    0x01, 0x07, 0x4F, 0x07, 0x2E, 0x03, 0x4F, 0x0A, 0x03, 0x4F, 0x15, 0x08,
    0x04, 0x00, 0x03, 0x3D, 0x04, 0x03, 0x3D, 0x06, 0x0B, 0x45, 0x0F, 0x0A,
    0x0F, 0xFB, 0x01, 0x01, 0x61, 0x07, 0x51, 0x07, 0x2E, 0x03, 0x51, 0x0A,
    0x03, 0x51, 0x15, 0x08, 0x04, 0x00, 0x07, 0x3D, 0x04, 0x0A, 0x07, 0x3D,
    0x06, 0x12, 0x0B, 0x45, 0x0F, 0x0A, 0x0F, 0x7E, 0x01, 0x01, 0x61, 0x07,
    0x45, 0x07, 0x2E, 0x03, 0x45, 0x0A, 0x03, 0x45, 0x15, 0x0F, 0x39, 0x01,
    0x2F, 0x03, 0x30, 0x03, 0x36, 0x03, 0x03, 0x45, 0x0F, 0x7C, 0x01, 0x01,
    0x61, 0x07, 0x51, 0x0A, 0x10, 0x07, 0x51, 0x15, 0x10, 0x08, 0x03, 0x30,
    0x07, 0x3D, 0x05, 0x05, 0x07, 0x45, 0x0F, 0x0B, 0x79, 0x00, 0x07, 0x4C,
    0x07, 0x2E, 0x03, 0x4C, 0x0A, 0x03, 0x4C, 0x15, 0x0F, 0x2D, 0x01, 0x2F,
    0x04, 0xA1, 0x03, 0x36, 0x03, 0x79, 0x01, 0x01, 0x61, 0x07, 0x45, 0x0A,
    0x10, 0x07, 0x45, 0x15, 0x10, 0x08, 0x04, 0xA2, 0x07, 0x3D, 0x05, 0x05,
    0x0B, 0x45, 0x0D, 0x0A, 0x0F, 0xFA, 0x01, 0x07, 0x53, 0x07, 0x2E, 0x03,
    0x53, 0x0A, 0x03, 0x53, 0x15, 0x09, 0x61, 0x04, 0x00, 0x03, 0x3D, 0x05,
    0x0B, 0x45, 0x0A, 0x00, 0x37, 0x0B, 0x45, 0x0D, 0x0A, 0x0F, 0xFA, 0x01,
    0x01, 0x61, 0x07, 0x4C, 0x0A, 0x10, 0x07, 0x4C, 0x15, 0x10, 0x07, 0x2D,
    0x01, 0x2F, 0x03, 0x3D, 0x02, 0x09, 0x61, 0x00, 0x37, 0x07, 0x45, 0x0D,
    0x0B, 0xDC, 0x01, 0x07, 0x54, 0x07, 0x2E, 0x03, 0x54, 0x0A, 0x03, 0x54,
    0x15, 0x03, 0x3D, 0x04, 0x03, 0x3D, 0x06, 0x03, 0x45, 0x0D, 0xFC, 0x01,
    0x01, 0x61, 0x07, 0x53, 0x0A, 0x10, 0x07, 0x53, 0x15, 0x10, 0x01, 0x61,
    0x07, 0x3D, 0x04, 0x0A, 0x07, 0x3D, 0x06, 0x12, 0x0B, 0x45, 0x0C, 0x0A,
    0x0F, 0x79, 0x01, 0x07, 0x4D, 0x07, 0x2E, 0x03, 0x4D, 0x0A, 0x03, 0x4D,
    0x15, 0x07, 0x34, 0x01, 0x2F, 0x03, 0x3D, 0x05, 0x03, 0x45, 0x0C, 0x79,
    0x01, 0x01, 0x61, 0x07, 0x54, 0x0A, 0x10, 0x07, 0x54, 0x15, 0x10, 0x01,
    0x61, 0x03, 0x3D, 0x04, 0x07, 0x45, 0x0C, 0x0B, 0x7A, 0x01, 0x07, 0x45,
    0x07, 0x2E, 0x03, 0x45, 0x0A, 0x03, 0x45, 0x15, 0x0F, 0x35, 0x01, 0x2F,
    0x04, 0xA1, 0x03, 0x36, 0x03, 0x0B, 0x45, 0x0B, 0x0A, 0x0F, 0x7A, 0x01,
    0x01, 0x61, 0x07, 0x4D, 0x0A, 0x10, 0x07, 0x4D, 0x15, 0x10, 0x08, 0x04,
    0xA2, 0x07, 0x3D, 0x05, 0x05, 0x0B, 0x45, 0x0B, 0x0A, 0x0F, 0xFC, 0x01,
    0x07, 0x4D, 0x07, 0x2E, 0x03, 0x4D, 0x0A, 0x03, 0x4D, 0x15, 0x09, 0x61,
    0x04, 0x00, 0x03, 0x3D, 0x05, 0x0B, 0x41, 0x0A, 0x00, 0x47, 0x07, 0x45,
    0x0B, 0x0B, 0xFC, 0x01, 0x01, 0x61, 0x07, 0x45, 0x0A, 0x10, 0x07, 0x45,
    0x15, 0x10, 0x08, 0x04, 0x00, 0x03, 0x3D, 0x02, 0x09, 0x61, 0x00, 0x47,
    0x03, 0x45, 0x09, 0xF9, 0x01, 0x07, 0x4D, 0x07, 0x2E, 0x03, 0x4D, 0x0A,
    0x03, 0x4D, 0x15, 0x0F, 0x35, 0x01, 0x2F, 0x04, 0x00, 0x03, 0x3D, 0x04,
    0x03, 0x3D, 0x06, 0x0B, 0x45, 0x09, 0x0A, 0x0F, 0xFB, 0x01, 0x01, 0x61,
    0x07, 0x4C, 0x07, 0x2E, 0x03, 0x4C, 0x0A, 0x03, 0x4C, 0x15, 0x09, 0x61,
    0x04, 0x00, 0x07, 0x3D, 0x04, 0x0A, 0x07, 0x3D, 0x06, 0x12, 0x0B, 0x45,
    0x09, 0x0A, 0x0F, 0x7E, 0x01, 0x01, 0x61, 0x07, 0x48, 0x07, 0x2E, 0x03,
    0x48, 0x0A, 0x03, 0x48, 0x15, 0x0F, 0x32, 0x01, 0x2F, 0x04, 0xA1, 0x03,
    0x3D, 0x05, 0x03, 0x45, 0x0B, 0x7C, 0x01, 0x01, 0x61, 0x07, 0x4D, 0x0A,
    0x10, 0x07, 0x4D, 0x15, 0x10, 0x08, 0x04, 0xA2, 0x03, 0x3D, 0x02, 0x07,
    0x45, 0x0B, 0x0B, 0x79, 0x00, 0x07, 0x4A, 0x07, 0x2E, 0x03, 0x4A, 0x0A,
    0x03, 0x4A, 0x15, 0x08, 0x04, 0x00, 0x03, 0x36, 0x03, 0x79, 0x01, 0x01,
    0x61, 0x07, 0x48, 0x0A, 0x10, 0x07, 0x48, 0x15, 0x10, 0x09, 0x61, 0x04,
    0x00, 0x03, 0x36, 0x03, 0x0B, 0x45, 0x0B, 0x0A, 0x0F, 0xFA, 0x01, 0x07,
    0x4C, 0x07, 0x2E, 0x03, 0x4C, 0x0A, 0x03, 0x4C, 0x15, 0x07, 0x32, 0x01,
    0x2F, 0x03, 0x3D, 0x05, 0x0B, 0x43, 0x0A, 0x00, 0x47, 0x0B, 0x45, 0x0B,
    0x0A, 0x0F, 0xDA, 0x01, 0x01, 0x61, 0x07, 0x4A, 0x0A, 0x10, 0x07, 0x4A,
    0x15, 0x10, 0x03, 0x36, 0x03, 0x09, 0x61, 0x00, 0x47, 0x07, 0x45, 0x0C,
    0x0B, 0xD9, 0x01, 0x07, 0x4F, 0x07, 0x2E, 0x03, 0x4F, 0x0A, 0x03, 0x4F,
    0x15, 0x03, 0x3D, 0x04, 0x03, 0x3D, 0x06, 0x03, 0x45, 0x0C, 0xFB, 0x01,
    0x01, 0x61, 0x07, 0x51, 0x07, 0x2E, 0x03, 0x51, 0x0A, 0x03, 0x51, 0x15,
    0x01, 0x61, 0x07, 0x3D, 0x04, 0x0A, 0x07, 0x3D, 0x06, 0x12, 0x0B, 0x45,
    0x0C, 0x0A, 0x0F, 0x7E, 0x01, 0x01, 0x61, 0x07, 0x45, 0x07, 0x2E, 0x03,
    0x45, 0x0A, 0x03, 0x45, 0x15, 0x07, 0x37, 0x01, 0x2F, 0x03, 0x3D, 0x05,
    0x03, 0x45, 0x0D, 0xFC, 0x01, 0x01, 0x61, 0x07, 0x51, 0x0A, 0x10, 0x07,
    0x51, 0x15, 0x10, 0x01, 0x61, 0x03, 0x3D, 0x04, 0x03, 0x3D, 0x06, 0x07,
    0x45, 0x0D, 0x0B, 0xF9, 0x01, 0x07, 0x45, 0x07, 0x2E, 0x03, 0x45, 0x0A,
    0x03, 0x45, 0x15, 0x0F, 0x2D, 0x01, 0x2F, 0x04, 0xA1, 0x03, 0x36, 0x03,
    0x07, 0x3D, 0x06, 0x12, 0x0B, 0x45, 0x0D, 0x0A, 0x0F, 0x79, 0x01, 0x01,
    0x61, 0x07, 0x45, 0x0A, 0x10, 0x07, 0x45, 0x15, 0x10, 0x08, 0x04, 0xA2,
    0x07, 0x3D, 0x05, 0x05, 0x0B, 0x45, 0x0E, 0x0A, 0x0F, 0xFA, 0x01, 0x07,
    0x4C, 0x07, 0x2E, 0x03, 0x4C, 0x0A, 0x03, 0x4C, 0x15, 0x09, 0x61, 0x04,
    0x00, 0x03, 0x3D, 0x05, 0x0B, 0x45, 0x0A, 0x00, 0x37, 0x07, 0x45, 0x0E,
    0x0B, 0xFA, 0x01, 0x01, 0x61, 0x07, 0x45, 0x0A, 0x10, 0x07, 0x45, 0x15,
    0x10, 0x08, 0x04, 0x00, 0x03, 0x3D, 0x02, 0x09, 0x61, 0x00, 0x37, 0x03,
    0x45, 0x0E, 0xF9, 0x01, 0x07, 0x4F, 0x07, 0x2E, 0x03, 0x4F, 0x0A, 0x03,
    0x4F, 0x15, 0x08, 0x04, 0x00, 0x03, 0x3D, 0x04, 0x03, 0x3D, 0x06, 0x0B,
    0x45, 0x0F, 0x0A, 0x0F, 0xFB, 0x01, 0x01, 0x61, 0x07, 0x51, 0x07, 0x2E,
    0x03, 0x51, 0x0A, 0x03, 0x51, 0x15, 0x08, 0x04, 0x00, 0x07, 0x3D, 0x04,
    0x0A, 0x07, 0x3D, 0x06, 0x12, 0x0B, 0x45, 0x0F, 0x0A, 0x0F, 0x7E, 0x01,
    0x01, 0x61, 0x07, 0x45, 0x07, 0x2E, 0x03, 0x45, 0x0A, 0x03, 0x45, 0x15,
    0x0F, 0x39, 0x01, 0x2F, 0x03, 0x30, 0x03, 0x36, 0x03, 0x03, 0x45, 0x10,
    0x7C, 0x01, 0x01, 0x61, 0x07, 0x51, 0x0A, 0x10, 0x07, 0x51, 0x15, 0x10,
    0x08, 0x03, 0x30, 0x07, 0x3D, 0x05, 0x05, 0x07, 0x45, 0x10, 0x0B, 0x79,
    0x00, 0x07, 0x4C, 0x07, 0x2E, 0x03, 0x4C, 0x0A, 0x03, 0x4C, 0x15, 0x0F,
    0x2D, 0x01, 0x2F, 0x04, 0xA1, 0x03, 0x36, 0x03, 0x79, 0x01, 0x01, 0x61,
    0x07, 0x45, 0x0A, 0x10, 0x07, 0x45, 0x15, 0x10, 0x08, 0x04, 0xA2, 0x07,
    0x3D, 0x05, 0x05, 0x0B, 0x45, 0x10, 0x0A, 0x0F, 0xFA, 0x01, 0x07, 0x53,
    0x07, 0x2E, 0x03, 0x53, 0x0A, 0x03, 0x53, 0x15, 0x09, 0x61, 0x04, 0x00,
    0x03, 0x3D, 0x05, 0x0B, 0x45, 0x0A, 0x00, 0x37, 0x0B, 0x45, 0x10, 0x0A,
    0x0F, 0xFA, 0x01, 0x01, 0x61, 0x07, 0x4C, 0x0A, 0x10, 0x07, 0x4C, 0x15,
    0x10, 0x07, 0x2D, 0x01, 0x2F, 0x03, 0x3D, 0x02, 0x09, 0x61, 0x00, 0x37,
    0x07, 0x45, 0x11, 0x0B, 0xDC, 0x01, 0x07, 0x54, 0x07, 0x2E, 0x03, 0x54,
    0x0A, 0x03, 0x54, 0x15, 0x03, 0x3D, 0x04, 0x03, 0x3D, 0x06, 0x03, 0x45,
    0x11, 0xFC, 0x01, 0x01, 0x61, 0x07, 0x53, 0x0A, 0x10, 0x07, 0x53, 0x15,
    0x10, 0x01, 0x61, 0x07, 0x3D, 0x04, 0x0A, 0x07, 0x3D, 0x06, 0x12, 0x0B,
    0x45, 0x11, 0x0A, 0x0F, 0x79, 0x01, 0x07, 0x56, 0x07, 0x2E, 0x03, 0x56,
    0x0A, 0x03, 0x56, 0x15, 0x07, 0x34, 0x01, 0x2F, 0x03, 0x3D, 0x05, 0x03,
    0x45, 0x11, 0x79, 0x01, 0x01, 0x61, 0x07, 0x54, 0x0A, 0x10, 0x07, 0x54,
    0x15, 0x10, 0x01, 0x61, 0x03, 0x3D, 0x04, 0x07, 0x45, 0x12, 0x0B, 0x7A,
    0x01, 0x07, 0x45, 0x07, 0x2E, 0x03, 0x45, 0x0A, 0x03, 0x45, 0x15, 0x0F,
    0x35, 0x01, 0x2F, 0x04, 0xA1, 0x03, 0x36, 0x03, 0x0B, 0x45, 0x12, 0x0A,
    0x0F, 0x7A, 0x01, 0x01, 0x61, 0x07, 0x56, 0x0A, 0x10, 0x07, 0x56, 0x15,
    0x10, 0x08, 0x04, 0xA2, 0x07, 0x3D, 0x05, 0x05, 0x0B, 0x45, 0x12, 0x0A,
    0x0F, 0xFC, 0x01, 0x07, 0x51, 0x07, 0x2E, 0x03, 0x51, 0x0A, 0x03, 0x51,
    0x15, 0x09, 0x61, 0x04, 0x00, 0x03, 0x3D, 0x05, 0x0B, 0x41, 0x0A, 0x00,
    0x47, 0x07, 0x45, 0x13, 0x0B, 0xFC, 0x01, 0x01, 0x61, 0x07, 0x45, 0x0A,
    0x10, 0x07, 0x45, 0x15, 0x10, 0x08, 0x04, 0x00, 0x03, 0x3D, 0x02, 0x09,
    0x61, 0x00, 0x47, 0x03, 0x45, 0x13, 0xF9, 0x01, 0x07, 0x53, 0x07, 0x2E,
    0x03, 0x53, 0x0A, 0x03, 0x53, 0x15, 0x0F, 0x35, 0x01, 0x2F, 0x04, 0x00,
    0x03, 0x3D, 0x04, 0x03, 0x3D, 0x06, 0x0B, 0x45, 0x13, 0x0A, 0x0F, 0xFB,
    0x01, 0x01, 0x61, 0x07, 0x4C, 0x07, 0x2E, 0x03, 0x4C, 0x0A, 0x03, 0x4C,
    0x15, 0x09, 0x61, 0x04, 0x00, 0x07, 0x3D, 0x04, 0x0A, 0x07, 0x3D, 0x06,
    0x12, 0x0B, 0x45, 0x14, 0x0A, 0x0F, 0x7E, 0x01, 0x01, 0x61, 0x07, 0x4F,
    0x07, 0x2E, 0x03, 0x4F, 0x0A, 0x03, 0x4F, 0x15, 0x0F, 0x37, 0x01, 0x2F,
    0x03, 0x30, 0x03, 0x3D, 0x05, 0x03, 0x45, 0x14, 0x7C, 0x01, 0x01, 0x61,
    0x07, 0x4C, 0x0A, 0x10, 0x07, 0x4C, 0x15, 0x10, 0x08, 0x03, 0x30, 0x03,
    0x3D, 0x02, 0x07, 0x45, 0x14, 0x0B, 0x79, 0x00, 0x07, 0x4A, 0x07, 0x2E,
    0x03, 0x4A, 0x0A, 0x03, 0x4A, 0x15, 0x08, 0x04, 0xA1, 0x03, 0x36, 0x03,
    0xF9, 0x01, 0x01, 0x61, 0x07, 0x4F, 0x0A, 0x10, 0x07, 0x4F, 0x15, 0x10,
    0x09, 0x61, 0x04, 0xA2, 0x03, 0x36, 0x03, 0x03, 0x3D, 0x06, 0x0B, 0x45,
    0x16, 0x0A, 0x0F, 0xFA, 0x01, 0x07, 0x4C, 0x07, 0x2E, 0x03, 0x4C, 0x0A,
    0x03, 0x4C, 0x15, 0x0F, 0x37, 0x01, 0x2F, 0x04, 0x00, 0x03, 0x3D, 0x05,
    0x0B, 0x43, 0x0A, 0x00, 0x47, 0x0B, 0x45, 0x16, 0x0A, 0x0F, 0xFA, 0x01,
    0x01, 0x61, 0x07, 0x4A, 0x0A, 0x10, 0x07, 0x4A, 0x15, 0x10, 0x08, 0x04,
    0x00, 0x03, 0x36, 0x03, 0x09, 0x61, 0x00, 0x47, 0x07, 0x45, 0x16, 0x0B,
    0xF9, 0x01, 0x07, 0x4F, 0x07, 0x2E, 0x03, 0x4F, 0x0A, 0x03, 0x4F, 0x15,
    0x08, 0x04, 0x00, 0x03, 0x3D, 0x04, 0x03, 0x3D, 0x06, 0x03, 0x45, 0x14,
    0xFB, 0x01, 0x01, 0x61, 0x07, 0x53, 0x07, 0x2E, 0x03, 0x53, 0x0A, 0x03,
    0x53, 0x15, 0x09, 0x61, 0x04, 0x00, 0x03, 0x3D, 0x04, 0x07, 0x3D, 0x06,
    0x12, 0x0B, 0x45, 0x13, 0x0A, 0x0F, 0xFE, 0x01, 0x01, 0x61, 0x07, 0x54,
    0x07, 0x2E, 0x03, 0x54, 0x0A, 0x03, 0x54, 0x15, 0x0F, 0x34, 0x01, 0x2F,
    0x03, 0x20, 0x03, 0x3D, 0x05, 0x03, 0x3D, 0x06, 0x03, 0x45, 0x13, 0xFC,
    0x01, 0x01, 0x61, 0x07, 0x53, 0x0A, 0x10, 0x07, 0x53, 0x15, 0x10, 0x09,
    0x61, 0x03, 0x20, 0x03, 0x3D, 0x04, 0x07, 0x3D, 0x06, 0x12, 0x07, 0x45,
    0x13, 0x0B, 0x79, 0x01, 0x07, 0x39, 0x07, 0x2E, 0x07, 0x4F, 0x0A, 0x15,
    0x07, 0x4F, 0x15, 0x15, 0x0F, 0x2D, 0x01, 0x2F, 0x04, 0xA1, 0x03, 0x36,
    0x03, 0x0B, 0x45, 0x16, 0x0A, 0x0F, 0x79, 0x01, 0x01, 0x61, 0x07, 0x53,
    0x0A, 0x14, 0x07, 0x53, 0x15, 0x14, 0x08, 0x04, 0xA2, 0x07, 0x3D, 0x05,
    0x05, 0x0B, 0x45, 0x16, 0x0A, 0x0F, 0xFA, 0x01, 0x07, 0x40, 0x07, 0x2E,
    0x07, 0x54, 0x0A, 0x13, 0x07, 0x54, 0x15, 0x13, 0x09, 0x61, 0x04, 0x00,
    0x03, 0x3D, 0x05, 0x0B, 0x45, 0x0A, 0x00, 0x37, 0x07, 0x45, 0x16, 0x0B,
    0xFA, 0x01, 0x01, 0x61, 0x07, 0x4F, 0x0A, 0x12, 0x07, 0x4F, 0x15, 0x12,
    0x08, 0x04, 0x00, 0x03, 0x3D, 0x02, 0x09, 0x61, 0x00, 0x37, 0x03, 0x45,
    0x16, 0xF9, 0x01, 0x07, 0x43, 0x07, 0x2E, 0x07, 0x53, 0x0A, 0x11, 0x07,
    0x53, 0x15, 0x11, 0x08, 0x04, 0x00, 0x03, 0x3D, 0x04, 0x03, 0x3D, 0x06,
    0x0B, 0x45, 0x14, 0x0A, 0x0F, 0xFB, 0x01, 0x01, 0x61, 0x07, 0x45, 0x07,
    0x2E, 0x07, 0x54, 0x0A, 0x10, 0x07, 0x54, 0x15, 0x10, 0x08, 0x04, 0x00,
    0x07, 0x3D, 0x04, 0x0A, 0x07, 0x3D, 0x06, 0x12, 0x0B, 0x45, 0x14, 0x0A,
    0x0F, 0x7E, 0x01, 0x01, 0x61, 0x07, 0x39, 0x07, 0x2E, 0x07, 0x4F, 0x0A,
    0x0F, 0x07, 0x4F, 0x15, 0x0F, 0x0F, 0x39, 0x01, 0x2F, 0x03, 0x30, 0x03,
    0x36, 0x03, 0x03, 0x45, 0x14, 0x7C, 0x01, 0x01, 0x61, 0x07, 0x53, 0x0A,
    0x0E, 0x07, 0x53, 0x15, 0x0E, 0x08, 0x03, 0x30, 0x07, 0x3D, 0x05, 0x05,
    0x07, 0x45, 0x14, 0x0B, 0x79, 0x00, 0x07, 0x40, 0x07, 0x2E, 0x07, 0x54,
    0x0A, 0x0D, 0x07, 0x54, 0x15, 0x0D, 0x0F, 0x2D, 0x01, 0x2F, 0x04, 0xA1,
    0x03, 0x36, 0x03, 0x79, 0x01, 0x01, 0x61, 0x07, 0x4F, 0x0A, 0x0C, 0x07,
    0x4F, 0x15, 0x0C, 0x08, 0x04, 0xA2, 0x07, 0x3D, 0x05, 0x05, 0x0B, 0x45,
    0x13, 0x0A, 0x0F, 0xFA, 0x01, 0x07, 0x47, 0x07, 0x2E, 0x07, 0x53, 0x0A,
    0x0B, 0x07, 0x53, 0x15, 0x0B, 0x09, 0x61, 0x04, 0x00, 0x03, 0x3D, 0x05,
    0x0B, 0x45, 0x0A, 0x00, 0x37, 0x0B, 0x45, 0x13, 0x0A, 0x0F, 0xFA, 0x01,
    0x01, 0x61, 0x07, 0x54, 0x0A, 0x0A, 0x07, 0x54, 0x15, 0x0A, 0x07, 0x2D,
    0x01, 0x2F, 0x03, 0x3D, 0x02, 0x09, 0x61, 0x00, 0x37, 0x07, 0x45, 0x13,
    0x0B, 0xDC, 0x01, 0x07, 0x48, 0x07, 0x2E, 0x07, 0x4F, 0x0A, 0x09, 0x07,
    0x4F, 0x15, 0x09, 0x03, 0x3D, 0x04, 0x03, 0x3D, 0x06, 0x03, 0x45, 0x13,
    0xFC, 0x01, 0x01, 0x61, 0x07, 0x53, 0x0A, 0x08, 0x07, 0x53, 0x15, 0x08,
    0x01, 0x61, 0x07, 0x3D, 0x04, 0x0A, 0x07, 0x3D, 0x06, 0x12, 0x0B, 0x45,
    0x12, 0x0A, 0x0F, 0x79, 0x01, 0x07, 0x41, 0x07, 0x2E, 0x07, 0x54, 0x0A,
    0x07, 0x07, 0x54, 0x15, 0x07, 0x07, 0x34, 0x01, 0x2F, 0x03, 0x3D, 0x05,
    0x03, 0x45, 0x12, 0x79, 0x01, 0x01, 0x61, 0x07, 0x4F, 0x0A, 0x06, 0x07,
    0x4F, 0x15, 0x06, 0x01, 0x61, 0x03, 0x3D, 0x04, 0x07, 0x45, 0x12, 0x0B,
    0x7A, 0x01, 0x07, 0x39, 0x07, 0x2E, 0x07, 0x53, 0x0A, 0x05, 0x07, 0x53,
    0x15, 0x05, 0x0F, 0x35, 0x01, 0x2F, 0x04, 0xA1, 0x03, 0x36, 0x03, 0x0B,
    0x45, 0x12, 0x0A, 0x0F, 0x7A, 0x01, 0x01, 0x61, 0x07, 0x54, 0x0A, 0x04,
    0x07, 0x54, 0x15, 0x04, 0x08, 0x04, 0xA2, 0x07, 0x3D, 0x05, 0x05, 0x0B,
    0x45, 0x11, 0x0A, 0x0F, 0xFC, 0x01, 0x07, 0x41, 0x07, 0x2E, 0x07, 0x4F,
    0x0A, 0x03, 0x07, 0x4F, 0x15, 0x03, 0x09, 0x61, 0x04, 0x00, 0x03, 0x3D,
    0x05, 0x0B, 0x41, 0x0A, 0x00, 0x47, 0x07, 0x45, 0x11, 0x0B, 0xFC, 0x01,
    0x01, 0x61, 0x07, 0x53, 0x0A, 0x02, 0x07, 0x53, 0x15, 0x02, 0x08, 0x04,
    0x00, 0x03, 0x3D, 0x02, 0x09, 0x61, 0x00, 0x47, 0x03, 0x45, 0x11, 0xF9,
    0x01, 0x07, 0x41, 0x07, 0x2E, 0x07, 0x54, 0x0A, 0x02, 0x07, 0x54, 0x15,
    0x02, 0x0F, 0x35, 0x01, 0x2F, 0x04, 0x00, 0x03, 0x3D, 0x04, 0x03, 0x3D,
    0x06, 0x0B, 0x45, 0x11, 0x0A, 0x0F, 0xFB, 0x01, 0x01, 0x61, 0x07, 0x40,
    0x07, 0x2E, 0x07, 0x4F, 0x0A, 0x02, 0x07, 0x4F, 0x15, 0x02, 0x09, 0x61,
    0x04, 0x00, 0x07, 0x3D, 0x04, 0x0A, 0x07, 0x3D, 0x06, 0x12, 0x0B, 0x45,
    0x10, 0x0A, 0x0F, 0x7E, 0x01, 0x01, 0x61, 0x07, 0x3C, 0x07, 0x2E, 0x07,
    0x53, 0x0A, 0x01, 0x07, 0x53, 0x15, 0x01, 0x0F, 0x32, 0x01, 0x2F, 0x04,
    0xA1, 0x03, 0x3D, 0x05, 0x03, 0x45, 0x10, 0x7C, 0x01, 0x01, 0x61, 0x07,
    0x54, 0x0A, 0x01, 0x07, 0x54, 0x15, 0x01, 0x08, 0x04, 0xA2, 0x03, 0x3D,
    0x02, 0x07, 0x45, 0x10, 0x0B, 0x79, 0x00, 0x07, 0x3E, 0x07, 0x2E, 0x07,
    0x53, 0x0A, 0x01, 0x07, 0x53, 0x15, 0x01, 0x08, 0x04, 0x00, 0x03, 0x36,
    0x03, 0x79, 0x01, 0x01, 0x61, 0x01, 0x61, 0x01, 0x61, 0x09, 0x61, 0x04,
    0x00, 0x03, 0x36, 0x03, 0x0B, 0x45, 0x10, 0x0A, 0x0F, 0xE2, 0x01, 0x07,
    0x40, 0x07, 0x2E, 0x07, 0x32, 0x01, 0x2F, 0x03, 0x3D, 0x05, 0x0B, 0x43,
    0x0A, 0x00, 0x47, 0x0B, 0x45, 0x0F, 0x0A, 0x0F, 0xC2, 0x01, 0x01, 0x61,
    0x03, 0x36, 0x03, 0x09, 0x61, 0x00, 0x47, 0x07, 0x45, 0x0F, 0x0B, 0xC1,
    0x01, 0x07, 0x43, 0x07, 0x2E, 0x03, 0x3D, 0x04, 0x03, 0x3D, 0x06, 0x03,
    0x45, 0x0F, 0xE3, 0x01, 0x01, 0x61, 0x07, 0x45, 0x07, 0x2E, 0x01, 0x61,
    0x07, 0x3D, 0x04, 0x0A, 0x07, 0x3D, 0x06, 0x12, 0x0B, 0x45, 0x0F, 0x0A,
    0x0F, 0x66, 0x01, 0x01, 0x61, 0x07, 0x39, 0x07, 0x2E, 0x07, 0x37, 0x01,
    0x2F, 0x03, 0x3D, 0x05, 0x03, 0x45, 0x0E, 0xE4, 0x01, 0x01, 0x61, 0x01,
    0x61, 0x03, 0x3D, 0x04, 0x03, 0x3D, 0x06, 0x07, 0x45, 0x0E, 0x0B, 0xE1,
    0x01, 0x07, 0x39, 0x07, 0x2E, 0x0F, 0x2D, 0x01, 0x2F, 0x04, 0xA1, 0x03,
    0x36, 0x03, 0x07, 0x3D, 0x06, 0x12, 0x0B, 0x45, 0x0E, 0x0A, 0x0F, 0x61,
    0x01, 0x01, 0x61, 0x08, 0x04, 0xA2, 0x07, 0x3D, 0x05, 0x05, 0x0B, 0x45,
    0x0E, 0x0A, 0x0F, 0xE2, 0x01, 0x07, 0x40, 0x07, 0x2E, 0x09, 0x61, 0x04,
    0x00, 0x03, 0x3D, 0x05, 0x0B, 0x45, 0x0A, 0x00, 0x37, 0x07, 0x45, 0x0D,
    0x0B, 0xE2, 0x01, 0x01, 0x61, 0x08, 0x04, 0x00, 0x03, 0x3D, 0x02, 0x09,
    0x61, 0x00, 0x37, 0x03, 0x45, 0x0D, 0xE1, 0x01, 0x07, 0x43, 0x07, 0x2E,
    0x08, 0x04, 0x00, 0x03, 0x3D, 0x04, 0x03, 0x3D, 0x06, 0x0B, 0x45, 0x0D,
    0x0A, 0x0F, 0xE3, 0x01, 0x01, 0x61, 0x07, 0x45, 0x07, 0x2E, 0x08, 0x04,
    0x00, 0x07, 0x3D, 0x04, 0x0A, 0x07, 0x3D, 0x06, 0x12, 0x0B, 0x45, 0x0D,
    0x0A, 0x0F, 0x66, 0x01, 0x01, 0x61, 0x07, 0x39, 0x07, 0x2E, 0x0F, 0x39,
    0x01, 0x2F, 0x03, 0x30, 0x03, 0x36, 0x03, 0x03, 0x45, 0x0C, 0x64, 0x01,
    0x01, 0x61, 0x08, 0x03, 0x30, 0x07, 0x3D, 0x05, 0x05, 0x07, 0x45, 0x0C,
    0x0B, 0x61, 0x00, 0x07, 0x40, 0x07, 0x2E, 0x0F, 0x2D, 0x01, 0x2F, 0x04,
    0xA1, 0x03, 0x36, 0x03, 0x61, 0x01, 0x01, 0x61, 0x08, 0x04, 0xA2, 0x07,
    0x3D, 0x05, 0x05, 0x0B, 0x45, 0x0C, 0x0A, 0x0F, 0xE2, 0x01, 0x07, 0x47,
    0x07, 0x2E, 0x09, 0x61, 0x04, 0x00, 0x03, 0x3D, 0x05, 0x0B, 0x45, 0x0A,
    0x00, 0x37, 0x0B, 0x45, 0x0C, 0x0A, 0x0F, 0xE2, 0x01, 0x01, 0x61, 0x07,
    0x2D, 0x01, 0x2F, 0x03, 0x3D, 0x02, 0x09, 0x61, 0x00, 0x37, 0x07, 0x45,
    0x0B, 0x0B, 0xC4, 0x01, 0x07, 0x48, 0x07, 0x2E, 0x03, 0x3D, 0x04, 0x03,
    0x3D, 0x06, 0x03, 0x45, 0x0B, 0xE4, 0x01, 0x01, 0x61, 0x01, 0x61, 0x07,
    0x3D, 0x04, 0x0A, 0x07, 0x3D, 0x06, 0x12, 0x0B, 0x45, 0x0B, 0x0A, 0x0F,
    0x61, 0x01, 0x07, 0x41, 0x07, 0x2E, 0x07, 0x34, 0x01, 0x2F, 0x03, 0x3D,
    0x05, 0x03, 0x45, 0x09, 0x61, 0x01, 0x01, 0x61, 0x01, 0x61, 0x03, 0x3D,
    0x04, 0x07, 0x45, 0x09, 0x0B, 0x62, 0x01, 0x07, 0x39, 0x07, 0x2E, 0x0F,
    0x35, 0x01, 0x2F, 0x04, 0xA1, 0x03, 0x36, 0x03, 0x0B, 0x45, 0x09, 0x0A,
    0x0F, 0x62, 0x01, 0x01, 0x61, 0x08, 0x04, 0xA2, 0x07, 0x3D, 0x05, 0x05,
    0x0B, 0x45, 0x09, 0x0A, 0x0F, 0xE4, 0x01, 0x07, 0x41, 0x07, 0x2E, 0x09,
    0x61, 0x04, 0x00, 0x03, 0x3D, 0x05, 0x0B, 0x41, 0x0A, 0x00, 0x47, 0x07,
    0x45, 0x09, 0x0B, 0xE4, 0x01, 0x01, 0x61, 0x08, 0x04, 0x00, 0x03, 0x3D,
    0x02, 0x09, 0x61, 0x00, 0x47, 0x03, 0x45, 0x09, 0xE1, 0x01, 0x07, 0x41,
    0x07, 0x2E, 0x0F, 0x35, 0x01, 0x2F, 0x04, 0x00, 0x03, 0x3D, 0x04, 0x03,
    0x3D, 0x06, 0x0B, 0x45, 0x0B, 0x0A, 0x0F, 0xE3, 0x01, 0x01, 0x61, 0x07,
    0x40, 0x07, 0x2E, 0x09, 0x61, 0x04, 0x00, 0x07, 0x3D, 0x04, 0x0A, 0x07,
    0x3D, 0x06, 0x12, 0x0B, 0x45, 0x0B, 0x0A, 0x0F, 0x66, 0x01, 0x01, 0x61,
    0x07, 0x3C, 0x07, 0x2E, 0x0F, 0x37, 0x01, 0x2F, 0x03, 0x30, 0x03, 0x3D,
    0x05, 0x03, 0x45, 0x0B, 0x64, 0x01, 0x01, 0x61, 0x08, 0x03, 0x30, 0x03,
    0x3D, 0x02, 0x07, 0x45, 0x0B, 0x0B, 0x61, 0x00, 0x07, 0x3E, 0x07, 0x2E,
    0x08, 0x04, 0xA1, 0x03, 0x36, 0x03, 0xE1, 0x01, 0x01, 0x61, 0x09, 0x61,
    0x04, 0xA2, 0x03, 0x36, 0x03, 0x03, 0x3D, 0x06, 0x0B, 0x45, 0x0C, 0x0A,
    0x0F, 0xE2, 0x01, 0x07, 0x40, 0x07, 0x2E, 0x0F, 0x37, 0x01, 0x2F, 0x04,
    0x00, 0x03, 0x3D, 0x05, 0x0B, 0x43, 0x0A, 0x00, 0x47, 0x0B, 0x45, 0x0C,
    0x0A, 0x0F, 0xE2, 0x01, 0x01, 0x61, 0x08, 0x04, 0x00, 0x03, 0x36, 0x03,
    0x09, 0x61, 0x00, 0x47, 0x07, 0x45, 0x0C, 0x0B, 0xE1, 0x01, 0x07, 0x43,
    0x07, 0x2E, 0x08, 0x04, 0x00, 0x03, 0x3D, 0x04, 0x03, 0x3D, 0x06, 0x03,
    0x45, 0x0D, 0xE3, 0x01, 0x01, 0x61, 0x07, 0x45, 0x07, 0x2E, 0x09, 0x61,
    0x04, 0x00, 0x03, 0x3D, 0x04, 0x07, 0x3D, 0x06, 0x12, 0x0B, 0x45, 0x0D,
    0x0A, 0x0F, 0xE6, 0x01, 0x01, 0x61, 0x07, 0x39, 0x07, 0x2E, 0x0F, 0x34,
    0x01, 0x2F, 0x03, 0x20, 0x03, 0x3D, 0x05, 0x03, 0x3D, 0x06, 0x03, 0x45,
    0x0D, 0xE4, 0x01, 0x01, 0x61, 0x09, 0x61, 0x03, 0x20, 0x03, 0x3D, 0x04,
    0x07, 0x3D, 0x06, 0x12, 0x07, 0x45, 0x0D, 0x0B, 0x61, 0x01, 0x07, 0x39,
    0x07, 0x2E, 0x0F, 0x2D, 0x01, 0x2F, 0x04, 0xA1, 0x03, 0x36, 0x03, 0x0B,
    0x45, 0x0E, 0x0A, 0x0F, 0x61, 0x01, 0x01, 0x61, 0x08, 0x04, 0xA2, 0x07,
    0x3D, 0x05, 0x05, 0x0B, 0x45, 0x0E, 0x0A, 0x0F, 0xE2, 0x01, 0x07, 0x40,
    0x07, 0x2E, 0x09, 0x61, 0x04, 0x00, 0x03, 0x3D, 0x05, 0x0B, 0x45, 0x0A,
    0x00, 0x37, 0x07, 0x45, 0x0E, 0x0B, 0xE2, 0x01, 0x01, 0x61, 0x08, 0x04,
    0x00, 0x03, 0x3D, 0x02, 0x09, 0x61, 0x00, 0x37, 0x03, 0x45, 0x0E, 0xE1,
    0x01, 0x07, 0x43, 0x07, 0x2E, 0x08, 0x04, 0x00, 0x03, 0x3D, 0x04, 0x03,
    0x3D, 0x06, 0x0B, 0x45, 0x0F, 0x0A, 0x0F, 0xE3, 0x01, 0x01, 0x61, 0x07,
    0x45, 0x07, 0x2E, 0x08, 0x04, 0x00, 0x07, 0x3D, 0x04, 0x0A, 0x07, 0x3D,
    0x06, 0x12, 0x0B, 0x45, 0x0F, 0x0A, 0x0F, 0x66, 0x01, 0x01, 0x61, 0x07,
    0x39, 0x07, 0x2E, 0x0F, 0x39, 0x01, 0x2F, 0x03, 0x30, 0x03, 0x36, 0x03,
    0x03, 0x45, 0x0F, 0x64, 0x01, 0x01, 0x61, 0x08, 0x03, 0x30, 0x07, 0x3D,
    0x05, 0x05, 0x07, 0x45, 0x0F, 0x0B, 0x61, 0x00, 0x07, 0x40, 0x07, 0x2E,
    0x0F, 0x2D, 0x01, 0x2F, 0x04, 0xA1, 0x03, 0x36, 0x03, 0x61, 0x01, 0x01,
    0x61, 0x08, 0x04, 0xA2, 0x07, 0x3D, 0x05, 0x05, 0x0B, 0x45, 0x0D, 0x0A,
    0x0F, 0xE2, 0x01, 0x07, 0x47, 0x07, 0x2E, 0x09, 0x61, 0x04, 0x00, 0x03,
    0x3D, 0x05, 0x0B, 0x45, 0x0A, 0x00, 0x37, 0x0B, 0x45, 0x0D, 0x0A, 0x0F,
    0xE2, 0x01, 0x01, 0x61, 0x07, 0x2D, 0x01, 0x2F, 0x03, 0x3D, 0x02, 0x09,
    0x61, 0x00, 0x37, 0x07, 0x45, 0x0D, 0x0B, 0xC4, 0x01, 0x07, 0x48, 0x07,
    0x2E, 0x03, 0x3D, 0x04, 0x03, 0x3D, 0x06, 0x03, 0x45, 0x0D, 0xE4, 0x01,
    0x01, 0x61, 0x01, 0x61, 0x07, 0x3D, 0x04, 0x0A, 0x07, 0x3D, 0x06, 0x12,
    0x0B, 0x45, 0x0C, 0x0A, 0x0F, 0x61, 0x01, 0x07, 0x41, 0x07, 0x2E, 0x07,
    0x34, 0x01, 0x2F, 0x03, 0x3D, 0x05, 0x03, 0x45, 0x0C, 0x61, 0x01, 0x01,
    0x61, 0x01, 0x61, 0x03, 0x3D, 0x04, 0x07, 0x45, 0x0C, 0x0B, 0x62, 0x01,
    0x07, 0x39, 0x07, 0x2E, 0x0F, 0x35, 0x01, 0x2F, 0x04, 0xA1, 0x03, 0x36,
    0x03, 0x0B, 0x45, 0x0B, 0x0A, 0x0F, 0x62, 0x01, 0x01, 0x61, 0x08, 0x04,
    0xA2, 0x07, 0x3D, 0x05, 0x05, 0x0B, 0x45, 0x0B, 0x0A, 0x0F, 0xE4, 0x01,
    0x07, 0x41, 0x07, 0x2E, 0x09, 0x61, 0x04, 0x00, 0x03, 0x3D, 0x05, 0x0B,
    0x41, 0x0A, 0x00, 0x47, 0x07, 0x45, 0x0B, 0x0B, 0xE4, 0x01, 0x01, 0x61,
    0x08, 0x04, 0x00, 0x03, 0x3D, 0x02, 0x09, 0x61, 0x00, 0x47, 0x03, 0x45,
    0x09, 0xE1, 0x01, 0x07, 0x41, 0x07, 0x2E, 0x0F, 0x35, 0x01, 0x2F, 0x04,
    0x00, 0x03, 0x3D, 0x04, 0x03, 0x3D, 0x06, 0x0B, 0x45, 0x09, 0x0A, 0x0F,
    0xE3, 0x01, 0x01, 0x61, 0x07, 0x40, 0x07, 0x2E, 0x09, 0x61, 0x04, 0x00,
    0x07, 0x3D, 0x04, 0x0A, 0x07, 0x3D, 0x06, 0x12, 0x0B, 0x45, 0x09, 0x0A,
    0x0F, 0x66, 0x01, 0x01, 0x61, 0x07, 0x3C, 0x07, 0x2E, 0x0F, 0x32, 0x01,
    0x2F, 0x04, 0xA1, 0x03, 0x3D, 0x05, 0x03, 0x45, 0x0B, 0x64, 0x01, 0x01,
    0x61, 0x08, 0x04, 0xA2, 0x03, 0x3D, 0x02, 0x07, 0x45, 0x0B, 0x0B, 0x61,
    0x00, 0x07, 0x3E, 0x07, 0x2E, 0x08, 0x04, 0x00, 0x03, 0x36, 0x03, 0x61,
    0x01, 0x01, 0x61, 0x09, 0x61, 0x04, 0x00, 0x03, 0x36, 0x03, 0x0B, 0x45,
    0x0B, 0x0A, 0x0F, 0xE2, 0x01, 0x07, 0x40, 0x07, 0x2E, 0x07, 0x32, 0x01,
    0x2F, 0x03, 0x3D, 0x05, 0x0B, 0x43, 0x0A, 0x00, 0x47, 0x0B, 0x45, 0x0B,
    0x0A, 0x0F, 0xC2, 0x01, 0x01, 0x61, 0x03, 0x36, 0x03, 0x09, 0x61, 0x00,
    0x47, 0x07, 0x45, 0x0C, 0x0B, 0xC1, 0x01, 0x07, 0x43, 0x07, 0x2E, 0x03,
    0x3D, 0x04, 0x03, 0x3D, 0x06, 0x03, 0x45, 0x0C, 0xE3, 0x01, 0x01, 0x61,
    0x07, 0x45, 0x07, 0x2E, 0x01, 0x61, 0x07, 0x3D, 0x04, 0x0A, 0x07, 0x3D,
    0x06, 0x12, 0x0B, 0x45, 0x0C, 0x0A, 0x0F, 0x66, 0x01, 0x01, 0x61, 0x07,
    0x39, 0x07, 0x2E, 0x07, 0x37, 0x01, 0x2F, 0x03, 0x3D, 0x05, 0x03, 0x45,
    0x0D, 0xE4, 0x01, 0x01, 0x61, 0x01, 0x61, 0x03, 0x3D, 0x04, 0x03, 0x3D,
    0x06, 0x07, 0x45, 0x0D, 0x0B, 0xE1, 0x01, 0x07, 0x39, 0x07, 0x2E, 0x0F,
    0x2D, 0x01, 0x2F, 0x04, 0xA1, 0x03, 0x36, 0x03, 0x07, 0x3D, 0x06, 0x12,
    0x0B, 0x45, 0x0D, 0x0A, 0x0F, 0x61, 0x01, 0x01, 0x61, 0x08, 0x04, 0xA2,
    0x07, 0x3D, 0x05, 0x05, 0x0B, 0x45, 0x0E, 0x0A, 0x0F, 0xE2, 0x01, 0x07,
    0x40, 0x07, 0x2E, 0x09, 0x61, 0x04, 0x00, 0x03, 0x3D, 0x05, 0x0B, 0x45,
    0x0A, 0x00, 0x37, 0x07, 0x45, 0x0E, 0x0B, 0xE2, 0x01, 0x01, 0x61, 0x08,
    0x04, 0x00, 0x03, 0x3D, 0x02, 0x09, 0x61, 0x00, 0x37, 0x03, 0x45, 0x0E,
    0xE1, 0x01, 0x07, 0x43, 0x07, 0x2E, 0x08, 0x04, 0x00, 0x03, 0x3D, 0x04,
    0x03, 0x3D, 0x06, 0x0B, 0x45, 0x0F, 0x0A, 0x0F, 0xE3, 0x01, 0x01, 0x61,
    0x07, 0x45, 0x07, 0x2E, 0x08, 0x04, 0x00, 0x07, 0x3D, 0x04, 0x0A, 0x07,
    0x3D, 0x06, 0x12, 0x0B, 0x45, 0x0F, 0x0A, 0x0F, 0x66, 0x01, 0x01, 0x61,
    0x07, 0x39, 0x07, 0x2E, 0x0F, 0x39, 0x01, 0x2F, 0x03, 0x30, 0x03, 0x36,
    0x03, 0x03, 0x45, 0x10, 0x64, 0x01, 0x01, 0x61, 0x08, 0x03, 0x30, 0x07,
    0x3D, 0x05, 0x05, 0x07, 0x45, 0x10, 0x0B, 0x61, 0x00, 0x07, 0x40, 0x07,
    0x2E, 0x0F, 0x2D, 0x01, 0x2F, 0x04, 0xA1, 0x03, 0x36, 0x03, 0x61, 0x01,
    0x01, 0x61, 0x08, 0x04, 0xA2, 0x07, 0x3D, 0x05, 0x05, 0x0B, 0x45, 0x10,
    0x0A, 0x0F, 0xE2, 0x01, 0x07, 0x47, 0x07, 0x2E, 0x09, 0x61, 0x04, 0x00,
    0x03, 0x3D, 0x05, 0x0B, 0x45, 0x0A, 0x00, 0x37, 0x0B, 0x45, 0x10, 0x0A,
    0x0F, 0xE2, 0x01, 0x01, 0x61, 0x07, 0x2D, 0x01, 0x2F, 0x03, 0x3D, 0x02,
    0x09, 0x61, 0x00, 0x37, 0x07, 0x45, 0x11, 0x0B, 0xC4, 0x01, 0x07, 0x48,
    0x07, 0x2E, 0x03, 0x3D, 0x04, 0x03, 0x3D, 0x06, 0x03, 0x45, 0x11, 0xE4,
    0x01, 0x01, 0x61, 0x01, 0x61, 0x07, 0x3D, 0x04, 0x0A, 0x07, 0x3D, 0x06,
    0x12, 0x0B, 0x45, 0x11, 0x0A, 0x0F, 0x61, 0x01, 0x07, 0x4A, 0x07, 0x2E,
    0x07, 0x34, 0x01, 0x2F, 0x03, 0x3D, 0x05, 0x03, 0x45, 0x11, 0x61, 0x01,
    0x01, 0x61, 0x01, 0x61, 0x03, 0x3D, 0x04, 0x07, 0x45, 0x12, 0x0B, 0x72,
    0x01, 0x07, 0x39, 0x07, 0x2E, 0x03, 0x3D, 0x04, 0x0F, 0x35, 0x01, 0x2F,
    0x04, 0xA1, 0x03, 0x36, 0x03, 0x0B, 0x45, 0x12, 0x0A, 0x0F, 0x62, 0x01,
    0x01, 0x61, 0x08, 0x04, 0xA2, 0x07, 0x3D, 0x05, 0x05, 0x0B, 0x45, 0x12,
    0x0A, 0x0F, 0xE4, 0x01, 0x07, 0x45, 0x07, 0x2E, 0x09, 0x61, 0x04, 0x00,
    0x03, 0x3D, 0x05, 0x0B, 0x41, 0x0A, 0x00, 0x47, 0x07, 0x45, 0x13, 0x0B,
    0xF4, 0x01, 0x01, 0x61, 0x03, 0x3D, 0x04, 0x08, 0x04, 0x00, 0x03, 0x3D,
    0x02, 0x09, 0x61, 0x00, 0x47, 0x03, 0x45, 0x13, 0xE1, 0x01, 0x07, 0x47,
    0x07, 0x2E, 0x0F, 0x35, 0x01, 0x2F, 0x04, 0x00, 0x03, 0x3D, 0x04, 0x03,
    0x3D, 0x06, 0x0B, 0x45, 0x13, 0x0A, 0x0F, 0xE3, 0x01, 0x01, 0x61, 0x07,
    0x40, 0x07, 0x2E, 0x09, 0x61, 0x04, 0x00, 0x07, 0x3D, 0x04, 0x0A, 0x07,
    0x3D, 0x06, 0x12, 0x0B, 0x45, 0x14, 0x0A, 0x0F, 0x76, 0x01, 0x01, 0x61,
    0x07, 0x43, 0x07, 0x2E, 0x03, 0x3D, 0x04, 0x0F, 0x37, 0x01, 0x2F, 0x03,
    0x30, 0x03, 0x3D, 0x05, 0x03, 0x45, 0x14, 0x64, 0x01, 0x01, 0x61, 0x08,
    0x03, 0x30, 0x03, 0x3D, 0x02, 0x07, 0x45, 0x14, 0x0B, 0x71, 0x00, 0x07,
    0x3E, 0x07, 0x2E, 0x03, 0x3D, 0x04, 0x08, 0x04, 0xA1, 0x03, 0x36, 0x03,
    0xE1, 0x01, 0x01, 0x61, 0x09, 0x61, 0x04, 0xA2, 0x03, 0x36, 0x03, 0x03,
    0x3D, 0x06, 0x0B, 0x45, 0x16, 0x0A, 0x0F, 0xF2, 0x01, 0x07, 0x40, 0x07,
    0x2E, 0x03, 0x3D, 0x04, 0x0F, 0x37, 0x01, 0x2F, 0x04, 0x00, 0x03, 0x3D,
    0x05, 0x0B, 0x43, 0x0A, 0x00, 0x47, 0x0B, 0x45, 0x16, 0x0A, 0x0F, 0xE2,
    0x01, 0x01, 0x61, 0x08, 0x04, 0x00, 0x03, 0x36, 0x03, 0x09, 0x61, 0x00,
    0x47, 0x07, 0x45, 0x16, 0x0B, 0xF1, 0x01, 0x07, 0x43, 0x07, 0x2E, 0x03,
    0x3D, 0x04, 0x08, 0x04, 0x00, 0x03, 0x3D, 0x04, 0x03, 0x3D, 0x06, 0x03,
    0x45, 0x14, 0xF3, 0x01, 0x01, 0x61, 0x07, 0x47, 0x07, 0x2E, 0x03, 0x3D,
    0x04, 0x09, 0x61, 0x04, 0x00, 0x03, 0x3D, 0x04, 0x07, 0x3D, 0x06, 0x12,
    0x0B, 0x45, 0x13, 0x0A, 0x0F, 0xF6, 0x01, 0x01, 0x61, 0x07, 0x48, 0x07,
    0x2E, 0x03, 0x3D, 0x04, 0x0F, 0x34, 0x01, 0x2F, 0x03, 0x20, 0x03, 0x3D,
    0x05, 0x03, 0x3D, 0x06, 0x03, 0x45, 0x13, 0xF4, 0x01, 0x01, 0x61, 0x03,
    0x3D, 0x04, 0x09, 0x61, 0x03, 0x20, 0x03, 0x3D, 0x04, 0x07, 0x3D, 0x06,
    0x12, 0x07, 0x45, 0x13, 0x0B, 0xE9, 0x02, 0x07, 0x39, 0x07, 0x2E, 0x0F,
    0x51, 0x01, 0x2F, 0x02, 0x2A, 0x0B, 0x39, 0x16, 0x0A, 0x0F, 0x03, 0x36,
    0x03, 0x07, 0x2D, 0x01, 0x2F, 0x03, 0x39, 0x15, 0xA9, 0x02, 0x01, 0x61,
    0x0F, 0x2D, 0x01, 0x2F, 0x03, 0x20, 0x0B, 0x39, 0x16, 0x0A, 0x0F, 0x01,
    0x61, 0x01, 0x61, 0xFA, 0x00, 0x07, 0x40, 0x07, 0x2E, 0x08, 0x03, 0x20,
    0x03, 0x40, 0x15, 0x07, 0x39, 0x16, 0x0B, 0x03, 0x36, 0x03, 0x07, 0x2D,
    0x01, 0x2F, 0xB2, 0x00, 0x01, 0x61, 0x01, 0x61, 0x03, 0x39, 0x16, 0x01,
    0x61, 0xA9, 0x00, 0x07, 0x43, 0x07, 0x2E, 0x01, 0x61, 0x0B, 0x39, 0x14,
    0x0A, 0x0F, 0x03, 0x43, 0x15, 0xA3, 0x02, 0x01, 0x61, 0x07, 0x45, 0x07,
    0x2E, 0x0B, 0x39, 0x14, 0x0A, 0x0F, 0x01, 0x61, 0x03, 0x45, 0x15, 0x26,
    0x02, 0x01, 0x61, 0x07, 0x39, 0x07, 0x2E, 0x03, 0x39, 0x14, 0x01, 0x61,
    0x24, 0x00, 0x01, 0x61, 0x07, 0x39, 0x14, 0x0B, 0x01, 0x00, 0x07, 0x40,
    0x07, 0x2E, 0x21, 0x00, 0x01, 0x61, 0x0B, 0x39, 0x13, 0x0A, 0x0F, 0x22,
    0x00, 0x07, 0x47, 0x07, 0x2E, 0x0B, 0x39, 0x13, 0x0A, 0x0F, 0x22, 0x00,
    0x01, 0x61, 0x07, 0x39, 0x13, 0x0B, 0x64, 0x00, 0x07, 0x48, 0x07, 0x2E,
    0x03, 0x39, 0x13, 0x03, 0x43, 0x15, 0x64, 0x00, 0x01, 0x61, 0x0B, 0x39,
    0x12, 0x0A, 0x0F, 0x01, 0x61, 0x31, 0x00, 0x07, 0x41, 0x07, 0x2E, 0x03,
    0x3E, 0x15, 0x03, 0x39, 0x12, 0x31, 0x00, 0x01, 0x61, 0x01, 0x61, 0x07,
    0x39, 0x12, 0x0B, 0x22, 0x00, 0x07, 0x39, 0x07, 0x2E, 0x0B, 0x39, 0x12,
    0x0A, 0x0F, 0x22, 0x00, 0x01, 0x61, 0x0B, 0x39, 0x11, 0x0A, 0x0F, 0x24,
    0x00, 0x07, 0x41, 0x07, 0x2E, 0x07, 0x39, 0x11, 0x0B, 0x24, 0x00, 0x01,
    0x61, 0x03, 0x39, 0x11, 0xA1, 0x00, 0x07, 0x41, 0x07, 0x2E, 0x0B, 0x39,
    0x11, 0x0A, 0x0F, 0x03, 0x3C, 0x15, 0xA3, 0x00, 0x01, 0x61, 0x07, 0x40,
    0x07, 0x2E, 0x0B, 0x39, 0x10, 0x0A, 0x0F, 0x01, 0x61, 0x26, 0x02, 0x01,
    0x61, 0x07, 0x3C, 0x07, 0x2E, 0x03, 0x39, 0x10, 0x03, 0x3B, 0x15, 0x24,
    0x02, 0x01, 0x61, 0x07, 0x39, 0x10, 0x0B, 0x01, 0x61, 0x01, 0x00, 0x07,
    0x3E, 0x07, 0x2E, 0x21, 0x00, 0x01, 0x61, 0x0B, 0x39, 0x10, 0x0A, 0x0F,
    0x22, 0x00, 0x07, 0x40, 0x07, 0x2E, 0x0B, 0x39, 0x0F, 0x0A, 0x0F, 0x22,
    0x00, 0x01, 0x61, 0x07, 0x39, 0x0F, 0x0B, 0x61, 0x00, 0x07, 0x43, 0x07,
    0x2E, 0x03, 0x39, 0x0F, 0x03, 0x37, 0x15, 0x63, 0x00, 0x01, 0x61, 0x07,
    0x45, 0x07, 0x2E, 0x0B, 0x39, 0x0F, 0x0A, 0x0F, 0x01, 0x61, 0x26, 0x00,
    0x01, 0x61, 0x07, 0x39, 0x07, 0x2E, 0x03, 0x39, 0x0E, 0x24, 0x00, 0x01,
    0x61, 0x07, 0x39, 0x0E, 0x0B, 0x61, 0x03, 0x07, 0x39, 0x07, 0x2E, 0x0B,
    0x39, 0x0E, 0x0A, 0x0F, 0x03, 0x36, 0x03, 0x07, 0x2D, 0x01, 0x2F, 0x03,
    0x39, 0x15, 0x21, 0x03, 0x01, 0x61, 0x0B, 0x39, 0x0E, 0x0A, 0x0F, 0x01,
    0x61, 0x01, 0x61, 0x72, 0x01, 0x07, 0x40, 0x07, 0x2E, 0x03, 0x40, 0x15,
    0x07, 0x39, 0x0D, 0x0B, 0x03, 0x36, 0x03, 0x07, 0x2D, 0x01, 0x2F, 0x32,
    0x01, 0x01, 0x61, 0x01, 0x61, 0x03, 0x39, 0x0D, 0x01, 0x61, 0xA1, 0x00,
    0x07, 0x43, 0x07, 0x2E, 0x0B, 0x39, 0x0D, 0x0A, 0x0F, 0x03, 0x43, 0x15,
    0xA3, 0x02, 0x01, 0x61, 0x07, 0x45, 0x07, 0x2E, 0x0B, 0x39, 0x0D, 0x0A,
    0x0F, 0x01, 0x61, 0x03, 0x45, 0x15, 0x26, 0x02, 0x01, 0x61, 0x07, 0x39,
    0x07, 0x2E, 0x03, 0x39, 0x0C, 0x01, 0x61, 0x24, 0x00, 0x01, 0x61, 0x07,
    0x39, 0x0C, 0x0B, 0x01, 0x00, 0x07, 0x40, 0x07, 0x2E, 0x21, 0x00, 0x01,
    0x61, 0x0B, 0x39, 0x0C, 0x0A, 0x0F, 0x22, 0x00, 0x07, 0x47, 0x07, 0x2E,
    0x0B, 0x39, 0x0C, 0x0A, 0x0F, 0x22, 0x00, 0x01, 0x61, 0x07, 0x39, 0x0B,
    0x0B, 0x64, 0x00, 0x07, 0x48, 0x07, 0x2E, 0x03, 0x39, 0x0B, 0x03, 0x43,
    0x15, 0x64, 0x00, 0x01, 0x61, 0x0B, 0x39, 0x0B, 0x0A, 0x0F, 0x01, 0x61,
    0x31, 0x00, 0x07, 0x41, 0x07, 0x2E, 0x03, 0x40, 0x15, 0x03, 0x39, 0x09,
    0x31, 0x00, 0x01, 0x61, 0x01, 0x61, 0x07, 0x39, 0x09, 0x0B, 0x22, 0x00,
    0x07, 0x39, 0x07, 0x2E, 0x0B, 0x39, 0x09, 0x0A, 0x0F, 0x22, 0x00, 0x01,
    0x61, 0x0B, 0x39, 0x09, 0x0A, 0x0F, 0x24, 0x00, 0x07, 0x41, 0x07, 0x2E,
    0x07, 0x39, 0x09, 0x0B, 0x24, 0x00, 0x01, 0x61, 0x03, 0x39, 0x09, 0xA1,
    0x00, 0x07, 0x41, 0x07, 0x2E, 0x0B, 0x39, 0x0B, 0x0A, 0x0F, 0x03, 0x3E,
    0x15, 0xA3, 0x00, 0x01, 0x61, 0x07, 0x40, 0x07, 0x2E, 0x0B, 0x39, 0x0B,
    0x0A, 0x0F, 0x01, 0x61, 0x26, 0x02, 0x01, 0x61, 0x07, 0x3C, 0x07, 0x2E,
    0x03, 0x39, 0x0B, 0x03, 0x3C, 0x15, 0x24, 0x02, 0x01, 0x61, 0x07, 0x39,
    0x0B, 0x0B, 0x01, 0x61, 0x01, 0x00, 0x07, 0x3E, 0x07, 0x2E, 0x21, 0x00,
    0x01, 0x61, 0x0B, 0x39, 0x0C, 0x0A, 0x0F, 0x22, 0x00, 0x07, 0x40, 0x07,
    0x2E, 0x0B, 0x39, 0x0C, 0x0A, 0x0F, 0x22, 0x00, 0x01, 0x61, 0x07, 0x39,
    0x0C, 0x0B, 0x61, 0x01, 0x07, 0x43, 0x07, 0x2E, 0x03, 0x39, 0x0D, 0x03,
    0x3E, 0x15, 0x07, 0x2B, 0x01, 0x2F, 0x63, 0x01, 0x01, 0x61, 0x07, 0x45,
    0x07, 0x2E, 0x0B, 0x39, 0x0D, 0x0A, 0x0F, 0x01, 0x61, 0x01, 0x61, 0x26,
    0x01, 0x01, 0x61, 0x07, 0x39, 0x07, 0x2E, 0x03, 0x39, 0x0D, 0x07, 0x37,
    0x01, 0x2F, 0x24, 0x01, 0x01, 0x61, 0x07, 0x39, 0x0D, 0x0B, 0x01, 0x61,
    0xE9, 0x03, 0x07, 0x39, 0x07, 0x2E, 0x07, 0x4F, 0x0A, 0x15, 0x0B, 0x39,
    0x0E, 0x0A, 0x0F, 0x03, 0x36, 0x03, 0x07, 0x2D, 0x01, 0x2F, 0x07, 0x4F,
    0x07, 0x15, 0x03, 0x39, 0x15, 0xA9, 0x03, 0x01, 0x61, 0x07, 0x53, 0x0A,
    0x14, 0x0B, 0x39, 0x0E, 0x0A, 0x0F, 0x01, 0x61, 0x07, 0x53, 0x07, 0x15,
    0x01, 0x61, 0xFA, 0x01, 0x07, 0x40, 0x07, 0x2E, 0x07, 0x54, 0x0A, 0x13,
    0x03, 0x40, 0x15, 0x07, 0x39, 0x0E, 0x0B, 0x03, 0x36, 0x03, 0x07, 0x2D,
    0x01, 0x2F, 0x07, 0x54, 0x07, 0x14, 0xBA, 0x01, 0x01, 0x61, 0x07, 0x4F,
    0x0A, 0x12, 0x01, 0x61, 0x03, 0x39, 0x0E, 0x01, 0x61, 0x07, 0x4F, 0x07,
    0x14, 0xA9, 0x01, 0x07, 0x43, 0x07, 0x2E, 0x07, 0x53, 0x0A, 0x11, 0x0B,
    0x39, 0x0F, 0x0A, 0x0F, 0x03, 0x43, 0x15, 0x07, 0x53, 0x07, 0x13, 0xAB,
    0x03, 0x01, 0x61, 0x07, 0x45, 0x07, 0x2E, 0x07, 0x54, 0x0A, 0x10, 0x0B,
    0x39, 0x0F, 0x0A, 0x0F, 0x01, 0x61, 0x07, 0x54, 0x07, 0x13, 0x03, 0x45,
    0x15, 0x2E, 0x03, 0x01, 0x61, 0x07, 0x39, 0x07, 0x2E, 0x07, 0x4F, 0x0A,
    0x0F, 0x03, 0x39, 0x0F, 0x07, 0x4F, 0x07, 0x12, 0x01, 0x61, 0x2C, 0x01,
    0x01, 0x61, 0x07, 0x53, 0x0A, 0x0E, 0x07, 0x39, 0x0F, 0x0B, 0x07, 0x53,
    0x07, 0x12, 0x09, 0x01, 0x07, 0x40, 0x07, 0x2E, 0x07, 0x54, 0x0A, 0x0D,
    0x07, 0x54, 0x07, 0x11, 0x29, 0x01, 0x01, 0x61, 0x07, 0x4F, 0x0A, 0x0C,
    0x0B, 0x39, 0x0D, 0x0A, 0x0F, 0x07, 0x4F, 0x07, 0x11, 0x2A, 0x01, 0x07,
    0x47, 0x07, 0x2E, 0x07, 0x53, 0x0A, 0x0B, 0x0B, 0x39, 0x0D, 0x0A, 0x0F,
    0x07, 0x53, 0x07, 0x10, 0x2A, 0x01, 0x01, 0x61, 0x07, 0x54, 0x0A, 0x0A,
    0x07, 0x39, 0x0D, 0x0B, 0x07, 0x54, 0x07, 0x10, 0x6C, 0x01, 0x07, 0x48,
    0x07, 0x2E, 0x07, 0x4F, 0x0A, 0x09, 0x03, 0x39, 0x0D, 0x03, 0x43, 0x15,
    0x07, 0x4F, 0x07, 0x0F, 0x6C, 0x01, 0x01, 0x61, 0x07, 0x53, 0x0A, 0x08,
    0x0B, 0x39, 0x0C, 0x0A, 0x0F, 0x01, 0x61, 0x07, 0x53, 0x07, 0x0F, 0x39,
    0x01, 0x07, 0x41, 0x07, 0x2E, 0x07, 0x54, 0x0A, 0x07, 0x03, 0x3E, 0x15,
    0x03, 0x39, 0x0C, 0x07, 0x54, 0x07, 0x0E, 0x39, 0x01, 0x01, 0x61, 0x07,
    0x4F, 0x0A, 0x08, 0x01, 0x61, 0x07, 0x39, 0x0C, 0x0B, 0x07, 0x4F, 0x07,
    0x0E, 0x2A, 0x01, 0x07, 0x39, 0x07, 0x2E, 0x07, 0x53, 0x0A, 0x0A, 0x0B,
    0x39, 0x0B, 0x0A, 0x0F, 0x07, 0x53, 0x07, 0x0D, 0x2A, 0x01, 0x01, 0x61,
    0x07, 0x54, 0x0A, 0x0C, 0x0B, 0x39, 0x0B, 0x0A, 0x0F, 0x07, 0x54, 0x07,
    0x0D, 0x2C, 0x01, 0x07, 0x41, 0x07, 0x2E, 0x07, 0x4F, 0x0A, 0x0E, 0x07,
    0x39, 0x0B, 0x0B, 0x07, 0x4F, 0x07, 0x0C, 0x2C, 0x01, 0x01, 0x61, 0x07,
    0x53, 0x0A, 0x10, 0x03, 0x39, 0x09, 0x07, 0x53, 0x07, 0x0C, 0xA9, 0x01,
    0x07, 0x41, 0x07, 0x2E, 0x07, 0x54, 0x0A, 0x13, 0x0B, 0x39, 0x09, 0x0A,
    0x0F, 0x03, 0x3C, 0x15, 0x07, 0x54, 0x07, 0x0B, 0xAB, 0x01, 0x01, 0x61,
    0x07, 0x40, 0x07, 0x2E, 0x07, 0x4F, 0x0A, 0x16, 0x0B, 0x39, 0x09, 0x0A,
    0x0F, 0x01, 0x61, 0x07, 0x4F, 0x07, 0x0B, 0x2E, 0x03, 0x01, 0x61, 0x07,
    0x3C, 0x07, 0x2E, 0x07, 0x53, 0x0A, 0x19, 0x03, 0x39, 0x0B, 0x07, 0x53,
    0x07, 0x0A, 0x03, 0x3B, 0x15, 0x2C, 0x03, 0x01, 0x61, 0x07, 0x54, 0x0A,
    0x1A, 0x07, 0x39, 0x0B, 0x0B, 0x07, 0x54, 0x07, 0x0A, 0x01, 0x61, 0x09,
    0x01, 0x07, 0x3E, 0x07, 0x2E, 0x07, 0x4F, 0x0A, 0x15, 0x07, 0x4F, 0x07,
    0x0A, 0x29, 0x01, 0x01, 0x61, 0x07, 0x53, 0x0A, 0x14, 0x0B, 0x39, 0x0B,
    0x0A, 0x0F, 0x07, 0x53, 0x07, 0x09, 0x2A, 0x01, 0x07, 0x40, 0x07, 0x2E,
    0x07, 0x54, 0x0A, 0x13, 0x0B, 0x39, 0x0B, 0x0A, 0x0F, 0x07, 0x54, 0x07,
    0x09, 0x2A, 0x01, 0x01, 0x61, 0x07, 0x4F, 0x0A, 0x15, 0x07, 0x39, 0x0C,
    0x0B, 0x07, 0x4F, 0x07, 0x08, 0xE9, 0x01, 0x07, 0x43, 0x07, 0x2E, 0x07,
    0x53, 0x0A, 0x14, 0x03, 0x39, 0x0C, 0x03, 0x37, 0x15, 0x07, 0x39, 0x01,
    0x05, 0x07, 0x53, 0x07, 0x08, 0xEB, 0x01, 0x01, 0x61, 0x07, 0x45, 0x07,
    0x2E, 0x07, 0x54, 0x0A, 0x13, 0x0B, 0x39, 0x0C, 0x0A, 0x0F, 0x01, 0x61,
    0x08, 0x0A, 0x20, 0x07, 0x54, 0x07, 0x07, 0xAE, 0x01, 0x01, 0x61, 0x07,
    0x39, 0x07, 0x2E, 0x07, 0x4F, 0x0A, 0x15, 0x03, 0x39, 0x0D, 0x08, 0x0A,
    0x20, 0x07, 0x4F, 0x07, 0x07, 0xAC, 0x01, 0x01, 0x61, 0x07, 0x53, 0x0A,
    0x14, 0x07, 0x39, 0x0D, 0x0B, 0x08, 0x0A, 0x20, 0x07, 0x53, 0x07, 0x06,
    0xE9, 0x03, 0x07, 0x39, 0x07, 0x2E, 0x07, 0x4F, 0x0A, 0x15, 0x0B, 0x39,
    0x0D, 0x0A, 0x0F, 0x03, 0x36, 0x03, 0x07, 0x2D, 0x01, 0x2F, 0x07, 0x4F,
    0x07, 0x06, 0x03, 0x39, 0x15, 0xA9, 0x03, 0x01, 0x61, 0x07, 0x53, 0x0A,
    0x14, 0x0B, 0x39, 0x0E, 0x0A, 0x0F, 0x01, 0x61, 0x07, 0x53, 0x07, 0x05,
    0x01, 0x61, 0xFA, 0x01, 0x07, 0x40, 0x07, 0x2E, 0x07, 0x54, 0x0A, 0x13,
    0x03, 0x40, 0x15, 0x07, 0x39, 0x0E, 0x0B, 0x03, 0x36, 0x03, 0x07, 0x2D,
    0x01, 0x2F, 0x07, 0x54, 0x07, 0x05, 0xBA, 0x01, 0x01, 0x61, 0x07, 0x4F,
    0x0A, 0x12, 0x01, 0x61, 0x03, 0x39, 0x0E, 0x01, 0x61, 0x07, 0x4F, 0x07,
    0x04, 0xA9, 0x01, 0x07, 0x43, 0x07, 0x2E, 0x07, 0x53, 0x0A, 0x11, 0x0B,
    0x39, 0x0F, 0x0A, 0x0F, 0x03, 0x43, 0x15, 0x07, 0x53, 0x07, 0x04, 0xAB,
    0x03, 0x01, 0x61, 0x07, 0x45, 0x07, 0x2E, 0x07, 0x54, 0x0A, 0x10, 0x0B,
    0x39, 0x0F, 0x0A, 0x0F, 0x01, 0x61, 0x07, 0x54, 0x07, 0x05, 0x03, 0x45,
    0x15, 0x2E, 0x03, 0x01, 0x61, 0x07, 0x39, 0x07, 0x2E, 0x07, 0x4F, 0x0A,
    0x0F, 0x03, 0x39, 0x10, 0x07, 0x4F, 0x07, 0x07, 0x01, 0x61, 0x2C, 0x01,
    0x01, 0x61, 0x07, 0x53, 0x0A, 0x0E, 0x07, 0x39, 0x10, 0x0B, 0x07, 0x53,
    0x07, 0x08, 0x09, 0x01, 0x07, 0x40, 0x07, 0x2E, 0x07, 0x54, 0x0A, 0x0D,
    0x07, 0x54, 0x07, 0x09, 0x29, 0x01, 0x01, 0x61, 0x07, 0x4F, 0x0A, 0x0C,
    0x0B, 0x39, 0x10, 0x0A, 0x0F, 0x07, 0x4F, 0x07, 0x0A, 0x2A, 0x01, 0x07,
    0x47, 0x07, 0x2E, 0x07, 0x53, 0x0A, 0x0B, 0x0B, 0x39, 0x10, 0x0A, 0x0F,
    0x07, 0x53, 0x07, 0x0B, 0x2A, 0x01, 0x01, 0x61, 0x07, 0x54, 0x0A, 0x0A,
    0x07, 0x39, 0x11, 0x0B, 0x07, 0x54, 0x07, 0x0C, 0x6C, 0x01, 0x07, 0x48,
    0x07, 0x2E, 0x07, 0x4F, 0x0A, 0x09, 0x03, 0x39, 0x11, 0x03, 0x3C, 0x15,
    0x07, 0x4F, 0x07, 0x0E, 0x6C, 0x01, 0x01, 0x61, 0x07, 0x53, 0x0A, 0x08,
    0x0B, 0x39, 0x11, 0x0A, 0x0F, 0x01, 0x61, 0x07, 0x53, 0x07, 0x0F, 0x39,
    0x01, 0x07, 0x4A, 0x07, 0x2E, 0x07, 0x54, 0x0A, 0x07, 0x03, 0x3E, 0x15,
    0x03, 0x39, 0x11, 0x07, 0x54, 0x07, 0x12, 0x39, 0x01, 0x01, 0x61, 0x07,
    0x4F, 0x0A, 0x08, 0x01, 0x61, 0x07, 0x39, 0x12, 0x0B, 0x07, 0x4F, 0x07,
    0x14, 0xAA, 0x03, 0x07, 0x39, 0x07, 0x2E, 0x07, 0x53, 0x0A, 0x0A, 0x0B,
    0x39, 0x12, 0x0A, 0x0F, 0x03, 0x3D, 0x06, 0x07, 0x53, 0x07, 0x16, 0x03,
    0x3D, 0x04, 0xAA, 0x03, 0x01, 0x61, 0x07, 0x54, 0x0A, 0x0C, 0x0B, 0x39,
    0x12, 0x0A, 0x0F, 0x07, 0x3D, 0x06, 0x12, 0x07, 0x54, 0x07, 0x17, 0x07,
    0x3D, 0x04, 0x0A, 0x2C, 0x01, 0x07, 0x45, 0x07, 0x2E, 0x07, 0x4F, 0x0A,
    0x0E, 0x07, 0x39, 0x13, 0x0B, 0x07, 0x4F, 0x07, 0x18, 0x6C, 0x03, 0x01,
    0x61, 0x07, 0x53, 0x0A, 0x10, 0x03, 0x39, 0x13, 0x03, 0x3D, 0x06, 0x07,
    0x53, 0x07, 0x19, 0x03, 0x3D, 0x04, 0xE9, 0x03, 0x07, 0x47, 0x07, 0x2E,
    0x07, 0x54, 0x0A, 0x13, 0x0B, 0x39, 0x13, 0x0A, 0x0F, 0x07, 0x3D, 0x06,
    0x12, 0x03, 0x3B, 0x15, 0x07, 0x54, 0x07, 0x15, 0x07, 0x3D, 0x04, 0x0A,
    0xAB, 0x01, 0x01, 0x61, 0x07, 0x40, 0x07, 0x2E, 0x07, 0x4F, 0x0A, 0x16,
    0x0B, 0x39, 0x14, 0x0A, 0x0F, 0x01, 0x61, 0x07, 0x4F, 0x07, 0x13, 0x7E,
    0x03, 0x01, 0x61, 0x07, 0x43, 0x07, 0x2E, 0x07, 0x53, 0x0A, 0x19, 0x03,
    0x3D, 0x06, 0x03, 0x39, 0x14, 0x03, 0x3D, 0x04, 0x07, 0x53, 0x07, 0x10,
    0x03, 0x43, 0x15, 0x7C, 0x03, 0x01, 0x61, 0x07, 0x54, 0x0A, 0x1A, 0x07,
    0x3D, 0x06, 0x12, 0x07, 0x39, 0x14, 0x0B, 0x07, 0x3D, 0x04, 0x0A, 0x07,
    0x54, 0x07, 0x0E, 0x01, 0x61, 0xD9, 0x01, 0x07, 0x3E, 0x07, 0x2E, 0x07,
    0x4F, 0x0A, 0x15, 0x03, 0x3D, 0x06, 0x03, 0x3D, 0x04, 0x07, 0x2B, 0x01,
    0x2F, 0x07, 0x4F, 0x07, 0x0B, 0xA9, 0x01, 0x01, 0x61, 0x07, 0x53, 0x0A,
    0x14, 0x0B, 0x39, 0x16, 0x0A, 0x0F, 0x01, 0x61, 0x07, 0x53, 0x07, 0x0A,
    0xFA, 0x01, 0x07, 0x40, 0x07, 0x2E, 0x07, 0x54, 0x0A, 0x13, 0x03, 0x3D,
    0x06, 0x0B, 0x39, 0x16, 0x0A, 0x0F, 0x03, 0x3D, 0x04, 0x07, 0x2B, 0x01,
    0x2F, 0x07, 0x54, 0x07, 0x08, 0x2A, 0x01, 0x01, 0x61, 0x07, 0x4F, 0x0A,
    0x15, 0x07, 0x39, 0x16, 0x0B, 0x07, 0x4F, 0x07, 0x06, 0xF9, 0x03, 0x07,
    0x43, 0x07, 0x2E, 0x07, 0x53, 0x0A, 0x14, 0x03, 0x3D, 0x06, 0x03, 0x39,
    0x14, 0x03, 0x43, 0x15, 0x01, 0x61, 0x07, 0x53, 0x07, 0x04, 0x03, 0x3D,
    0x04, 0xFB, 0x03, 0x01, 0x61, 0x07, 0x47, 0x07, 0x2E, 0x07, 0x54, 0x0A,
    0x13, 0x03, 0x3D, 0x06, 0x0B, 0x39, 0x13, 0x0A, 0x0F, 0x01, 0x61, 0x0F,
    0x37, 0x01, 0x2F, 0x03, 0x20, 0x07, 0x54, 0x07, 0x03, 0x0B, 0x3D, 0x04,
    0x0E, 0x93, 0xBE, 0x03, 0x01, 0x61, 0x07, 0x48, 0x07, 0x2E, 0x07, 0x4F,
    0x0A, 0x15, 0x03, 0x3D, 0x06, 0x03, 0x39, 0x13, 0x08, 0x03, 0x20, 0x07,
    0x4F, 0x07, 0x02, 0x03, 0x3D, 0x04, 0x3C, 0x03, 0x01, 0x61, 0x07, 0x53,
    0x0A, 0x14, 0x03, 0x3D, 0x06, 0x07, 0x39, 0x13, 0x0B, 0x07, 0x53, 0x07,
    0x01, 0x03, 0x3D, 0x04, 0xE9, 0x01, 0x07, 0x46, 0x07, 0x2E, 0x03, 0x46,
    0x0A, 0x0F, 0x2E, 0x01, 0x2F, 0x04, 0xA1, 0x03, 0x36, 0x03, 0x01, 0x61,
    0x0B, 0x46, 0x16, 0x0A, 0x0F, 0x69, 0x01, 0x01, 0x61, 0x07, 0x46, 0x0A,
    0x10, 0x08, 0x04, 0xA2, 0x07, 0x3D, 0x05, 0x05, 0x0B, 0x46, 0x16, 0x0A,
    0x0F, 0xEA, 0x01, 0x07, 0x4D, 0x07, 0x2E, 0x03, 0x4D, 0x0A, 0x09, 0x61,
    0x04, 0x00, 0x03, 0x3D, 0x05, 0x0B, 0x46, 0x0A, 0x00, 0x37, 0x07, 0x46,
    0x16, 0x0B, 0xEA, 0x01, 0x01, 0x61, 0x07, 0x46, 0x0A, 0x10, 0x08, 0x04,
    0x00, 0x03, 0x3D, 0x02, 0x09, 0x61, 0x00, 0x37, 0x03, 0x46, 0x16, 0xE9,
    0x01, 0x07, 0x50, 0x07, 0x2E, 0x03, 0x50, 0x0A, 0x08, 0x04, 0x00, 0x03,
    0x3D, 0x04, 0x03, 0x3D, 0x06, 0x0B, 0x46, 0x14, 0x0A, 0x0F, 0xEB, 0x01,
    0x01, 0x61, 0x07, 0x52, 0x07, 0x2E, 0x03, 0x52, 0x0A, 0x08, 0x04, 0x00,
    0x07, 0x3D, 0x04, 0x0A, 0x07, 0x3D, 0x06, 0x12, 0x0B, 0x46, 0x14, 0x0A,
    0x0F, 0x6E, 0x01, 0x01, 0x61, 0x07, 0x46, 0x07, 0x2E, 0x03, 0x46, 0x0A,
    0x0F, 0x3A, 0x01, 0x2F, 0x03, 0x30, 0x03, 0x36, 0x03, 0x03, 0x46, 0x14,
    0x6C, 0x01, 0x01, 0x61, 0x07, 0x52, 0x0A, 0x10, 0x08, 0x03, 0x30, 0x07,
    0x3D, 0x05, 0x05, 0x07, 0x46, 0x14, 0x0B, 0x69, 0x00, 0x07, 0x4D, 0x07,
    0x2E, 0x03, 0x4D, 0x0A, 0x0F, 0x2E, 0x01, 0x2F, 0x04, 0xA1, 0x03, 0x36,
    0x03, 0x69, 0x01, 0x01, 0x61, 0x07, 0x46, 0x0A, 0x10, 0x08, 0x04, 0xA2,
    0x07, 0x3D, 0x05, 0x05, 0x0B, 0x46, 0x13, 0x0A, 0x0F, 0xEA, 0x01, 0x07,
    0x54, 0x07, 0x2E, 0x03, 0x54, 0x0A, 0x09, 0x61, 0x04, 0x00, 0x03, 0x3D,
    0x05, 0x0B, 0x46, 0x0A, 0x00, 0x37, 0x0B, 0x46, 0x13, 0x0A, 0x0F, 0xEA,
    0x01, 0x01, 0x61, 0x07, 0x4D, 0x0A, 0x10, 0x07, 0x2E, 0x01, 0x2F, 0x03,
    0x3D, 0x02, 0x09, 0x61, 0x00, 0x37, 0x07, 0x46, 0x13, 0x0B, 0xCC, 0x01,
    0x07, 0x55, 0x07, 0x2E, 0x03, 0x55, 0x0A, 0x03, 0x3D, 0x04, 0x03, 0x3D,
    0x06, 0x03, 0x46, 0x13, 0xEC, 0x01, 0x01, 0x61, 0x07, 0x54, 0x0A, 0x10,
    0x01, 0x61, 0x07, 0x3D, 0x04, 0x0A, 0x07, 0x3D, 0x06, 0x12, 0x0B, 0x46,
    0x12, 0x0A, 0x0F, 0x69, 0x01, 0x07, 0x4E, 0x07, 0x2E, 0x03, 0x4E, 0x0A,
    0x07, 0x35, 0x01, 0x2F, 0x03, 0x3D, 0x05, 0x03, 0x46, 0x12, 0x69, 0x01,
    0x01, 0x61, 0x07, 0x55, 0x0A, 0x10, 0x01, 0x61, 0x03, 0x3D, 0x04, 0x07,
    0x46, 0x12, 0x0B, 0x6A, 0x01, 0x07, 0x46, 0x07, 0x2E, 0x03, 0x46, 0x0A,
    0x0F, 0x36, 0x01, 0x2F, 0x04, 0xA1, 0x03, 0x36, 0x03, 0x0B, 0x46, 0x12,
    0x0A, 0x0F, 0x6A, 0x01, 0x01, 0x61, 0x07, 0x4E, 0x0A, 0x10, 0x08, 0x04,
    0xA2, 0x07, 0x3D, 0x05, 0x05, 0x0B, 0x46, 0x11, 0x0A, 0x0F, 0xEC, 0x01,
    0x07, 0x4E, 0x07, 0x2E, 0x03, 0x4E, 0x0A, 0x09, 0x61, 0x04, 0x00, 0x03,
    0x3D, 0x05, 0x0B, 0x42, 0x0A, 0x00, 0x47, 0x07, 0x46, 0x11, 0x0B, 0xEC,
    0x01, 0x01, 0x61, 0x07, 0x46, 0x0A, 0x10, 0x08, 0x04, 0x00, 0x03, 0x3D,
    0x02, 0x09, 0x61, 0x00, 0x47, 0x03, 0x46, 0x11, 0xE9, 0x01, 0x07, 0x4E,
    0x07, 0x2E, 0x03, 0x4E, 0x0A, 0x0F, 0x36, 0x01, 0x2F, 0x04, 0x00, 0x03,
    0x3D, 0x04, 0x03, 0x3D, 0x06, 0x0B, 0x46, 0x11, 0x0A, 0x0F, 0xEB, 0x01,
    0x01, 0x61, 0x07, 0x4D, 0x07, 0x2E, 0x03, 0x4D, 0x0A, 0x09, 0x61, 0x04,
    0x00, 0x07, 0x3D, 0x04, 0x0A, 0x07, 0x3D, 0x06, 0x12, 0x0B, 0x46, 0x10,
    0x0A, 0x0F, 0x6E, 0x01, 0x01, 0x61, 0x07, 0x49, 0x07, 0x2E, 0x03, 0x49,
    0x0A, 0x0F, 0x33, 0x01, 0x2F, 0x04, 0xA1, 0x03, 0x3D, 0x05, 0x03, 0x46,
    0x10, 0x6C, 0x01, 0x01, 0x61, 0x07, 0x4E, 0x0A, 0x10, 0x08, 0x04, 0xA2,
    0x03, 0x3D, 0x02, 0x07, 0x46, 0x10, 0x0B, 0x69, 0x00, 0x07, 0x4B, 0x07,
    0x2E, 0x03, 0x4B, 0x0A, 0x08, 0x04, 0x00, 0x03, 0x36, 0x03, 0x69, 0x01,
    0x01, 0x61, 0x07, 0x49, 0x0A, 0x10, 0x09, 0x61, 0x04, 0x00, 0x03, 0x36,
    0x03, 0x0B, 0x46, 0x10, 0x0A, 0x0F, 0xEA, 0x01, 0x07, 0x4D, 0x07, 0x2E,
    0x03, 0x4D, 0x0A, 0x07, 0x33, 0x01, 0x2F, 0x03, 0x3D, 0x05, 0x0B, 0x44,
    0x0A, 0x00, 0x47, 0x0B, 0x46, 0x0F, 0x0A, 0x0F, 0xCA, 0x01, 0x01, 0x61,
    0x07, 0x4B, 0x0A, 0x10, 0x03, 0x36, 0x03, 0x09, 0x61, 0x00, 0x47, 0x07,
    0x46, 0x0F, 0x0B, 0xC9, 0x01, 0x07, 0x50, 0x07, 0x2E, 0x03, 0x50, 0x0A,
    0x03, 0x3D, 0x04, 0x03, 0x3D, 0x06, 0x03, 0x46, 0x0F, 0xEB, 0x01, 0x01,
    0x61, 0x07, 0x52, 0x07, 0x2E, 0x03, 0x52, 0x0A, 0x01, 0x61, 0x07, 0x3D,
    0x04, 0x0A, 0x07, 0x3D, 0x06, 0x12, 0x0B, 0x46, 0x0F, 0x0A, 0x0F, 0x6E,
    0x01, 0x01, 0x61, 0x07, 0x46, 0x07, 0x2E, 0x03, 0x46, 0x0A, 0x07, 0x38,
    0x01, 0x2F, 0x03, 0x3D, 0x05, 0x03, 0x46, 0x0E, 0xEC, 0x01, 0x01, 0x61,
    0x07, 0x52, 0x0A, 0x10, 0x01, 0x61, 0x03, 0x3D, 0x04, 0x03, 0x3D, 0x06,
    0x07, 0x46, 0x0E, 0x0B, 0xE9, 0x01, 0x07, 0x46, 0x07, 0x2E, 0x03, 0x46,
    0x0A, 0x0F, 0x2E, 0x01, 0x2F, 0x04, 0xA1, 0x03, 0x36, 0x03, 0x07, 0x3D,
    0x06, 0x12, 0x0B, 0x46, 0x0E, 0x0A, 0x0F, 0x69, 0x01, 0x01, 0x61, 0x07,
    0x46, 0x0A, 0x10, 0x08, 0x04, 0xA2, 0x07, 0x3D, 0x05, 0x05, 0x0B, 0x46,
    0x0E, 0x0A, 0x0F, 0xEA, 0x01, 0x07, 0x4D, 0x07, 0x2E, 0x03, 0x4D, 0x0A,
    0x09, 0x61, 0x04, 0x00, 0x03, 0x3D, 0x05, 0x0B, 0x46, 0x0A, 0x00, 0x37,
    0x07, 0x46, 0x0D, 0x0B, 0xEA, 0x01, 0x01, 0x61, 0x07, 0x46, 0x0A, 0x10,
    0x08, 0x04, 0x00, 0x03, 0x3D, 0x02, 0x09, 0x61, 0x00, 0x37, 0x03, 0x46,
    0x0D, 0xE9, 0x01, 0x07, 0x50, 0x07, 0x2E, 0x03, 0x50, 0x0A, 0x08, 0x04,
    0x00, 0x03, 0x3D, 0x04, 0x03, 0x3D, 0x06, 0x0B, 0x46, 0x0D, 0x0A, 0x0F,
    0xEB, 0x01, 0x01, 0x61, 0x07, 0x52, 0x07, 0x2E, 0x03, 0x52, 0x0A, 0x08,
    0x04, 0x00, 0x07, 0x3D, 0x04, 0x0A, 0x07, 0x3D, 0x06, 0x12, 0x0B, 0x46,
    0x0D, 0x0A, 0x0F, 0x6E, 0x01, 0x01, 0x61, 0x07, 0x46, 0x07, 0x2E, 0x03,
    0x46, 0x0A, 0x0F, 0x3A, 0x01, 0x2F, 0x03, 0x30, 0x03, 0x36, 0x03, 0x03,
    0x46, 0x0C, 0x6C, 0x01, 0x01, 0x61, 0x07, 0x52, 0x0A, 0x10, 0x08, 0x03,
    0x30, 0x07, 0x3D, 0x05, 0x05, 0x07, 0x46, 0x0C, 0x0B, 0x69, 0x00, 0x07,
    0x4D, 0x07, 0x2E, 0x03, 0x4D, 0x0A, 0x0F, 0x2E, 0x01, 0x2F, 0x04, 0xA1,
    0x03, 0x36, 0x03, 0x69, 0x01, 0x01, 0x61, 0x07, 0x46, 0x0A, 0x10, 0x08,
    0x04, 0xA2, 0x07, 0x3D, 0x05, 0x05, 0x0B, 0x46, 0x0C, 0x0A, 0x0F, 0xEA,
    0x01, 0x07, 0x54, 0x07, 0x2E, 0x03, 0x54, 0x0A, 0x09, 0x61, 0x04, 0x00,
    0x03, 0x3D, 0x05, 0x0B, 0x46, 0x0A, 0x00, 0x37, 0x0B, 0x46, 0x0C, 0x0A,
    0x0F, 0xEA, 0x01, 0x01, 0x61, 0x07, 0x4D, 0x0A, 0x10, 0x07, 0x2E, 0x01,
    0x2F, 0x03, 0x3D, 0x02, 0x09, 0x61, 0x00, 0x37, 0x07, 0x46, 0x0B, 0x0B,
    0xCC, 0x01, 0x07, 0x55, 0x07, 0x2E, 0x03, 0x55, 0x0A, 0x03, 0x3D, 0x04,
    0x03, 0x3D, 0x06, 0x03, 0x46, 0x0B, 0xEC, 0x01, 0x01, 0x61, 0x07, 0x54,
    0x0A, 0x10, 0x01, 0x61, 0x07, 0x3D, 0x04, 0x0A, 0x07, 0x3D, 0x06, 0x12,
    0x0B, 0x46, 0x0B, 0x0A, 0x0F, 0x69, 0x01, 0x07, 0x4E, 0x07, 0x2E, 0x03,
    0x4E, 0x0A, 0x07, 0x35, 0x01, 0x2F, 0x03, 0x3D, 0x05, 0x03, 0x46, 0x09,
    0x69, 0x01, 0x01, 0x61, 0x07, 0x55, 0x0A, 0x10, 0x01, 0x61, 0x03, 0x3D,
    0x04, 0x07, 0x46, 0x09, 0x0B, 0x6A, 0x01, 0x07, 0x46, 0x07, 0x2E, 0x03,
    0x46, 0x0A, 0x0F, 0x36, 0x01, 0x2F, 0x04, 0xA1, 0x03, 0x36, 0x03, 0x0B,
    0x46, 0x09, 0x0A, 0x0F, 0x6A, 0x01, 0x01, 0x61, 0x07, 0x4E, 0x0A, 0x10,
    0x08, 0x04, 0xA2, 0x07, 0x3D, 0x05, 0x05, 0x0B, 0x46, 0x09, 0x0A, 0x0F,
    0xEC, 0x01, 0x07, 0x4E, 0x07, 0x2E, 0x03, 0x4E, 0x0A, 0x09, 0x61, 0x04,
    0x00, 0x03, 0x3D, 0x05, 0x0B, 0x42, 0x0A, 0x00, 0x47, 0x07, 0x46, 0x09,
    0x0B, 0xEC, 0x01, 0x01, 0x61, 0x07, 0x46, 0x0A, 0x10, 0x08, 0x04, 0x00,
    0x03, 0x3D, 0x02, 0x09, 0x61, 0x00, 0x47, 0x03, 0x46, 0x09, 0xE9, 0x01,
    0x07, 0x4E, 0x07, 0x2E, 0x03, 0x4E, 0x0A, 0x0F, 0x36, 0x01, 0x2F, 0x04,
    0x00, 0x03, 0x3D, 0x04, 0x03, 0x3D, 0x06, 0x0B, 0x46, 0x0B, 0x0A, 0x0F,
    0xEB, 0x01, 0x01, 0x61, 0x07, 0x4D, 0x07, 0x2E, 0x03, 0x4D, 0x0A, 0x09,
    0x61, 0x04, 0x00, 0x07, 0x3D, 0x04, 0x0A, 0x07, 0x3D, 0x06, 0x12, 0x0B,
    0x46, 0x0B, 0x0A, 0x0F, 0x6E, 0x01, 0x01, 0x61, 0x07, 0x49, 0x07, 0x2E,
    0x03, 0x49, 0x0A, 0x0F, 0x38, 0x01, 0x2F, 0x03, 0x30, 0x03, 0x3D, 0x05,
    0x03, 0x46, 0x0B, 0x6C, 0x01, 0x01, 0x61, 0x07, 0x4E, 0x0A, 0x10, 0x08,
    0x03, 0x30, 0x03, 0x3D, 0x02, 0x07, 0x46, 0x0B, 0x0B, 0x69, 0x00, 0x07,
    0x4B, 0x07, 0x2E, 0x03, 0x4B, 0x0A, 0x08, 0x04, 0xA1, 0x03, 0x36, 0x03,
    0xE9, 0x01, 0x01, 0x61, 0x07, 0x49, 0x0A, 0x10, 0x09, 0x61, 0x04, 0xA2,
    0x03, 0x36, 0x03, 0x03, 0x3D, 0x06, 0x0B, 0x46, 0x0C, 0x0A, 0x0F, 0xEA,
    0x01, 0x07, 0x4D, 0x07, 0x2E, 0x03, 0x4D, 0x0A, 0x0F, 0x38, 0x01, 0x2F,
    0x04, 0x00, 0x03, 0x3D, 0x05, 0x0B, 0x44, 0x0A, 0x00, 0x47, 0x0B, 0x46,
    0x0C, 0x0A, 0x0F, 0xEA, 0x01, 0x01, 0x61, 0x07, 0x4B, 0x0A, 0x10, 0x08,
    0x04, 0x00, 0x03, 0x36, 0x03, 0x09, 0x61, 0x00, 0x47, 0x07, 0x46, 0x0C,
    0x0B, 0xE9, 0x01, 0x07, 0x50, 0x07, 0x2E, 0x03, 0x50, 0x0A, 0x08, 0x04,
    0x00, 0x03, 0x3D, 0x04, 0x03, 0x3D, 0x06, 0x03, 0x46, 0x0D, 0xEB, 0x01,
    0x01, 0x61, 0x07, 0x52, 0x07, 0x2E, 0x03, 0x52, 0x0A, 0x09, 0x61, 0x04,
    0x00, 0x03, 0x3D, 0x04, 0x07, 0x3D, 0x06, 0x12, 0x0B, 0x46, 0x0D, 0x0A,
    0x0F, 0xEE, 0x01, 0x01, 0x61, 0x07, 0x46, 0x07, 0x2E, 0x03, 0x46, 0x0A,
    0x0F, 0x35, 0x01, 0x2F, 0x03, 0x20, 0x03, 0x3D, 0x05, 0x03, 0x3D, 0x06,
    0x03, 0x46, 0x0D, 0xEC, 0x01, 0x01, 0x61, 0x07, 0x52, 0x0A, 0x10, 0x09,
    0x61, 0x03, 0x20, 0x03, 0x3D, 0x04, 0x07, 0x3D, 0x06, 0x12, 0x07, 0x46,
    0x0D, 0x0B, 0xE9, 0x01, 0x07, 0x46, 0x07, 0x2E, 0x03, 0x46, 0x0A, 0x0F,
    0x2E, 0x01, 0x2F, 0x04, 0xA1, 0x03, 0x36, 0x03, 0x01, 0x61, 0x0B, 0x46,
    0x0E, 0x0A, 0x0F, 0x69, 0x01, 0x01, 0x61, 0x07, 0x46, 0x0A, 0x10, 0x08,
    0x04, 0xA2, 0x07, 0x3D, 0x05, 0x05, 0x0B, 0x46, 0x0E, 0x0A, 0x0F, 0xEA,
    0x01, 0x07, 0x4D, 0x07, 0x2E, 0x03, 0x4D, 0x0A, 0x09, 0x61, 0x04, 0x00,
    0x03, 0x3D, 0x05, 0x0B, 0x46, 0x0A, 0x00, 0x37, 0x07, 0x46, 0x0E, 0x0B,
    0xEA, 0x01, 0x01, 0x61, 0x07, 0x46, 0x0A, 0x10, 0x08, 0x04, 0x00, 0x03,
    0x3D, 0x02, 0x09, 0x61, 0x00, 0x37, 0x03, 0x46, 0x0E, 0xE9, 0x01, 0x07,
    0x50, 0x07, 0x2E, 0x03, 0x50, 0x0A, 0x08, 0x04, 0x00, 0x03, 0x3D, 0x04,
    0x03, 0x3D, 0x06, 0x0B, 0x46, 0x0F, 0x0A, 0x0F, 0xEB, 0x01, 0x01, 0x61,
    0x07, 0x52, 0x07, 0x2E, 0x03, 0x52, 0x0A, 0x08, 0x04, 0x00, 0x07, 0x3D,
    0x04, 0x0A, 0x07, 0x3D, 0x06, 0x12, 0x0B, 0x46, 0x0F, 0x0A, 0x0F, 0x6E,
    0x01, 0x01, 0x61, 0x07, 0x46, 0x07, 0x2E, 0x03, 0x46, 0x0A, 0x0F, 0x3A,
    0x01, 0x2F, 0x03, 0x30, 0x03, 0x36, 0x03, 0x03, 0x46, 0x0F, 0x6C, 0x01,
    0x01, 0x61, 0x07, 0x52, 0x0A, 0x10, 0x08, 0x03, 0x30, 0x07, 0x3D, 0x05,
    0x05, 0x07, 0x46, 0x0F, 0x0B, 0x69, 0x00, 0x07, 0x4D, 0x07, 0x2E, 0x03,
    0x4D, 0x0A, 0x0F, 0x2E, 0x01, 0x2F, 0x04, 0xA1, 0x03, 0x36, 0x03, 0x69,
    0x01, 0x01, 0x61, 0x07, 0x46, 0x0A, 0x10, 0x08, 0x04, 0xA2, 0x07, 0x3D,
    0x05, 0x05, 0x0B, 0x46, 0x0D, 0x0A, 0x0F, 0xEA, 0x01, 0x07, 0x54, 0x07,
    0x2E, 0x03, 0x54, 0x0A, 0x09, 0x61, 0x04, 0x00, 0x03, 0x3D, 0x05, 0x0B,
    0x46, 0x0A, 0x00, 0x37, 0x0B, 0x46, 0x0D, 0x0A, 0x0F, 0xEA, 0x01, 0x01,
    0x61, 0x07, 0x4D, 0x0A, 0x10, 0x07, 0x2E, 0x01, 0x2F, 0x03, 0x3D, 0x02,
    0x09, 0x61, 0x00, 0x37, 0x07, 0x46, 0x0D, 0x0B, 0xCC, 0x01, 0x07, 0x55,
    0x07, 0x2E, 0x03, 0x55, 0x0A, 0x03, 0x3D, 0x04, 0x03, 0x3D, 0x06, 0x03,
    0x46, 0x0D, 0xEC, 0x01, 0x01, 0x61, 0x07, 0x54, 0x0A, 0x10, 0x01, 0x61,
    0x07, 0x3D, 0x04, 0x0A, 0x07, 0x3D, 0x06, 0x12, 0x0B, 0x46, 0x0C, 0x0A,
    0x0F, 0x69, 0x01, 0x07, 0x4E, 0x07, 0x2E, 0x03, 0x4E, 0x0A, 0x07, 0x35,
    0x01, 0x2F, 0x03, 0x3D, 0x05, 0x03, 0x46, 0x0C, 0x69, 0x01, 0x01, 0x61,
    0x07, 0x55, 0x0A, 0x10, 0x01, 0x61, 0x03, 0x3D, 0x04, 0x07, 0x46, 0x0C,
    0x0B, 0x6A, 0x01, 0x07, 0x46, 0x07, 0x2E, 0x03, 0x46, 0x0A, 0x0F, 0x36,
    0x01, 0x2F, 0x04, 0xA1, 0x03, 0x36, 0x03, 0x0B, 0x46, 0x0B, 0x0A, 0x0F,
    0x6A, 0x01, 0x01, 0x61, 0x07, 0x4E, 0x0A, 0x10, 0x08, 0x04, 0xA2, 0x07,
    0x3D, 0x05, 0x05, 0x0B, 0x46, 0x0B, 0x0A, 0x0F, 0xEC, 0x01, 0x07, 0x4E,
    0x07, 0x2E, 0x03, 0x4E, 0x0A, 0x09, 0x61, 0x04, 0x00, 0x03, 0x3D, 0x05,
    0x0B, 0x42, 0x0A, 0x00, 0x47, 0x07, 0x46, 0x0B, 0x0B, 0xEC, 0x01, 0x01,
    0x61, 0x07, 0x46, 0x0A, 0x10, 0x08, 0x04, 0x00, 0x03, 0x3D, 0x02, 0x09,
    0x61, 0x00, 0x47, 0x03, 0x46, 0x09, 0xE9, 0x01, 0x07, 0x4E, 0x07, 0x2E,
    0x03, 0x4E, 0x0A, 0x0F, 0x36, 0x01, 0x2F, 0x04, 0x00, 0x03, 0x3D, 0x04,
    0x03, 0x3D, 0x06, 0x0B, 0x46, 0x09, 0x0A, 0x0F, 0xEB, 0x01, 0x01, 0x61,
    0x07, 0x4D, 0x07, 0x2E, 0x03, 0x4D, 0x0A, 0x09, 0x61, 0x04, 0x00, 0x07,
    0x3D, 0x04, 0x0A, 0x07, 0x3D, 0x06, 0x12, 0x0B, 0x46, 0x09, 0x0A, 0x0F,
    0x6E, 0x01, 0x01, 0x61, 0x07, 0x49, 0x07, 0x2E, 0x03, 0x49, 0x0A, 0x0F,
    0x33, 0x01, 0x2F, 0x04, 0xA1, 0x03, 0x3D, 0x05, 0x03, 0x46, 0x0B, 0x6C,
    0x01, 0x01, 0x61, 0x07, 0x4E, 0x0A, 0x10, 0x08, 0x04, 0xA2, 0x03, 0x3D,
    0x02, 0x07, 0x46, 0x0B, 0x0B, 0x69, 0x00, 0x07, 0x4B, 0x07, 0x2E, 0x03,
    0x4B, 0x0A, 0x08, 0x04, 0x00, 0x03, 0x36, 0x03, 0x69, 0x01, 0x01, 0x61,
    0x07, 0x49, 0x0A, 0x10, 0x09, 0x61, 0x04, 0x00, 0x03, 0x36, 0x03, 0x0B,
    0x46, 0x0B, 0x0A, 0x0F, 0xEA, 0x01, 0x07, 0x4D, 0x07, 0x2E, 0x03, 0x4D,
    0x0A, 0x07, 0x33, 0x01, 0x2F, 0x03, 0x3D, 0x05, 0x0B, 0x44, 0x0A, 0x00,
    0x47, 0x0B, 0x46, 0x0B, 0x0A, 0x0F, 0xCA, 0x01, 0x01, 0x61, 0x07, 0x4B,
    0x0A, 0x10, 0x03, 0x36, 0x03, 0x09, 0x61, 0x00, 0x47, 0x07, 0x46, 0x0C,
    0x0B, 0xC9, 0x01, 0x07, 0x50, 0x07, 0x2E, 0x03, 0x50, 0x0A, 0x03, 0x3D,
    0x04, 0x03, 0x3D, 0x06, 0x03, 0x46, 0x0C, 0xEB, 0x01, 0x01, 0x61, 0x07,
    0x52, 0x07, 0x2E, 0x03, 0x52, 0x0A, 0x01, 0x61, 0x07, 0x3D, 0x04, 0x0A,
    0x07, 0x3D, 0x06, 0x12, 0x0B, 0x46, 0x0C, 0x0A, 0x0F, 0x6E, 0x01, 0x01,
    0x61, 0x07, 0x46, 0x07, 0x2E, 0x03, 0x46, 0x0A, 0x07, 0x38, 0x01, 0x2F,
    0x03, 0x3D, 0x05, 0x03, 0x46, 0x0D, 0xEC, 0x01, 0x01, 0x61, 0x07, 0x52,
    0x0A, 0x10, 0x01, 0x61, 0x03, 0x3D, 0x04, 0x03, 0x3D, 0x06, 0x07, 0x46,
    0x0D, 0x0B, 0xE9, 0x01, 0x07, 0x46, 0x07, 0x2E, 0x03, 0x46, 0x0A, 0x0F,
    0x2E, 0x01, 0x2F, 0x04, 0xA1, 0x03, 0x36, 0x03, 0x07, 0x3D, 0x06, 0x12,
    0x0B, 0x46, 0x0D, 0x0A, 0x0F, 0x69, 0x01, 0x01, 0x61, 0x07, 0x46, 0x0A,
    0x10, 0x08, 0x04, 0xA2, 0x07, 0x3D, 0x05, 0x05, 0x0B, 0x46, 0x0E, 0x0A,
    0x0F, 0xEA, 0x01, 0x07, 0x4D, 0x07, 0x2E, 0x03, 0x4D, 0x0A, 0x09, 0x61,
    0x04, 0x00, 0x03, 0x3D, 0x05, 0x0B, 0x46, 0x0A, 0x00, 0x37, 0x07, 0x46,
    0x0E, 0x0B, 0xEA, 0x01, 0x01, 0x61, 0x07, 0x46, 0x0A, 0x10, 0x08, 0x04,
    0x00, 0x03, 0x3D, 0x02, 0x09, 0x61, 0x00, 0x37, 0x03, 0x46, 0x0E, 0xE9,
    0x01, 0x07, 0x50, 0x07, 0x2E, 0x03, 0x50, 0x0A, 0x08, 0x04, 0x00, 0x03,
    0x3D, 0x04, 0x03, 0x3D, 0x06, 0x0B, 0x46, 0x0F, 0x0A, 0x0F, 0xEB, 0x01,
    0x01, 0x61, 0x07, 0x52, 0x07, 0x2E, 0x03, 0x52, 0x0A, 0x08, 0x04, 0x00,
    0x07, 0x3D, 0x04, 0x0A, 0x07, 0x3D, 0x06, 0x12, 0x0B, 0x46, 0x0F, 0x0A,
    0x0F, 0x6E, 0x01, 0x01, 0x61, 0x07, 0x46, 0x07, 0x2E, 0x03, 0x46, 0x0A,
    0x0F, 0x3A, 0x01, 0x2F, 0x03, 0x30, 0x03, 0x36, 0x03, 0x03, 0x46, 0x10,
    0x6C, 0x01, 0x01, 0x61, 0x07, 0x52, 0x0A, 0x10, 0x08, 0x03, 0x30, 0x07,
    0x3D, 0x05, 0x05, 0x07, 0x46, 0x10, 0x0B, 0x69, 0x00, 0x07, 0x4D, 0x07,
    0x2E, 0x03, 0x4D, 0x0A, 0x0F, 0x2E, 0x01, 0x2F, 0x04, 0xA1, 0x03, 0x36,
    0x03, 0x69, 0x01, 0x01, 0x61, 0x07, 0x46, 0x0A, 0x10, 0x08, 0x04, 0xA2,
    0x07, 0x3D, 0x05, 0x05, 0x0B, 0x46, 0x10, 0x0A, 0x0F, 0xEA, 0x01, 0x07,
    0x54, 0x07, 0x2E, 0x03, 0x54, 0x0A, 0x09, 0x61, 0x04, 0x00, 0x03, 0x3D,
    0x05, 0x0B, 0x46, 0x0A, 0x00, 0x37, 0x0B, 0x46, 0x10, 0x0A, 0x0F, 0xEA,
    0x01, 0x01, 0x61, 0x07, 0x4D, 0x0A, 0x10, 0x07, 0x2E, 0x01, 0x2F, 0x03,
    0x3D, 0x02, 0x09, 0x61, 0x00, 0x37, 0x07, 0x46, 0x11, 0x0B, 0xCC, 0x01,
    0x07, 0x55, 0x07, 0x2E, 0x03, 0x55, 0x0A, 0x03, 0x3D, 0x04, 0x03, 0x3D,
    0x06, 0x03, 0x46, 0x11, 0xEC, 0x01, 0x01, 0x61, 0x07, 0x54, 0x0A, 0x10,
    0x01, 0x61, 0x07, 0x3D, 0x04, 0x0A, 0x07, 0x3D, 0x06, 0x12, 0x0B, 0x46,
    0x11, 0x0A, 0x0F, 0x69, 0x01, 0x07, 0x57, 0x07, 0x2E, 0x03, 0x57, 0x0A,
    0x07, 0x35, 0x01, 0x2F, 0x03, 0x3D, 0x05, 0x03, 0x46, 0x11, 0x69, 0x01,
    0x01, 0x61, 0x07, 0x55, 0x0A, 0x10, 0x01, 0x61, 0x03, 0x3D, 0x04, 0x07,
    0x46, 0x12, 0x0B, 0x6A, 0x01, 0x07, 0x46, 0x07, 0x2E, 0x03, 0x46, 0x0A,
    0x0F, 0x36, 0x01, 0x2F, 0x04, 0xA1, 0x03, 0x36, 0x03, 0x0B, 0x46, 0x12,
    0x0A, 0x0F, 0x6A, 0x01, 0x01, 0x61, 0x07, 0x57, 0x0A, 0x10, 0x08, 0x04,
    0xA2, 0x07, 0x3D, 0x05, 0x05, 0x0B, 0x46, 0x12, 0x0A, 0x0F, 0xFC, 0x01,
    0x07, 0x52, 0x07, 0x2E, 0x03, 0x52, 0x0A, 0x03, 0x3E, 0x04, 0x09, 0x61,
    0x04, 0x00, 0x03, 0x3D, 0x05, 0x0B, 0x42, 0x0A, 0x00, 0x47, 0x07, 0x46,
    0x13, 0x0B, 0xEC, 0x01, 0x01, 0x61, 0x07, 0x46, 0x0A, 0x10, 0x08, 0x04,
    0x00, 0x03, 0x3D, 0x02, 0x09, 0x61, 0x00, 0x47, 0x03, 0x46, 0x13, 0xE9,
    0x01, 0x07, 0x54, 0x07, 0x2E, 0x03, 0x54, 0x0A, 0x0F, 0x36, 0x01, 0x2F,
    0x04, 0x00, 0x03, 0x3D, 0x04, 0x03, 0x3D, 0x06, 0x0B, 0x46, 0x13, 0x0A,
    0x0F, 0xFB, 0x01, 0x01, 0x61, 0x07, 0x4D, 0x07, 0x2E, 0x03, 0x4D, 0x0A,
    0x03, 0x3E, 0x04, 0x09, 0x61, 0x04, 0x00, 0x07, 0x3D, 0x04, 0x0A, 0x07,
    0x3D, 0x06, 0x12, 0x0B, 0x46, 0x14, 0x0A, 0x0F, 0x6E, 0x01, 0x01, 0x61,
    0x07, 0x50, 0x07, 0x2E, 0x03, 0x50, 0x0A, 0x0F, 0x38, 0x01, 0x2F, 0x03,
    0x30, 0x03, 0x3D, 0x05, 0x03, 0x46, 0x14, 0x6C, 0x01, 0x01, 0x61, 0x07,
    0x4D, 0x0A, 0x10, 0x08, 0x03, 0x30, 0x03, 0x3D, 0x02, 0x07, 0x46, 0x14,
    0x0B, 0x79, 0x00, 0x07, 0x4B, 0x07, 0x2E, 0x03, 0x4B, 0x0A, 0x03, 0x3E,
    0x04, 0x08, 0x04, 0xA1, 0x03, 0x36, 0x03, 0xE9, 0x01, 0x01, 0x61, 0x07,
    0x50, 0x0A, 0x10, 0x09, 0x61, 0x04, 0xA2, 0x03, 0x36, 0x03, 0x03, 0x3D,
    0x06, 0x0B, 0x46, 0x16, 0x0A, 0x0F, 0xFA, 0x01, 0x07, 0x4D, 0x07, 0x2E,
    0x03, 0x4D, 0x0A, 0x03, 0x3E, 0x04, 0x0F, 0x38, 0x01, 0x2F, 0x04, 0x00,
    0x03, 0x3D, 0x05, 0x0B, 0x44, 0x0A, 0x00, 0x47, 0x0B, 0x46, 0x16, 0x0A,
    0x0F, 0xFA, 0x01, 0x01, 0x61, 0x07, 0x4B, 0x0A, 0x10, 0x03, 0x3E, 0x04,
    0x08, 0x04, 0x00, 0x03, 0x36, 0x03, 0x09, 0x61, 0x00, 0x47, 0x07, 0x46,
    0x16, 0x0B, 0xE9, 0x01, 0x07, 0x50, 0x07, 0x2E, 0x03, 0x50, 0x0A, 0x08,
    0x04, 0x00, 0x03, 0x3D, 0x04, 0x03, 0x3D, 0x06, 0x03, 0x46, 0x14, 0xFB,
    0x01, 0x01, 0x61, 0x07, 0x54, 0x07, 0x2E, 0x03, 0x54, 0x0A, 0x03, 0x3E,
    0x04, 0x09, 0x61, 0x04, 0x00, 0x03, 0x3D, 0x04, 0x07, 0x3D, 0x06, 0x12,
    0x0B, 0x46, 0x13, 0x0A, 0x0F, 0xFE, 0x01, 0x01, 0x61, 0x07, 0x55, 0x07,
    0x2E, 0x03, 0x55, 0x0A, 0x03, 0x3E, 0x04, 0x0F, 0x35, 0x01, 0x2F, 0x03,
    0x20, 0x03, 0x3D, 0x05, 0x03, 0x3D, 0x06, 0x03, 0x46, 0x13, 0xFC, 0x01,
    0x01, 0x61, 0x07, 0x54, 0x0A, 0x10, 0x03, 0x3E, 0x04, 0x09, 0x61, 0x03,
    0x20, 0x03, 0x3D, 0x04, 0x07, 0x3D, 0x06, 0x12, 0x07, 0x46, 0x13, 0x0B,
};
__code const uint32_t ScoreSize = 30564UL;
