status	grade	xm_bytes	t10p_bytes	firmware_bytes	xm_sha256	t10p_sha256	warnings	source_url	path	error
too-large	approximate	146528	111050	141283	cf36382f080470d5b465509e79017852a7186c432f9e95456eeef0b1a68b6451	92d1f72c0f26a041334db2c687d0247711e1524d9f312452da9d1be09314c606	4 long sample loops become one-shot PCM (loop length > 64); sustain loops are not preserved; 9 non-looped samples become 16 kHz PCM one-shots; 8 PCM instruments are triggered at multiple notes; playback rate is baked from each instrument's most common note	https://ftp.modland.com/pub/modules/Protracker/4-Mat/06-11-90%20crosswind.mod	4-Mat/06-11-90 crosswind.mod	
too-large	approximate	117992	64616	94849	bd812e64ea325f256fd2d1868329ece5d5350bd1807ab2e2e34c07db75e3e476	ee8b6ef75df6955ac994238de2b6c4a58a0452e450f4368adc9d5c8851e0467a	24 vibrato-volume slides keep only the volume slide; 26 note-delay commands trigger at tick zero; 6 long sample loops become one-shot PCM (loop length > 64); sustain loops are not preserved; 25 non-looped samples become 16 kHz PCM one-shots; 20 PCM instruments are triggered at multiple notes; playback rate is baked from each instrument's most common note	https://ftp.modland.com/pub/modules/Protracker/4-Mat/1978.mod	4-Mat/1978.mod	
too-large	approximate	115838	89583	119816	e0b3b0d767b5544d3f6264c7207e7bfa2bc149c18fcf68ca049add9e7341c398	96f908e1eed7243eba2a1328073380da1f26c252ddf3b231ab41a65be4a41162	5 long sample loops become one-shot PCM (loop length > 64); sustain loops are not preserved; 9 non-looped samples become 16 kHz PCM one-shots; 2 short loops become 16-point wavetables and sustain until cut; 12 PCM instruments are triggered at multiple notes; playback rate is baked from each instrument's most common note	https://ftp.modland.com/pub/modules/Protracker/4-Mat/4-mat%27s%20madness.mod	4-Mat/4-mat's madness.mod	
too-large	approximate	88480	48982	79215	b9c92d2367f0c75838a658d936b17f3660eebbe3a6ccfd92165754fc103ecc78	9663302db647280d6162dbec56807b53f520f4a51f7998652a09511b64ba9403	1 Amiga LED filter commands are ignored; 2 set-volume commands above 64 are clamped; 2 long sample loops become one-shot PCM (loop length > 64); sustain loops are not preserved; 9 non-looped samples become 16 kHz PCM one-shots; 10 PCM instruments are triggered at multiple notes; playback rate is baked from each instrument's most common note	https://ftp.modland.com/pub/modules/Protracker/4-Mat/6beat.mod	4-Mat/6beat.mod	
too-large	approximate	203278	106581	136814	abecff05e02af76388b3e708a02b801029a58b6c31ce4e99cd18bfc4bffde3aa	7f594f08d7ef8fba9f2ffcf620ab2807bdecbf9363e6c5a075fa37c170583d60	4 long sample loops become one-shot PCM (loop length > 64); sustain loops are not preserved; 11 non-looped samples become 16 kHz PCM one-shots; 13 PCM instruments are triggered at multiple notes; playback rate is baked from each instrument's most common note	https://ftp.modland.com/pub/modules/Protracker/4-Mat/a%20city%20at%20night.mod	4-Mat/a city at night.mod	
too-large	approximate	290270	185644	215877	c633a39b080d57d3d33899f534cb48ee5d109e6623c6e84e42c8876279936c6b	a19bb852b28d6ea557a781b809bd09db9b24756d2f6e87c69f4faa0f4a1ee6a5	123 vibrato-volume slides keep only the volume slide; 1 sample-offset commands start samples from the beginning; 1 note-delay commands trigger at tick zero; 27 long sample loops become one-shot PCM (loop length > 64); sustain loops are not preserved; 3 non-looped samples become 16 kHz PCM one-shots; 21 PCM instruments are triggered at multiple notes; playback rate is baked from each instrument's most common note	https://ftp.modland.com/pub/modules/Protracker/4-Mat/a%20sixties%20theme.mod	4-Mat/a sixties theme.mod	
fit	approximate	22366	21453	51686	c762dfccbda9aa9b0709e4b717fbba6d669d343a8fa6309add72e694f0566440	14c4e1ed78577e59ddf61fff521699eda05ef4a92dd2e9d663e19d76c799781f	1 long sample loops become one-shot PCM (loop length > 64); sustain loops are not preserved; 5 non-looped samples become 16 kHz PCM one-shots; 8 short loops become 16-point wavetables and sustain until cut; 2 PCM instruments are triggered at multiple notes; playback rate is baked from each instrument's most common note	https://ftp.modland.com/pub/modules/Protracker/4-Mat/a642.mod	4-Mat/a642.mod	
too-large	approximate	205464	140228	170461	44d724aa434df48f309f721d6ef0a52ba28682b281277edbcf06112f65c76282	5954f232e78ad40c7f3e99ebbc9dbc614b57c8ee1f88dd1b84922f9bfacbe6a0	256 vibrato-volume slides keep only the volume slide; 8 long sample loops become one-shot PCM (loop length > 64); sustain loops are not preserved; 21 non-looped samples become 16 kHz PCM one-shots; 19 PCM instruments are triggered at multiple notes; playback rate is baked from each instrument's most common note	https://ftp.modland.com/pub/modules/Protracker/4-Mat/above%20my%20head.mod	4-Mat/above my head.mod	
fit	approximate	46806	32159	62392	d02d8abea8d717cedb265bee5498d7a39c8e10cd91e14a7de38c1f57704d4031	c076a6b424c6a55fb238aae80b776743e348a5818b5e88d85025fc0978163c70	1 long sample loops become one-shot PCM (loop length > 64); sustain loops are not preserved; 5 non-looped samples become 16 kHz PCM one-shots; 2 short loops become 16-point wavetables and sustain until cut; 5 PCM instruments are triggered at multiple notes; playback rate is baked from each instrument's most common note	https://ftp.modland.com/pub/modules/Protracker/4-Mat/ace%20ii.mod	4-Mat/ace ii.mod	
fit	approximate	17518	18459	48692	e696cbc81f133c5df0cd6c52b5ddfaa88be3ed0f080aff0074ba1d33807e8a82	0f12b19bfeded0f5358cedef9eec4324bf99164cc21dd90dc8f8d84d6870cae1	14 vibrato-volume slides keep only the volume slide; 3 long sample loops become one-shot PCM (loop length > 64); sustain loops are not preserved; 3 non-looped samples become 16 kHz PCM one-shots; 9 short loops become 16-point wavetables and sustain until cut; 2 PCM instruments are triggered at multiple notes; playback rate is baked from each instrument's most common note	https://ftp.modland.com/pub/modules/Protracker/4-Mat/actionplatform.mod	4-Mat/actionplatform.mod	
too-large	approximate	121666	88865	119098	7f7568af57e110f97826da47adcfd2fcffd0658f11128ac8f15b24d204dbcf63	945dd013dc94ff99c9fa52aabcd7bf0543c7309e75564d413f009192836f3150	42 vibrato-volume slides keep only the volume slide; 4 long sample loops become one-shot PCM (loop length > 64); sustain loops are not preserved; 3 non-looped samples become 16 kHz PCM one-shots; 7 PCM instruments are triggered at multiple notes; playback rate is baked from each instrument's most common note	https://ftp.modland.com/pub/modules/Protracker/4-Mat/agony-beginning.mod	4-Mat/agony-beginning.mod	
too-large	approximate	164058	92418	122651	e8619a8bce494a3c4c692376da44e21bba3a64649b9711fe0cd9eb3ae27d20c4	b5e1673da552e3e73a59ee1bd9b62f68d81895676aff400488282e43363f7a97	7 long sample loops become one-shot PCM (loop length > 64); sustain loops are not preserved; 2 PCM instruments are triggered at multiple notes; playback rate is baked from each instrument's most common note	https://ftp.modland.com/pub/modules/Protracker/4-Mat/agony-game%20over.mod	4-Mat/agony-game over.mod	
too-large	approximate	48036	38793	69026	631c584fddc873e2c495a7acc0eece5868f948fa00d217b6f7b6264a172b96c2	636c7279526e78b75ebba9bcdd759dd2501d70fb4049e631e0e31614b5bb2aaa	75 vibrato-volume slides keep only the volume slide; 5 long sample loops become one-shot PCM (loop length > 64); sustain loops are not preserved; 4 non-looped samples become 16 kHz PCM one-shots; 7 PCM instruments are triggered at multiple notes; playback rate is baked from each instrument's most common note	https://ftp.modland.com/pub/modules/Protracker/4-Mat/agony-highlands2.mod	4-Mat/agony-highlands2.mod	
fit	approximate	23954	21867	52100	5bd25898a4540878e6525ffb2428953eee98f607b54b33f188d5c1d0e6788fcf	2300eb81585ce5219f7e769a43cd453374552be974d800d58f25e566d97364f2	1 long sample loops become one-shot PCM (loop length > 64); sustain loops are not preserved; 3 non-looped samples become 16 kHz PCM one-shots; 1 PCM instruments are triggered at multiple notes; playback rate is baked from each instrument's most common note	https://ftp.modland.com/pub/modules/Protracker/4-Mat/agony-loading%20highlands.mod	4-Mat/agony-loading highlands.mod	
fit	approximate	55326	33602	63835	779d8508302cade0dee09255103d2c46297f1fae1783233a92bfafaaac35d87b	1f9ed04fa07e88b9ab743a8a8a1b53113ac91208edb19e083d0e3cbd5b874875	32 vibrato-volume slides keep only the volume slide; 1 Amiga LED filter commands are ignored; 5 long sample loops become one-shot PCM (loop length > 64); sustain loops are not preserved; 5 PCM instruments are triggered at multiple notes; playback rate is baked from each instrument's most common note	https://ftp.modland.com/pub/modules/Protracker/4-Mat/agony-marshes.mod	4-Mat/agony-marshes.mod	
fit	approximate	15046	16875	47108	9aa9a7fd84ac12c5cf1c4bf334bc0bd3761cba2385864c94b5b56de854632320	17f21f164b931c5f7eea14483ca1b771a298de9cdcee504a48b6a94f7c5f9ba2	5 vibrato-volume slides keep only the volume slide; 4 long sample loops become one-shot PCM (loop length > 64); sustain loops are not preserved; 12 short loops become 16-point wavetables and sustain until cut; 4 PCM instruments are triggered at multiple notes; playback rate is baked from each instrument's most common note	https://ftp.modland.com/pub/modules/Protracker/4-Mat/amiga%20memories.mod	4-Mat/amiga memories.mod	
fit	approximate	14028	11957	42190	ef55536db3ead9988a02cf6360d3fd73dd2043cd5400ff98f8335a8d2c39a2bb	5af9acaf78ce813d4e4bbeba51a53b8ccbb0931de945cdb62a4fb665d4b99dfe	7 vibrato-volume slides keep only the volume slide; 1 fine portamento commands are discarded; 3 long sample loops become one-shot PCM (loop length > 64); sustain loops are not preserved; 13 short loops become 16-point wavetables and sustain until cut; 2 PCM instruments are triggered at multiple notes; playback rate is baked from each instrument's most common note	https://ftp.modland.com/pub/modules/Protracker/4-Mat/amiga%2799.mod	4-Mat/amiga'99.mod	
fit	approximate	48906	33427	63660	7c464136f57ac18a38664e8a3b040dd596e1d610b63bac15ead842231d758e63	6c8444c950f573c3f28955ad25da24f12b0de77ba02f7e5fe5dbecc4fa9a6ce1	193 vibrato-volume slides keep only the volume slide; 10 long sample loops become one-shot PCM (loop length > 64); sustain loops are not preserved; 3 non-looped samples become 16 kHz PCM one-shots; 7 PCM instruments are triggered at multiple notes; playback rate is baked from each instrument's most common note	https://ftp.modland.com/pub/modules/Protracker/4-Mat/amiga1.mod	4-Mat/amiga1.mod	
fit	approximate	14636	15810	46043	7f9ba58906d4097431fca0c591fc0f13889d3df77540c739d4b72f7dbdb3cfd6	ba1c78aa6874bd8d5af37a322391d3854638ee4b9b26914addf14d1f770e2a41	586 vibrato-volume slides keep only the volume slide; 1 long sample loops become one-shot PCM (loop length > 64); sustain loops are not preserved; 3 non-looped samples become 16 kHz PCM one-shots; 10 short loops become 16-point wavetables and sustain until cut; 1 PCM instruments are triggered at multiple notes; playback rate is baked from each instrument's most common note	https://ftp.modland.com/pub/modules/Protracker/4-Mat/anarchymenu%2001.mod	4-Mat/anarchymenu 01.mod	
fit	approximate	17118	15495	45728	ddaa7983ea5835873b86be3177c42fafca7e035ccac2e03d37020269dc689c90	43588eeb98e61ab28463a4a5f2e910fd5ae45c0060fce3b0f8ba558e0238b4f9	119 vibrato-volume slides keep only the volume slide; 9 long sample loops become one-shot PCM (loop length > 64); sustain loops are not preserved; 3 non-looped samples become 16 kHz PCM one-shots; 6 short loops become 16-point wavetables and sustain until cut; 4 PCM instruments are triggered at multiple notes; playback rate is baked from each instrument's most common note	https://ftp.modland.com/pub/modules/Protracker/4-Mat/anarchymenu%2002.mod	4-Mat/anarchymenu 02.mod	
fit	approximate	15350	12680	42913	34a1d95049bbf6337c48c53955cb80de4142b8a777c9c6c8774f091ca52cf219	54ceadab678dff20743bb3186f899fef7a4c5949f371d635dea1386d3d0b00a9	407 vibrato-volume slides keep only the volume slide; 4 long sample loops become one-shot PCM (loop length > 64); sustain loops are not preserved; 2 non-looped samples become 16 kHz PCM one-shots; 10 short loops become 16-point wavetables and sustain until cut; 2 PCM instruments are triggered at multiple notes; playback rate is baked from each instrument's most common note	https://ftp.modland.com/pub/modules/Protracker/4-Mat/anarchymenu%2004.mod	4-Mat/anarchymenu 04.mod	
fit	approximate	8000	8862	39095	c6b770669f8a5d8f2fb4ecae91f6759de045e6c1f513a8c05849bef8913a0cd0	42715a96eb21d2602b1228c90786944cc6eb18926a89e25980a3ed2a3d540b0b	230 vibrato-volume slides keep only the volume slide; 1 long sample loops become one-shot PCM (loop length > 64); sustain loops are not preserved; 2 non-looped samples become 16 kHz PCM one-shots; 11 short loops become 16-point wavetables and sustain until cut; 1 PCM instruments are triggered at multiple notes; playback rate is baked from each instrument's most common note	https://ftp.modland.com/pub/modules/Protracker/4-Mat/anarchymenu%2006.mod	4-Mat/anarchymenu 06.mod	
fit	approximate	8256	8819	39052	6f30c44d866af22433be7c89d15d4054567c70f6f0354e32fa95165bc83f6af1	e109ec5073df9ca7757a948d946063e1e637ec9838bfa32b1089acb56f05836c	194 vibrato-volume slides keep only the volume slide; 2 long sample loops become one-shot PCM (loop length > 64); sustain loops are not preserved; 2 non-looped samples become 16 kHz PCM one-shots; 7 short loops become 16-point wavetables and sustain until cut; 3 PCM instruments are triggered at multiple notes; playback rate is baked from each instrument's most common note	https://ftp.modland.com/pub/modules/Protracker/4-Mat/anarchymenu%2007.mod	4-Mat/anarchymenu 07.mod	
fit	approximate	5316	6524	36757	e400fe533eea334fd042a114720bee5fbf08153fdd1f86e3eedfc3377b3a7f7b	f3e2a0d3ba75056bcfb3b6e74be40c9821aabcfdaa89fff7b3b4b9a84264facc	62 vibrato-volume slides keep only the volume slide; 7 long sample loops become one-shot PCM (loop length > 64); sustain loops are not preserved; 6 short loops become 16-point wavetables and sustain until cut; 7 PCM instruments are triggered at multiple notes; playback rate is baked from each instrument's most common note	https://ftp.modland.com/pub/modules/Protracker/4-Mat/anarchymenu%2008.mod	4-Mat/anarchymenu 08.mod	
fit	approximate	9082	10311	40544	d9872ebe1058cb9a1a8bbc341b5dbf9de0ab4bed285ca7707121ba75e542f2f2	87582f45488330e6d945f53549b69e56433a340369e4e7c8ffa87428680327b6	266 vibrato-volume slides keep only the volume slide; 9 long sample loops become one-shot PCM (loop length > 64); sustain loops are not preserved; 1 non-looped samples become 16 kHz PCM one-shots; 4 short loops become 16-point wavetables and sustain until cut; 5 PCM instruments are triggered at multiple notes; playback rate is baked from each instrument's most common note	https://ftp.modland.com/pub/modules/Protracker/4-Mat/anarchymenu%2009.mod	4-Mat/anarchymenu 09.mod	
too-large	approximate	402166	229706	259939	d0cca531313c25aa79c58abfe902abd2723a688f86e2f8d49ddd8e9fdf0539e0	2a6aebe1a1d589320b4bfb1a4cb5ff32a482ca60cf323ce6d2b6f7ffbf04b086	65 tone-portamento+volume slides keep only tone portamento; 938 sample-offset commands start samples from the beginning; 2 note-delay commands trigger at tick zero; 1257 fine volume slides are discarded; 8 long sample loops become one-shot PCM (loop length > 64); sustain loops are not preserved; 16 non-looped samples become 16 kHz PCM one-shots; 17 PCM instruments are triggered at multiple notes; playback rate is baked from each instrument's most common note	https://ftp.modland.com/pub/modules/Protracker/Captain/beyond%20music.mod	Captain/beyond music.mod	
too-large	approximate	231610	105184	135417	d52ccaad8b49393cee8db4db7c73f5bbc4f6b986652c85ebab8c55e7f718a17f	3f13217e7b66bedf2d9a705d856c6d9c43c3f792b089c469b365922632f3137c	21 tone-portamento+volume slides keep only tone portamento; 40 fine portamento commands are discarded; 780 fine volume slides are discarded; 3 long sample loops become one-shot PCM (loop length > 64); sustain loops are not preserved; 10 non-looped samples become 16 kHz PCM one-shots; 13 PCM instruments are triggered at multiple notes; playback rate is baked from each instrument's most common note	https://ftp.modland.com/pub/modules/Protracker/Captain/broken%20dreams.mod	Captain/broken dreams.mod	
too-large	approximate	213178	107074	137307	486869e6fc39050823af592b8b5d40de5c34b2ffac0c6abb4e58999dfc461c07	f263eb3315aaf7245acc0f67621df952641bbfa3282c87c0662c59d40a6461b0	9 tone-portamento+volume slides keep only tone portamento; 1 note-delay commands trigger at tick zero; 44 fine portamento commands are discarded; 353 fine volume slides are discarded; 3 long sample loops become one-shot PCM (loop length > 64); sustain loops are not preserved; 10 non-looped samples become 16 kHz PCM one-shots; 11 PCM instruments are triggered at multiple notes; playback rate is baked from each instrument's most common note	https://ftp.modland.com/pub/modules/Protracker/Captain/diskmag%20piece.mod	Captain/diskmag piece.mod	
too-large	approximate	178968	86166	116399	c38c2590691f69c571dd89b5740b38fe6820c7aa804e226dbcf2455a8ffcc2a0	68534b0ae6b50ef817c8c121c5c4c3c40d8763827d6c440fcfa2c7a86898c60d	12 tone-portamento+volume slides keep only tone portamento; 8 vibrato-volume slides keep only the volume slide; 10 sample-offset commands start samples from the beginning; 102 fine volume slides are discarded; 2 long sample loops become one-shot PCM (loop length > 64); sustain loops are not preserved; 4 non-looped samples become 16 kHz PCM one-shots; 4 PCM instruments are triggered at multiple notes; playback rate is baked from each instrument's most common note	https://ftp.modland.com/pub/modules/Protracker/Captain/eye%20of%20the%20tiger.mod	Captain/eye of the tiger.mod	
fit	approximate	42944	25218	55451	e2860984f114d1ac2f83af5afa4fbeecfd6f89a12d1c687d62b296d5177d1ae9	686823ca3ffcb2f38cd99bad2b765f2029a635f6783ee95a4cf2ea80fddfef4a	33 sample-offset commands start samples from the beginning; 9 non-looped samples become 16 kHz PCM one-shots; 8 PCM instruments are triggered at multiple notes; playback rate is baked from each instrument's most common note	https://ftp.modland.com/pub/modules/Protracker/Captain/mega%20kool%20musik.mod	Captain/mega kool musik.mod	
too-large	approximate	55746	37402	67635	b038028123fd1376342e78622551dd48b82ab82da51b92ecf0ff280b4c9eb6c7	a6c1330bf7f81d4676cb5bd9345948c9ec4f07d3b25b696cb2e640f8394083fc	8 non-looped samples become 16 kHz PCM one-shots; 5 PCM instruments are triggered at multiple notes; playback rate is baked from each instrument's most common note	https://ftp.modland.com/pub/modules/Protracker/Captain/mozartpiisi.mod	Captain/mozartpiisi.mod	
too-large	approximate	418842	217224	247457	269ad32883f2b8edcaa7d67672a6ffbbc8d9aeae01d1f9cbee92683f0b80a519	a1e92fcb210f78541e8d071e81b2fac67506a941310b9044501f1e0743acc90a	118 sample-offset commands start samples from the beginning; 12 note-delay commands trigger at tick zero; 107 fine volume slides are discarded; 1 long sample loops become one-shot PCM (loop length > 64); sustain loops are not preserved; 20 non-looped samples become 16 kHz PCM one-shots; 6 PCM instruments are triggered at multiple notes; playback rate is baked from each instrument's most common note	https://ftp.modland.com/pub/modules/Protracker/Captain/pavimix.mod	Captain/pavimix.mod	
too-large	approximate	117602	55962	86195	878aac3bea5463ba26c979acf5f2bdee15e6478a858c6772c85ae4db087f830b	5c6bd2b2811ea5e249296587a5bed2ebaa5b749f2901da2023d47754ebe9cd69	4 long sample loops become one-shot PCM (loop length > 64); sustain loops are not preserved; 5 non-looped samples become 16 kHz PCM one-shots; 8 PCM instruments are triggered at multiple notes; playback rate is baked from each instrument's most common note	https://ftp.modland.com/pub/modules/Protracker/Captain/space%20muzaxx.mod	Captain/space muzaxx.mod	
too-large	approximate	347582	175012	205245	71e1cbdc8d19fef19fdcf68021ca53e7b9e4d0cdd5266abba73dd369d70d911c	25552a6039b7dbb250050091ddd6e213857fc163fe9fe49da29420a2df3f7a48	85 tone-portamento+volume slides keep only tone portamento; 1475 sample-offset commands start samples from the beginning; 202 fine volume slides are discarded; 2 set-volume commands above 64 are clamped; 4 long sample loops become one-shot PCM (loop length > 64); sustain loops are not preserved; 13 non-looped samples become 16 kHz PCM one-shots; 17 PCM instruments are triggered at multiple notes; playback rate is baked from each instrument's most common note	https://ftp.modland.com/pub/modules/Protracker/Captain/space_debris.mod	Captain/space_debris.mod	
too-large	approximate	127328	65360	95593	aaf24201f49424b044bb6f897d857e538d4d9038020acbf04bea4955b745ac00	0c13ffccef94ef1953c57738b96a3c2051c8533fea06c310472d58420e15c163	4 long sample loops become one-shot PCM (loop length > 64); sustain loops are not preserved; 2 non-looped samples become 16 kHz PCM one-shots; 6 PCM instruments are triggered at multiple notes; playback rate is baked from each instrument's most common note	https://ftp.modland.com/pub/modules/Protracker/Captain/starwars.mod	Captain/starwars.mod	
fit	approximate	50062	25390	55623	9ae9a608533ea8cc81111b0f087b62a2f66521793a67435cc8191433dc08f3d9	b6ad3b74f47b25b086aee8d860bf0ac0850b2b06957e14ed5d5b43b988f42c78	32 sample-offset commands start samples from the beginning; 1 Amiga LED filter commands are ignored; 14 non-looped samples become 16 kHz PCM one-shots; 9 PCM instruments are triggered at multiple notes; playback rate is baked from each instrument's most common note	https://ftp.modland.com/pub/modules/Protracker/Dizzy/aaltoluonne.mod	Dizzy/aaltoluonne.mod	
too-large	approximate	171478	104197	134430	4fed97ef7a23a9a0d6a5661c9a7d6aaec422b21c0a1a2ba6764c3ec05898bc77	fc5e53af40f3761101b5c2eff518e4eaead9a6d2a42735158c81900343e6ca63	3 tremolo commands are discarded; 403 sample-offset commands start samples from the beginning; 23 note-delay commands trigger at tick zero; 1 Amiga LED filter commands are ignored; 2 fine portamento commands are discarded; 4 long sample loops become one-shot PCM (loop length > 64); sustain loops are not preserved; 27 non-looped samples become 16 kHz PCM one-shots; 28 PCM instruments are triggered at multiple notes; playback rate is baked from each instrument's most common note	https://ftp.modland.com/pub/modules/Protracker/Dizzy/allnite%20groove.mod	Dizzy/allnite groove.mod	
too-large	approximate	172310	81703	111936	f182cf83c1934888262cca3763bbcb9a2173192d53878d4cca49a4345dbdfd22	2332406710ad80bcf03152bb115bd0507ce668e6898b3979e5907597292b81f0	406 sample-offset commands start samples from the beginning; 2 note-delay commands trigger at tick zero; 1 Amiga LED filter commands are ignored; 1 fine portamento commands are discarded; 9 fine volume slides are discarded; 1 long sample loops become one-shot PCM (loop length > 64); sustain loops are not preserved; 30 non-looped samples become 16 kHz PCM one-shots; 30 PCM instruments are triggered at multiple notes; playback rate is baked from each instrument's most common note	https://ftp.modland.com/pub/modules/Protracker/Dizzy/alternative%20samba.mod	Dizzy/alternative samba.mod	
too-large	approximate	104352	74096	104329	3863c5b2473c586e29081f64cf72392d9d62affb3c4d4682ec7bac1c7553a5aa	3bf5ab23bacff2d6ef3c0ddde278c337e57b275edd74fa4ba8f35daf5bd28637	1 Amiga LED filter commands are ignored; 2 long sample loops become one-shot PCM (loop length > 64); sustain loops are not preserved; 10 non-looped samples become 16 kHz PCM one-shots; 10 PCM instruments are triggered at multiple notes; playback rate is baked from each instrument's most common note	https://ftp.modland.com/pub/modules/Protracker/Dizzy/another3.loop.mod	Dizzy/another3.loop.mod	
too-large	approximate	304552	136764	166997	5ac5da549c0c2e613c3a6becd9b195d7ad0bd8bad8e32e7ac5c03c61bac63828	3578b018fd9073cbec1a7a4bc4034157ca7f28de4cdaa18a4e710ed5757f79f9	3 tone-portamento+volume slides keep only tone portamento; 238 sample-offset commands start samples from the beginning; 2 note-delay commands trigger at tick zero; 2 Amiga LED filter commands are ignored; 1 fine portamento commands are discarded; 6 long sample loops become one-shot PCM (loop length > 64); sustain loops are not preserved; 25 non-looped samples become 16 kHz PCM one-shots; 31 PCM instruments are triggered at multiple notes; playback rate is baked from each instrument's most common note	https://ftp.modland.com/pub/modules/Protracker/Dizzy/banana%20split.mod	Dizzy/banana split.mod	
too-large	approximate	132910	64052	94285	22650515d273b9fe2ccf316f906aceb15154aef3b2b397bf76d188d65b84dbdf	146980c30a8f995d9bf42a4538db58052282371a1463f638ca7086812a8999a6	251 sample-offset commands start samples from the beginning; 53 note-delay commands trigger at tick zero; 1 Amiga LED filter commands are ignored; 5 long sample loops become one-shot PCM (loop length > 64); sustain loops are not preserved; 16 non-looped samples become 16 kHz PCM one-shots; 12 PCM instruments are triggered at multiple notes; playback rate is baked from each instrument's most common note	https://ftp.modland.com/pub/modules/Protracker/Dizzy/belewian.mod	Dizzy/belewian.mod	
too-large	approximate	108656	60338	90571	4ab56cc24c6e9fa8f88e48ae4a92e7b7e877988603a3a4db933133e253f01c36	d6f4038682dc853c2424eb9d177ec131117cf9b3a9d9a8ff6225f0de5a8a8e51	177 sample-offset commands start samples from the beginning; 4 note-delay commands trigger at tick zero; 2 Amiga LED filter commands are ignored; 21 fine volume slides are discarded; 3 long sample loops become one-shot PCM (loop length > 64); sustain loops are not preserved; 15 non-looped samples become 16 kHz PCM one-shots; 1 short loops become 16-point wavetables and sustain until cut; 18 PCM instruments are triggered at multiple notes; playback rate is baked from each instrument's most common note	https://ftp.modland.com/pub/modules/Protracker/Dizzy/camomile.mod	Dizzy/camomile.mod	
fit	approximate	27708	23352	53585	1c05c865847a80b1bce88d4611e3fb48ea741107c012df3e558e0b7b24918a0f	917d8fef67a05a35e61b4aff23935b47e9d601d43f264543696a9d213e7fc8af	3 note-delay commands trigger at tick zero; 1 Amiga LED filter commands are ignored; 36 fine volume slides are discarded; 1 non-looped samples become 16 kHz PCM one-shots; 1 PCM instruments are triggered at multiple notes; playback rate is baked from each instrument's most common note	https://ftp.modland.com/pub/modules/Protracker/Dizzy/carillon.mod	Dizzy/carillon.mod	
too-large	approximate	106584	52189	82422	11f932d531896f7a46453b88b75d5f2b1dffdc048927757658acf38bd0dfdcbd	4eaf0034d6d60e8dbe8b89645ca21841d5cc2fb4c2856c05def96795c62c3b17	84 sample-offset commands start samples from the beginning; 1 note-delay commands trigger at tick zero; 7 Amiga LED filter commands are ignored; 1 long sample loops become one-shot PCM (loop length > 64); sustain loops are not preserved; 26 non-looped samples become 16 kHz PCM one-shots; 26 PCM instruments are triggered at multiple notes; playback rate is baked from each instrument's most common note	https://ftp.modland.com/pub/modules/Protracker/Dizzy/chzardomene.mod	Dizzy/chzardomene.mod	
too-large	approximate	301146	147576	177809	48d13ec73bbd9649da001fcf065bb9cd1d083a300f7c8b98b44358c61e860430	ad71799990de91fda0b9480472a8ae649eaa205217686734ef6145c5c7c4d8d9	388 sample-offset commands start samples from the beginning; 1 note-delay commands trigger at tick zero; 1 Amiga LED filter commands are ignored; 55 fine volume slides are discarded; 1 long sample loops become one-shot PCM (loop length > 64); sustain loops are not preserved; 29 non-looped samples become 16 kHz PCM one-shots; 25 PCM instruments are triggered at multiple notes; playback rate is baked from each instrument's most common note	https://ftp.modland.com/pub/modules/Protracker/Dizzy/citronative.mod	Dizzy/citronative.mod	
too-large	approximate	164202	85432	115665	cdf54a7d325dc0ae23eadbc4b4106c862452a92fc34178640f7c333f3c33868b	b95514534854c79e8c67102572ea03d8009669007895c498eb7def9f6753e608	581 sample-offset commands start samples from the beginning; 59 note-delay commands trigger at tick zero; 1 Amiga LED filter commands are ignored; 1 long sample loops become one-shot PCM (loop length > 64); sustain loops are not preserved; 30 non-looped samples become 16 kHz PCM one-shots; 28 PCM instruments are triggered at multiple notes; playback rate is baked from each instrument's most common note	https://ftp.modland.com/pub/modules/Protracker/Dizzy/coltris.mod	Dizzy/coltris.mod	
too-large	approximate	182680	73817	104050	5348642dcfe989fe3380ab579d531386fede833d4852b21ee52684a89a5a200e	89743fcd85d37903ae1de5c9536811bf1938d0cb102e7038e63b5e0d40d7e4e1	60 sample-offset commands start samples from the beginning; 4 Amiga LED filter commands are ignored; 2 long sample loops become one-shot PCM (loop length > 64); sustain loops are not preserved; 15 non-looped samples become 16 kHz PCM one-shots; 5 PCM instruments are triggered at multiple notes; playback rate is baked from each instrument's most common note	https://ftp.modland.com/pub/modules/Protracker/Dizzy/earthglimmer.mod	Dizzy/earthglimmer.mod	
too-large	approximate	144176	63640	93873	3658e6863aef33193288ae4af2c6a7abda418d35e06a25494e7d80561571b762	f4336d88a174922b02e18c2c67b1dc993b64bd0754fbbfbace41472ef1015b78	31 sample-offset commands start samples from the beginning; 36 note-delay commands trigger at tick zero; 1 Amiga LED filter commands are ignored; 1 fine volume slides are discarded; 5 long sample loops become one-shot PCM (loop length > 64); sustain loops are not preserved; 15 non-looped samples become 16 kHz PCM one-shots; 18 PCM instruments are triggered at multiple notes; playback rate is baked from each instrument's most common note	https://ftp.modland.com/pub/modules/Protracker/Dizzy/ezoqe.mod	Dizzy/ezoqe.mod	
fit	approximate	14974	9122	39355	09fa347cd5a86a90ea13329d9997dae315508fc63d38fa5214ff8eef6bb0911c	982ab513be1802e6eae0b2860ba3fadfa40df79465f215a808ee47651390357b	4 non-looped samples become 16 kHz PCM one-shots; 4 PCM instruments are triggered at multiple notes; playback rate is baked from each instrument's most common note	https://ftp.modland.com/pub/modules/Protracker/Dizzy/fanaatti.mod	Dizzy/fanaatti.mod	
fit	approximate	18500	6587	36820	24b80a6e2f436f3053ca8baa02267c849a701e51a0566470345e1a7a51265c19	49fe3ffe3d77afdda2d208dbb1fd3e132cfd0e9a3d2905eb12f8a73df0e09483	20 tone-portamento+volume slides keep only tone portamento; 41 note-delay commands trigger at tick zero; 2 Amiga LED filter commands are ignored; 1 short loops become 16-point wavetables and sustain until cut	https://ftp.modland.com/pub/modules/Protracker/Dizzy/fanaattinen%20tyhjyys.mod	Dizzy/fanaattinen tyhjyys.mod	
too-large	approximate	93702	46112	76345	c0be10ad3678b15f2e33622908e72c023fa3b1f03b8724493e34b1a67acf1d4d	8f00b72d44461aeadc174073bb7a774d4abc1f95ebd1b37c1c7d99203b922d26	142 sample-offset commands start samples from the beginning; 2 Amiga LED filter commands are ignored; 3 long sample loops become one-shot PCM (loop length > 64); sustain loops are not preserved; 10 non-looped samples become 16 kHz PCM one-shots; 8 PCM instruments are triggered at multiple notes; playback rate is baked from each instrument's most common note	https://ftp.modland.com/pub/modules/Protracker/Dizzy/fanatic%20waltz.mod	Dizzy/fanatic waltz.mod	
too-large	approximate	233196	284416	314649	a108d2c3bae2f967fc475ca7e05f37a6fd372ba2536bcdfb4dfb8456408fe1ca	36837bf33ab110f9b84c0b7eaffa9bc178dd97b96daf7a9e9d98b75b9fca7867	24 sample-offset commands start samples from the beginning; 8 note-delay commands trigger at tick zero; 2 Amiga LED filter commands are ignored; 10 non-looped samples become 16 kHz PCM one-shots	https://ftp.modland.com/pub/modules/Protracker/Dizzy/fool%20on%20a%20hill.mod	Dizzy/fool on a hill.mod	
too-large	approximate	147272	74576	104809	f73b19016ee97ea0eddfab8eb02a257b91f436dffafaf39779217a0e1c462c80	b6677e794324201252f30aa48fa763e385e1312c974d4c2a28153355bf22e38a	15 sample-offset commands start samples from the beginning; 69 note-delay commands trigger at tick zero; 4 Amiga LED filter commands are ignored; 26 fine volume slides are discarded; 11 long sample loops become one-shot PCM (loop length > 64); sustain loops are not preserved; 4 non-looped samples become 16 kHz PCM one-shots; 12 PCM instruments are triggered at multiple notes; playback rate is baked from each instrument's most common note	https://ftp.modland.com/pub/modules/Protracker/Dizzy/girl%20from%20ipanema.mod	Dizzy/girl from ipanema.mod	
too-large	approximate	160036	90435	120668	1e3942bfdebf923d6ea040b9acd30161f9f81c82f3269dce7c55a90feeee1cdf	701bfebb88e3ef0c9ebb328085610ac00a16e792469c8b8f7e6714017436c505	101 sample-offset commands start samples from the beginning; 1 Amiga LED filter commands are ignored; 5 long sample loops become one-shot PCM (loop length > 64); sustain loops are not preserved; 24 non-looped samples become 16 kHz PCM one-shots; 26 PCM instruments are triggered at multiple notes; playback rate is baked from each instrument's most common note	https://ftp.modland.com/pub/modules/Protracker/Dizzy/gramarye.mod	Dizzy/gramarye.mod	
too-large	approximate	158188	86255	116488	223ded0d4f853b940f65a9ff54d0d893ce17f5b0acaf1b941229b84d5d056577	23ffb1e8e0fc9cbb0df783fa1819047a551cb5ae41e3965bdfb8b6712588aa9b	3 tone-portamento+volume slides keep only tone portamento; 166 sample-offset commands start samples from the beginning; 8 note-delay commands trigger at tick zero; 1 Amiga LED filter commands are ignored; 2 long sample loops become one-shot PCM (loop length > 64); sustain loops are not preserved; 17 non-looped samples become 16 kHz PCM one-shots; 17 PCM instruments are triggered at multiple notes; playback rate is baked from each instrument's most common note	https://ftp.modland.com/pub/modules/Protracker/Dizzy/happen-o-lowize.mod	Dizzy/happen-o-lowize.mod	
too-large	approximate	277426	121425	151658	44414e796f2d4c475c31651d0f47ac85ffcd596a46dbc0e4ab126bc55e2ff310	3cb126c4be4803737a379bf145485f08f86727c54799d7d9e47a5d6683c33f74	21 sample-offset commands start samples from the beginning; 1 Amiga LED filter commands are ignored; 14 fine volume slides are discarded; 9 long sample loops become one-shot PCM (loop length > 64); sustain loops are not preserved; 17 non-looped samples become 16 kHz PCM one-shots; 20 PCM instruments are triggered at multiple notes; playback rate is baked from each instrument's most common note	https://ftp.modland.com/pub/modules/Protracker/Dizzy/honourable%20company.mod	Dizzy/honourable company.mod	
fit	approximate	28188	17866	48099	9a7fbaa2a48ca61b84ff757bf990547fd5736d7a48524794e8002b2100c1ceee	04872001f745819f9d8d8b9060a64d3ff1fdc09cc7e6e2d3a7829c667f7dfbab	5 Amiga LED filter commands are ignored; 4 long sample loops become one-shot PCM (loop length > 64); sustain loops are not preserved; 5 non-looped samples become 16 kHz PCM one-shots; 7 PCM instruments are triggered at multiple notes; playback rate is baked from each instrument's most common note	https://ftp.modland.com/pub/modules/Protracker/Dizzy/iconvex.mod	Dizzy/iconvex.mod	
fit	approximate	48460	18084	48317	be82356950142103be40bd910c8084be8f341d75159b5c43377a29ef8e893d66	e3d87bae10acdd502840f8b6310732489611fa05568a6ade0978216d5bba84e9	60 sample-offset commands start samples from the beginning; 2 Amiga LED filter commands are ignored; 1 long sample loops become one-shot PCM (loop length > 64); sustain loops are not preserved; 5 non-looped samples become 16 kHz PCM one-shots; 5 PCM instruments are triggered at multiple notes; playback rate is baked from each instrument's most common note	https://ftp.modland.com/pub/modules/Protracker/Dizzy/ihmeellinen%20luonto.mod	Dizzy/ihmeellinen luonto.mod	
too-large	approximate	122412	73647	103880	ae126760fd9ae7bfa727f7982efb910e6ba5100dfed63b0ac486f5be4e0d1302	4b8d8c055cdea872e1f22ef0db95fed99a6f96a586a8688751c2fc2da38bafb8	265 sample-offset commands start samples from the beginning; 2 Amiga LED filter commands are ignored; 3 fine portamento commands are discarded; 1 long sample loops become one-shot PCM (loop length > 64); sustain loops are not preserved; 16 non-looped samples become 16 kHz PCM one-shots; 16 PCM instruments are triggered at multiple notes; playback rate is baked from each instrument's most common note	https://ftp.modland.com/pub/modules/Protracker/Dizzy/johdattelupolska.mod	Dizzy/johdattelupolska.mod	
too-large	approximate	205182	103972	134205	4dcaa16b3a0ae3a5971f482be4a0b6a2066393c774b755a765a37c4e1caf46c4	c00d66440f67322e6f7e327bfb1d9a2a594c6b2b9499fa2d2836f526b9fa2c45	181 sample-offset commands start samples from the beginning; 49 note-delay commands trigger at tick zero; 1 Amiga LED filter commands are ignored; 10 fine volume slides are discarded; 1 long sample loops become one-shot PCM (loop length > 64); sustain loops are not preserved; 30 non-looped samples become 16 kHz PCM one-shots; 30 PCM instruments are triggered at multiple notes; playback rate is baked from each instrument's most common note	https://ftp.modland.com/pub/modules/Protracker/Dizzy/just%20for%20blues.mod	Dizzy/just for blues.mod	
fit	approximate	44128	25824	56057	836b4d6585307e3afef1c5e0ffe2f5bef1859746586f1d7c9f61e6eb9c195d02	6b6d9adf50221abcc38bc1779f9956c092898c4e8fdfb0282deb0393c6a55aef	1 Amiga LED filter commands are ignored; 1 long sample loops become one-shot PCM (loop length > 64); sustain loops are not preserved; 7 non-looped samples become 16 kHz PCM one-shots; 5 PCM instruments are triggered at multiple notes; playback rate is baked from each instrument's most common note	https://ftp.modland.com/pub/modules/Protracker/Dr.%20Awesome/10%20feet%20away.mod	Dr. Awesome/10 feet away.mod	
too-large	approximate	104666	63055	93288	fb7dfb905852e941769e51ac667e573c47c369228bb2ec81a1d9f4f6764ee955	68ccb0f67f9a7a3db485fd1838b81e5aa544a87c0ef6f079b9a59ee968ba4218	4 long sample loops become one-shot PCM (loop length > 64); sustain loops are not preserved; 8 non-looped samples become 16 kHz PCM one-shots; 12 PCM instruments are triggered at multiple notes; playback rate is baked from each instrument's most common note	https://ftp.modland.com/pub/modules/Protracker/Dr.%20Awesome/100yarddash.mod	Dr. Awesome/100yarddash.mod	
too-large	approximate	143030	105295	135528	51cfd4901e9f92deca4b5caaa6cc87d88928ed35d253ecb70e8dbc0fe50a9400	fe6a59e024912b00dc7b29ffd9dfb0763651446c0c2b9a1ef14a517f1f9b433c	4 long sample loops become one-shot PCM (loop length > 64); sustain loops are not preserved; 8 non-looped samples become 16 kHz PCM one-shots; 11 PCM instruments are triggered at multiple notes; playback rate is baked from each instrument's most common note	https://ftp.modland.com/pub/modules/Protracker/Dr.%20Awesome/12th%20warrior.mod	Dr. Awesome/12th warrior.mod	
too-large	approximate	150502	59791	90024	b9faf2ef06b4b9ddc0da2067654b728b99f10a1bc01718a7e89a4519123340b6	abf361412cc50f46b42f5bd54d633bd695e5ba0ba5d844559fc041598e25202c	12 vibrato-volume slides keep only the volume slide; 19 note-delay commands trigger at tick zero; 28 fine portamento commands are discarded; 4 long sample loops become one-shot PCM (loop length > 64); sustain loops are not preserved; 4 non-looped samples become 16 kHz PCM one-shots; 3 PCM instruments are triggered at multiple notes; playback rate is baked from each instrument's most common note	https://ftp.modland.com/pub/modules/Protracker/Dr.%20Awesome/2-channels.mod	Dr. Awesome/2-channels.mod	
too-large	approximate	78934	42990	73223	390beb37629c84ffbb664fbe1287eb344b65c868a2022242b33e894349073c6c	049badcd0f6456dfe22308d0cc1c97a37678bb92bf34a1bf90e3aa5a1ddcd19b	39 fine volume slides are discarded; 3 long sample loops become one-shot PCM (loop length > 64); sustain loops are not preserved; 3 PCM instruments are triggered at multiple notes; playback rate is baked from each instrument's most common note	https://ftp.modland.com/pub/modules/Protracker/Dr.%20Awesome/3-cnl.background.1.mod	Dr. Awesome/3-cnl.background.1.mod	
too-large	approximate	110588	76801	107034	47cdd3ad27aa5f5a305bb24dfd46c31dd918e130d13cf8ee661913f21c50597a	732a97cd515b37f0d8cf753705686cf35fcc9a97d2a05ba0c30ed695e01fb5e2	8 Amiga LED filter commands are ignored; 3 long sample loops become one-shot PCM (loop length > 64); sustain loops are not preserved; 8 non-looped samples become 16 kHz PCM one-shots; 8 PCM instruments are triggered at multiple notes; playback rate is baked from each instrument's most common note	https://ftp.modland.com/pub/modules/Protracker/Dr.%20Awesome/a%20place%20i%20know.mod	Dr. Awesome/a place i know.mod	
too-large	approximate	182594	127009	157242	b11279dc07426a5ef482e5d3961725845b79325ce6074a7c0aab74d8d1b14da9	917b8bcac72305ce88534efdad3a940825c853a20798571cf4bdf2dc3d281b12	9 long sample loops become one-shot PCM (loop length > 64); sustain loops are not preserved; 12 non-looped samples become 16 kHz PCM one-shots; 17 PCM instruments are triggered at multiple notes; playback rate is baked from each instrument's most common note	https://ftp.modland.com/pub/modules/Protracker/Dr.%20Awesome/abacab.mod	Dr. Awesome/abacab.mod	
too-large	approximate	215112	164556	194789	67772833b1ed98155d41846a056e017fde0063d38ed36e44e65becd9601056a3	1f0fc437422855cb3735a3359c74ae543c56d253e8e3c34827a3e82155f3372d	15 non-looped samples become 16 kHz PCM one-shots; 8 PCM instruments are triggered at multiple notes; playback rate is baked from each instrument's most common note	https://ftp.modland.com/pub/modules/Protracker/Dr.%20Awesome/aciid%20studio%20mix.mod	Dr. Awesome/aciid studio mix.mod	
too-large	approximate	199818	151960	182193	8eab1f8864473d25f3c69d1ffcdef815b2dd4632f70fbc0648bd47bb34711079	f3a0a507fbfa61cc4f14d95d519fad57b747eec1f96aa3166347b22dcf38bec4	1 Amiga LED filter commands are ignored; 15 non-looped samples become 16 kHz PCM one-shots; 7 PCM instruments are triggered at multiple notes; playback rate is baked from each instrument's most common note	https://ftp.modland.com/pub/modules/Protracker/Dr.%20Awesome/aciiiiid.mod	Dr. Awesome/aciiiiid.mod	
too-large	approximate	152416	90596	120829	41823bac4c910d21e2a8ca569d5fb21850049150feabf2494b1febb4ec9a5a81	2a0a99ba379cff9248171a2b96c451c756782060050c24200a688781bf6ed411	7 long sample loops become one-shot PCM (loop length > 64); sustain loops are not preserved; 5 non-looped samples become 16 kHz PCM one-shots; 8 PCM instruments are triggered at multiple notes; playback rate is baked from each instrument's most common note	https://ftp.modland.com/pub/modules/Protracker/Dr.%20Awesome/afterglow.mod	Dr. Awesome/afterglow.mod	
fit	approximate	50974	30494	60727	2d69bbfb953675f8cd706c900e41ba98c7a44b422fe3bfb12ad20faeb25ed4f5	f130bbc15b4148c7613c14681fb90afd47ada3a945aff291fa0416da426223e7	26 sample-offset commands start samples from the beginning; 4 long sample loops become one-shot PCM (loop length > 64); sustain loops are not preserved; 5 non-looped samples become 16 kHz PCM one-shots; 6 PCM instruments are triggered at multiple notes; playback rate is baked from each instrument's most common note	https://ftp.modland.com/pub/modules/Protracker/Dr.%20Awesome/airline.1.mod	Dr. Awesome/airline.1.mod	
fit	approximate	50702	28997	59230	8573a31afb82cbda3fa952613e3ac651a2bbc6aed091e056aa778ab96f1ce017	7175d09cc4a9b8f23466e458727b95c0cde25c60ec4ba8aac2ae5f3761bef50e	1 sample-offset commands start samples from the beginning; 2 long sample loops become one-shot PCM (loop length > 64); sustain loops are not preserved; 9 non-looped samples become 16 kHz PCM one-shots; 9 PCM instruments are triggered at multiple notes; playback rate is baked from each instrument's most common note	https://ftp.modland.com/pub/modules/Protracker/Dr.%20Awesome/airline.2.mod	Dr. Awesome/airline.2.mod	
fit	approximate	51656	29628	59861	1eabe5cb262c5e33320acd34b1f4071d73b5264efff3408d1fa547205f608638	c1f7082ebc407999a2b05588f214f9cb71464dbbb2462a7060997f0353cec47b	22 tone-portamento+volume slides keep only tone portamento; 10 vibrato-volume slides keep only the volume slide; 6 note-delay commands trigger at tick zero; 31 fine volume slides are discarded; 3 long sample loops become one-shot PCM (loop length > 64); sustain loops are not preserved; 8 non-looped samples become 16 kHz PCM one-shots; 10 PCM instruments are triggered at multiple notes; playback rate is baked from each instrument's most common note	https://ftp.modland.com/pub/modules/Protracker/Dr.%20Awesome/airline.3.mod	Dr. Awesome/airline.3.mod	
too-large	approximate	150858	108461	138694	457ff3b39f98e1faa07fed6da9d73b2aad3eff31bbb0a12655aa7e6b96a8888a	31e9f98c936563c62df6522bdd5ec60faddfde2de0806e36107dd86f8fd373c1	105 tone-portamento+volume slides keep only tone portamento; 16 vibrato-volume slides keep only the volume slide; 12 sample-offset commands start samples from the beginning; 14 note-delay commands trigger at tick zero; 2 fine portamento commands are discarded; 227 fine volume slides are discarded; 3 long sample loops become one-shot PCM (loop length > 64); sustain loops are not preserved; 9 non-looped samples become 16 kHz PCM one-shots; 9 PCM instruments are triggered at multiple notes; playback rate is baked from each instrument's most common note	https://ftp.modland.com/pub/modules/Protracker/Dr.%20Awesome/airline.memcut.mod	Dr. Awesome/airline.memcut.mod	
too-large	approximate	156356	112523	142756	9862408b8542d614698d1e7e01f0ff9df3d742e0971c9addc3aae1da9d2e1aa2	5a395e66ee0be2bed377b5d7732984d8e7c588741e90e476aff063c97e6f0009	211 fine volume slides are discarded; 5 long sample loops become one-shot PCM (loop length > 64); sustain loops are not preserved; 11 non-looped samples become 16 kHz PCM one-shots; 13 PCM instruments are triggered at multiple notes; playback rate is baked from each instrument's most common note	https://ftp.modland.com/pub/modules/Protracker/Dr.%20Awesome/alien%20atmosphere.mod	Dr. Awesome/alien atmosphere.mod	
too-large	approximate	30282	46566	76799	8b87b9e2bdbb4cfcf9c3b1120ae45c1b4d1a4604622ba4ae99096c17b7f648f6	30503e9d7ba7174a8a49787d7f864021cc211ee5ec020cb0a67fb545963d5477	16 set-volume commands above 64 are clamped; 2 long sample loops become one-shot PCM (loop length > 64); sustain loops are not preserved; 2 non-looped samples become 16 kHz PCM one-shots; 2 PCM instruments are triggered at multiple notes; playback rate is baked from each instrument's most common note	https://ftp.modland.com/pub/modules/Protracker/Dr.%20Awesome/alien%20breed%203d%20-%20gameover.mod	Dr. Awesome/alien breed 3d - gameover.mod	
fit	approximate	34756	30749	60982	9c446f46445a21410f473db87bda5982d7e43363cb59df9f5c4611a024029ee8	f9f7d12baf57562967e06e792f7ee652cb8a5edf2a7fcac15b8be25148256698	520 set-volume commands above 64 are clamped; 1 long sample loops become one-shot PCM (loop length > 64); sustain loops are not preserved; 4 non-looped samples become 16 kHz PCM one-shots; 2 PCM instruments are triggered at multiple notes; playback rate is baked from each instrument's most common note	https://ftp.modland.com/pub/modules/Protracker/Dr.%20Awesome/alien%20breed%203d%20-%20ingame.mod	Dr. Awesome/alien breed 3d - ingame.mod	
too-large	approximate	33028	50142	80375	866ecb5f552a6aadaa3b9e8816b2dc4efc76e21be6d68f324beb9ae17c374e48	675850a64713e354cce0b9997369ed82cc996a9e8d2ff8a889486b3e26eb581d	3 set-volume commands above 64 are clamped; 1 long sample loops become one-shot PCM (loop length > 64); sustain loops are not preserved; 2 non-looped samples become 16 kHz PCM one-shots; 3 PCM instruments are triggered at multiple notes; playback rate is baked from each instrument's most common note	https://ftp.modland.com/pub/modules/Protracker/Dr.%20Awesome/alien%20breed%203d%20-%20welldone.mod	Dr. Awesome/alien breed 3d - welldone.mod	
too-large	approximate	147586	63951	94184	7ab6742c1fedd53087b73c3467d60f7e048f811148f4a4979a3fbd5b5804a292	1e325d81aa2fba7758cf3fa866a35237b4c5844e5bdf092d8bf3f19bad0f7e76	10 sample-offset commands start samples from the beginning; 26 note-delay commands trigger at tick zero; 1 long sample loops become one-shot PCM (loop length > 64); sustain loops are not preserved; 12 non-looped samples become 16 kHz PCM one-shots; 12 PCM instruments are triggered at multiple notes; playback rate is baked from each instrument's most common note	https://ftp.modland.com/pub/modules/Protracker/Dr.%20Awesome/amfm-rave.mod	Dr. Awesome/amfm-rave.mod	
too-large	approximate	123264	97926	128159	855fb707710de0ea7b89361fbe4651652b413f5da402a0df802b22504c11dd9e	c74dad00a8b2447a66001261121e0525b0d02aaf28e1e6ea486c5d20c59613b6	6 long sample loops become one-shot PCM (loop length > 64); sustain loops are not preserved; 5 non-looped samples become 16 kHz PCM one-shots; 11 PCM instruments are triggered at multiple notes; playback rate is baked from each instrument's most common note	https://ftp.modland.com/pub/modules/Protracker/Dr.%20Awesome/andante.mod	Dr. Awesome/andante.mod	
too-large	approximate	223658	107170	137403	f7e4beb6ddf82e23c420668d9e7fdb9fb1c680f34c52bd35c6e24c8ac4d57e76	08a00e7f7aeb6fc031e157a7697f9f51799256d0c58944f9e9680e08ec3b2465	8 vibrato-volume slides keep only the volume slide; 4 note-delay commands trigger at tick zero; 198 fine volume slides are discarded; 10 long sample loops become one-shot PCM (loop length > 64); sustain loops are not preserved; 3 non-looped samples become 16 kHz PCM one-shots; 9 PCM instruments are triggered at multiple notes; playback rate is baked from each instrument's most common note	https://ftp.modland.com/pub/modules/Protracker/Dr.%20Awesome/arrangements.mod	Dr. Awesome/arrangements.mod	
fit	approximate	51006	31209	61442	776877430bc9410578a16912f925a2b6a59eb13db64a8f12eea83f86126ebf35	aa0baa005eea40a81be72e405a81d01b8e03deb248a04ae1de48f19cfb3c5c7a	8 non-looped samples become 16 kHz PCM one-shots; 5 PCM instruments are triggered at multiple notes; playback rate is baked from each instrument's most common note	https://ftp.modland.com/pub/modules/Protracker/Dr.%20Awesome/avoidtune.mod	Dr. Awesome/avoidtune.mod	
fit	approximate	49088	27095	57328	9703e768fc3d4b22c9b3a60905fd11abe085c2e4b712a5a0d119c253a323b491	29f08dd28003871524918975bfc567ee95dd0a18c86422eb7970d3e1e5fa2a21	1 Amiga LED filter commands are ignored; 2 long sample loops become one-shot PCM (loop length > 64); sustain loops are not preserved; 4 non-looped samples become 16 kHz PCM one-shots; 4 short loops become 16-point wavetables and sustain until cut; 5 PCM instruments are triggered at multiple notes; playback rate is baked from each instrument's most common note	https://ftp.modland.com/pub/modules/Protracker/Dr.%20Awesome/awakening.mod	Dr. Awesome/awakening.mod	
too-large	approximate	58772	37643	67876	6b805c09e8292595c32fc7d30caacb84a2d7bcd10835f5eb3169bc9747b689b3	22737e8512d62fec70690d92f7d5c037785fdc7e62443f34aaecdfbe9d18ed5e	2 long sample loops become one-shot PCM (loop length > 64); sustain loops are not preserved; 8 non-looped samples become 16 kHz PCM one-shots; 9 PCM instruments are triggered at multiple notes; playback rate is baked from each instrument's most common note	https://ftp.modland.com/pub/modules/Protracker/Dr.%20Awesome/babybackground.mod	Dr. Awesome/babybackground.mod	
too-large	approximate	122620	99302	129535	c231f7430568edbffa35169195607ec2844776bbc8f54253971f27f318815be9	74eedf25e0a0f9650e563ccd38692d3f86b6c0c6296689af47c4bb5f095c73d5	2 long sample loops become one-shot PCM (loop length > 64); sustain loops are not preserved; 16 non-looped samples become 16 kHz PCM one-shots; 10 PCM instruments are triggered at multiple notes; playback rate is baked from each instrument's most common note	https://ftp.modland.com/pub/modules/Protracker/Dr.%20Awesome/babytalk.mod	Dr. Awesome/babytalk.mod	
too-large	approximate	88524	83247	113480	1a9d3ec8992d3968293550e9ac078348c971b44ab7941553c3a819281ae9853d	621f9d93f3a54baebb4819ad6ddcd2968c5f4f7bd99822cc6860d8261db44eb2	15 non-looped samples become 16 kHz PCM one-shots; 8 PCM instruments are triggered at multiple notes; playback rate is baked from each instrument's most common note	https://ftp.modland.com/pub/modules/Protracker/Firefox/all%20those%20years.mod	Firefox/all those years.mod	
too-large	approximate	200248	142507	172740	97bae8152c8923aaebd60e79336f683337f312a999f64b8d7eff134decb1dbf3	7924d462dd90ab9de69137075332aca5501f1c0f45ba31c318cefa8645d3ba30	350 vibrato-volume slides keep only the volume slide; 7 long sample loops become one-shot PCM (loop length > 64); sustain loops are not preserved; 16 non-looped samples become 16 kHz PCM one-shots; 16 PCM instruments are triggered at multiple notes; playback rate is baked from each instrument's most common note	https://ftp.modland.com/pub/modules/Protracker/Firefox/apocalypse%201.mod	Firefox/apocalypse 1.mod	
too-large	approximate	97566	76845	107078	703efa5a51bd335a7f4e00894da878527f5c97dc441532fb629fcfb120dd5fdf	75655683ec2fdc4ece2dfa7ec3b2ccf50aabc4fc84908e3c7f9bc71ed07d3b05	1 long sample loops become one-shot PCM (loop length > 64); sustain loops are not preserved; 13 non-looped samples become 16 kHz PCM one-shots; 8 PCM instruments are triggered at multiple notes; playback rate is baked from each instrument's most common note	https://ftp.modland.com/pub/modules/Protracker/Firefox/check%20your%20level%20v5.mod	Firefox/check your level v5.mod	
too-large	approximate	97010	64170	94403	c621c3337f4db57d09fc636befac568922978b629bd73670c042eb414177646e	67381b2bf73c342f9c49367b73173b93f4cf7bca1eaf7f26c9ab48d2b6f49cee	panning commands are discarded because hardware output is mono; 78 vibrato-volume slides keep only the volume slide; 6 long sample loops become one-shot PCM (loop length > 64); sustain loops are not preserved; 7 non-looped samples become 16 kHz PCM one-shots; 10 PCM instruments are triggered at multiple notes; playback rate is baked from each instrument's most common note	https://ftp.modland.com/pub/modules/Protracker/Firefox/chinese%20dream.mod	Firefox/chinese dream.mod	
too-large	approximate	62084	49687	79920	1f441d24f2dc6c497751b29a9647da319ad1775d5d30ffb040d28ae6e5653cc3	5b115919bbe4ef7f62e4a0a8585f2a31c988640bd0ea53cc62ec60e33f9c3dbe	8 non-looped samples become 16 kHz PCM one-shots; 4 PCM instruments are triggered at multiple notes; playback rate is baked from each instrument's most common note	https://ftp.modland.com/pub/modules/Protracker/Firefox/demo%20tune%20i.mod	Firefox/demo tune i.mod	
too-large	approximate	127676	135634	165867	e7b389705cff65b8bce4686399b03f92e888d779bc3cff8d82099b22f77eae0b	7deb4da4cb31dec69fd8cc2d656674bccdf6365b53d6118553bfe8985d6e5786	1 long sample loops become one-shot PCM (loop length > 64); sustain loops are not preserved; 14 non-looped samples become 16 kHz PCM one-shots; 6 PCM instruments are triggered at multiple notes; playback rate is baked from each instrument's most common note	https://ftp.modland.com/pub/modules/Protracker/Firefox/digital%20chock%20ii.mod	Firefox/digital chock ii.mod	
too-large	approximate	73860	53809	84042	9c22c4e3065f861d9f05dc0da08f6d807ec3d97bf214e28bc339722232ceb9cd	7556b11620bc8a2b1f4b2705df595706a05e1ef97ee461562830dc0fe57493de	1 set-volume commands above 64 are clamped; 12 non-looped samples become 16 kHz PCM one-shots; 6 PCM instruments are triggered at multiple notes; playback rate is baked from each instrument's most common note	https://ftp.modland.com/pub/modules/Protracker/Firefox/exstasia.mod	Firefox/exstasia.mod	
too-large	approximate	140450	89507	119740	894f223ec4745baa5c88ac7591d4126eec55473bfaa70f054478fc2e4c847c6c	369adf12975adcc0bc61a22de885321a3373f53caf8b54106f54a023698f4a59	2 long sample loops become one-shot PCM (loop length > 64); sustain loops are not preserved; 12 non-looped samples become 16 kHz PCM one-shots; 11 PCM instruments are triggered at multiple notes; playback rate is baked from each instrument's most common note	https://ftp.modland.com/pub/modules/Protracker/Firefox/f14-tomcat.mod	Firefox/f14-tomcat.mod	
too-large	approximate	48808	42341	72574	087011810cb3bf733cad1f04b5d43e823a25e810296c700add10267b8fcc585d	8991d510d35b26e2792ec605fd3125d03de4fb469466239349b3a2889ae9afb8	1 long sample loops become one-shot PCM (loop length > 64); sustain loops are not preserved; 7 non-looped samples become 16 kHz PCM one-shots; 5 PCM instruments are triggered at multiple notes; playback rate is baked from each instrument's most common note	https://ftp.modland.com/pub/modules/Protracker/Firefox/fftune1.mod	Firefox/fftune1.mod	
too-large	approximate	65144	42427	72660	fab578ce6b066a78c957ae953bd9648111ff72070144126dff96d3dc7f5912b5	42310a3f82781da4289422ce5e3ce12b201951718598a278b23aa9b6d75fca3f	12 non-looped samples become 16 kHz PCM one-shots; 6 PCM instruments are triggered at multiple notes; playback rate is baked from each instrument's most common note	https://ftp.modland.com/pub/modules/Protracker/Firefox/firefox.mod	Firefox/firefox.mod	
too-large	approximate	170610	102494	132727	ff2a724a0acfb828f4e27552869e010eb10e333c2cac61880452c9554ca08137	0da4f23eb43e93685a0cf9af28b04fd756d5bd1414eaa9b0aaf4de876bc2788c	5 long sample loops become one-shot PCM (loop length > 64); sustain loops are not preserved; 14 non-looped samples become 16 kHz PCM one-shots; 11 PCM instruments are triggered at multiple notes; playback rate is baked from each instrument's most common note	https://ftp.modland.com/pub/modules/Protracker/Firefox/galaxy%20ii.mod	Firefox/galaxy ii.mod	
too-large	approximate	79992	66003	96236	d387eb9f1a6b247ed60d11ff44132755600de3c78a1b40efddeacf315199d5a7	8dbfab997d0cb0f5e0a4e37d308fe996dfe7aff0eb0bde559d57d8922f54a75e	2 long sample loops become one-shot PCM (loop length > 64); sustain loops are not preserved; 7 non-looped samples become 16 kHz PCM one-shots; 3 PCM instruments are triggered at multiple notes; playback rate is baked from each instrument's most common note	https://ftp.modland.com/pub/modules/Protracker/Firefox/get%20with%20it%20mama.mod	Firefox/get with it mama.mod	
too-large	approximate	51004	50037	80270	cc065ada59b1daa22f22ae097672ff9567505a317269f08cee9d53c47e16390b	9cf75078b3c82952bfac5ca1402384730b5af937fc7cb0d77f7b994e86560d38	1 long sample loops become one-shot PCM (loop length > 64); sustain loops are not preserved; 1 non-looped samples become 16 kHz PCM one-shots; 1 PCM instruments are triggered at multiple notes; playback rate is baked from each instrument's most common note	https://ftp.modland.com/pub/modules/Protracker/Firefox/ghostmusic.mod	Firefox/ghostmusic.mod	
too-large	approximate	144160	81355	111588	d187e909927f8e25415426d70bc9c9a19415ce7c2b5d36784d862bdffda4d09c	e97530d2668798205b3076b5b326d6faf56314a97fdfea3ec4c6303d6668c8c0	3 long sample loops become one-shot PCM (loop length > 64); sustain loops are not preserved; 8 non-looped samples become 16 kHz PCM one-shots; 9 PCM instruments are triggered at multiple notes; playback rate is baked from each instrument's most common note	https://ftp.modland.com/pub/modules/Protracker/Firefox/heavy%20n%20funky.mod	Firefox/heavy n funky.mod	
too-large	approximate	79800	49019	79252	8a6843790212944f219dc3927fc9c97fd4c25166c1c948bc14ee5c307d02bd45	245c83c82c87a7f211b75ee3b782ed6e7cb2487441d73087469eb74a029634c1	12 non-looped samples become 16 kHz PCM one-shots; 9 PCM instruments are triggered at multiple notes; playback rate is baked from each instrument's most common note	https://ftp.modland.com/pub/modules/Protracker/Firefox/hip%20for%20the%20hop.mod	Firefox/hip for the hop.mod	
fit	approximate	12346	9256	39489	b60c580632f92d76359a2aa2d22a5b77c61964e5b460c6bcd6208072d33c916a	b2b4323f415b28c6e6718b88635ae37b1e3d22b90995ed7255042c4bf2b26820	2 tone-portamento+volume slides keep only tone portamento; 14 vibrato-volume slides keep only the volume slide; 1 long sample loops become one-shot PCM (loop length > 64); sustain loops are not preserved; 4 non-looped samples become 16 kHz PCM one-shots; 2 short loops become 16-point wavetables and sustain until cut; 2 PCM instruments are triggered at multiple notes; playback rate is baked from each instrument's most common note	https://ftp.modland.com/pub/modules/Protracker/Firefox/hiscore.mod	Firefox/hiscore.mod	
too-large	approximate	87170	74743	104976	d935f6e16283183925874693dea18cba75b59449958e48286704edf8c3c7df11	7b49d5b309e7ae1d94b181309d54915221bdffde0f78e404fe9275e397cd54b8	1 Amiga LED filter commands are ignored; 13 non-looped samples become 16 kHz PCM one-shots; 9 PCM instruments are triggered at multiple notes; playback rate is baked from each instrument's most common note	https://ftp.modland.com/pub/modules/Protracker/Firefox/i%20was%20lucky.mod	Firefox/i was lucky.mod	
too-large	approximate	144910	115243	145476	ca2f82e25c07ef9db96e20fdb1fa0171da8a660e2cfa39a1c20bbe5669826c1f	4ca30dcc11672e6658660a2e0e05031065aa4dc8c0bd199c151e4101b227c1ed	14 non-looped samples become 16 kHz PCM one-shots; 10 PCM instruments are triggered at multiple notes; playback rate is baked from each instrument's most common note	https://ftp.modland.com/pub/modules/Protracker/Firefox/i%27m%20all%20you%20need.mod	Firefox/i'm all you need.mod	
too-large	approximate	136248	121099	151332	ac0f1e6f2735b25f50b2f5a89fdac1c12c71455be3aa5aface60a6d565e49bc3	edb838bda57d59b8899b4f02b6116221c6bbc79d1a288db50203d76d75cb1cd2	2 non-looped samples become 16 kHz PCM one-shots; 2 PCM instruments are triggered at multiple notes; playback rate is baked from each instrument's most common note	https://ftp.modland.com/pub/modules/Protracker/Firefox/interspace%20intro.mod	Firefox/interspace intro.mod	
too-large	approximate	84242	61950	92183	7bd907e153a513a844bc0b6b8c19298aa2b888df7af0a0a175657f68af954d8f	6f150476dd3d05062be19201ff08de6b60416339158b59636828768f6d65572f	15 non-looped samples become 16 kHz PCM one-shots; 9 PCM instruments are triggered at multiple notes; playback rate is baked from each instrument's most common note	https://ftp.modland.com/pub/modules/Protracker/Firefox/it%27s%20no%20secret.mod	Firefox/it's no secret.mod	
too-large	approximate	131902	82705	112938	315abd6ae5435872f33d5d1c90d002e02f368256466dead51e3b21cb562875f5	f82fb1056d5f4b18213ff4470661484b35782dbcc4003025aeacc2f6ec17ec25	18 tone-portamento+volume slides keep only tone portamento; 1 sample-offset commands start samples from the beginning; 43 fine volume slides are discarded; 6 long sample loops become one-shot PCM (loop length > 64); sustain loops are not preserved; 2 non-looped samples become 16 kHz PCM one-shots; 8 PCM instruments are triggered at multiple notes; playback rate is baked from each instrument's most common note	https://ftp.modland.com/pub/modules/Protracker/Firefox/jimmys%20intro.mod	Firefox/jimmys intro.mod	
too-large	approximate	100664	57457	87690	173cdb7c2b9783f250e2b38296a50b04ef965dc01fd04192b1afd9c9f310a5ac	d1e24ab297b1dfc1049accf09187d0bbd124790dc2218001d384b2d07707e4ce	66 vibrato-volume slides keep only the volume slide; 19 non-looped samples become 16 kHz PCM one-shots; 15 PCM instruments are triggered at multiple notes; playback rate is baked from each instrument's most common note	https://ftp.modland.com/pub/modules/Protracker/Firefox/just%20spank%20it.mod	Firefox/just spank it.mod	
fit	approximate	31986	21397	51630	fe1a671bc0df86d1de944b6ca52bf5ec96a7a1302e92ccacce16d504a74ff46f	862cd1d24990f774191806eed4f4279476299f4ceff39215b2b755ed719dd4ae	1 long sample loops become one-shot PCM (loop length > 64); sustain loops are not preserved; 1 non-looped samples become 16 kHz PCM one-shots; 2 PCM instruments are triggered at multiple notes; playback rate is baked from each instrument's most common note	https://ftp.modland.com/pub/modules/Protracker/Firefox/load%20tune%20iii.mod	Firefox/load tune iii.mod	
too-large	approximate	78188	50773	81006	7bd0565f37a414fefc5e3108f17fcca026020afbca60438cac86ccc58d1ce130	8e48ee56ecf9ab204062c27023312d4c1d40c16d96ee6e7068055d55355d0092	13 non-looped samples become 16 kHz PCM one-shots; 8 PCM instruments are triggered at multiple notes; playback rate is baked from each instrument's most common note	https://ftp.modland.com/pub/modules/Protracker/Firefox/low%20altitude.mod	Firefox/low altitude.mod	
too-large	approximate	97680	95752	125985	f13b00f59cd016ef783791e3d076a66857175ab190ed50fffe7023648786bcba	648cf846401432c43254be48ae38fb56776d4bf187c99ecdab0d9fe400bef8e5	4 long sample loops become one-shot PCM (loop length > 64); sustain loops are not preserved; 10 non-looped samples become 16 kHz PCM one-shots; 5 PCM instruments are triggered at multiple notes; playback rate is baked from each instrument's most common note	https://ftp.modland.com/pub/modules/Protracker/Firefox/m.o.n.mod	Firefox/m.o.n.mod	
fit	approximate	53756	29288	59521	c4f8d87ba2122d12b6e1ba02ab9aed99d4f2703ca18a55c080ee567e6092607d	85411a960a538cb2292ef717404c5582f0157fc1f8bce21f86f22e535045ae43	36 vibrato-volume slides keep only the volume slide; 1 long sample loops become one-shot PCM (loop length > 64); sustain loops are not preserved; 9 non-looped samples become 16 kHz PCM one-shots; 5 PCM instruments are triggered at multiple notes; playback rate is baked from each instrument's most common note	https://ftp.modland.com/pub/modules/Protracker/Jogeir%20Liljedahl/00enjoy.mod	Jogeir Liljedahl/00enjoy.mod	
fit	approximate	38206	19603	49836	22c671f864b6fce2f65b0a928ca693d2c982a1d0f32418bf37d8c7926489a2dc	0ac7b6342070912ff125af2d86586bda292d22b200eee1f4b2b360a53753b0e0	36 vibrato-volume slides keep only the volume slide; 2 long sample loops become one-shot PCM (loop length > 64); sustain loops are not preserved; 5 non-looped samples become 16 kHz PCM one-shots; 4 PCM instruments are triggered at multiple notes; playback rate is baked from each instrument's most common note	https://ftp.modland.com/pub/modules/Protracker/Jogeir%20Liljedahl/00eojny.mod	Jogeir Liljedahl/00eojny.mod	
too-large	approximate	124258	67360	97593	58b0ff02c129dee43113fde4c3c90be4e5181a6f49a0178b10f3b56d55380d3c	d51ea7585474b011f7d469e20aebd35d7942ab6169059c4e270a63405dcba967	68 tone-portamento+volume slides keep only tone portamento; 92 vibrato-volume slides keep only the volume slide; 11 sample-offset commands start samples from the beginning; 3 fine portamento commands are discarded; 8 fine volume slides are discarded; 6 long sample loops become one-shot PCM (loop length > 64); sustain loops are not preserved; 16 non-looped samples become 16 kHz PCM one-shots; 7 short loops become 16-point wavetables and sustain until cut; 15 PCM instruments are triggered at multiple notes; playback rate is baked from each instrument's most common note	https://ftp.modland.com/pub/modules/Protracker/Jogeir%20Liljedahl/00noname.mod	Jogeir Liljedahl/00noname.mod	
too-large	approximate	200642	97029	127262	732b6a32e795007cdc587659d71cf51861f3f1eb9b0ee9142219bd3105188a1e	f6bf902b73713a0262843fed938534c57282c51423554fc6e0b5c0dae7dfcad4	2 sample-offset commands start samples from the beginning; 1 Amiga LED filter commands are ignored; 265 fine volume slides are discarded; 7 long sample loops become one-shot PCM (loop length > 64); sustain loops are not preserved; 2 PCM instruments are triggered at multiple notes; playback rate is baked from each instrument's most common note	https://ftp.modland.com/pub/modules/Protracker/Jogeir%20Liljedahl/00optimystique.mod	Jogeir Liljedahl/00optimystique.mod	
too-large	approximate	489404	228779	259012	c8faeab3b1e79383336033d7c862be7c6ffe62a1a9043324a956c5fac36625a1	63e708847d3e7de866ee21a24cd7c468cddfb3a97de4d0a07dcfe4fe6b52602b	3 tone-portamento+volume slides keep only tone portamento; 157 vibrato-volume slides keep only the volume slide; 46 sample-offset commands start samples from the beginning; 2 note-delay commands trigger at tick zero; 2 fine portamento commands are discarded; 42 fine volume slides are discarded; 11 long sample loops become one-shot PCM (loop length > 64); sustain loops are not preserved; 20 non-looped samples become 16 kHz PCM one-shots; 19 PCM instruments are triggered at multiple notes; playback rate is baked from each instrument's most common note	https://ftp.modland.com/pub/modules/Protracker/Jogeir%20Liljedahl/1%20step%20further.mod	Jogeir Liljedahl/1 step further.mod	
too-large	approximate	93868	70134	100367	f3832e02b2c4164366399eaa8be9b0e88730ed489e790c49ae84342ad37fad37	0d806c05402126f65cffb3815bd633b3c0530c3367ce3a4af2cf9ce91e244625	4 Amiga LED filter commands are ignored; 1 long sample loops become one-shot PCM (loop length > 64); sustain loops are not preserved; 4 non-looped samples become 16 kHz PCM one-shots; 3 PCM instruments are triggered at multiple notes; playback rate is baked from each instrument's most common note	https://ftp.modland.com/pub/modules/Protracker/Jogeir%20Liljedahl/3.mod	Jogeir Liljedahl/3.mod	
too-large	approximate	358850	176505	206738	d328cc99d3a9ba0beafc325b8151826e621df6e85c64015c5bc9c753ce512156	021e0843f8f0f275770d09ceb3ab2975739e22852f6afe7d75abd4090649992c	1 tone-portamento+volume slides keep only tone portamento; 93 tremolo commands are discarded; 1 sample-offset commands start samples from the beginning; 1 Amiga LED filter commands are ignored; 2 fine portamento commands are discarded; 623 fine volume slides are discarded; 9 long sample loops become one-shot PCM (loop length > 64); sustain loops are not preserved; 6 non-looped samples become 16 kHz PCM one-shots; 8 PCM instruments are triggered at multiple notes; playback rate is baked from each instrument's most common note	https://ftp.modland.com/pub/modules/Protracker/Jogeir%20Liljedahl/5977.mod	Jogeir Liljedahl/5977.mod	
too-large	approximate	110006	73281	103514	f1fa2c1c2898822eb7170ba73f8d7fd2d038f3ed3634bb387afde998d9267c5b	93491732b931f38cfe43782055c599024e017229ddc456ae2ccf9c4ca29bfe5e	144 vibrato-volume slides keep only the volume slide; 3 note-delay commands trigger at tick zero; 1 Amiga LED filter commands are ignored; 6 fine volume slides are discarded; 6 long sample loops become one-shot PCM (loop length > 64); sustain loops are not preserved; 1 non-looped samples become 16 kHz PCM one-shots; 3 PCM instruments are triggered at multiple notes; playback rate is baked from each instrument's most common note	https://ftp.modland.com/pub/modules/Protracker/Jogeir%20Liljedahl/a%20magic%20touch.mod	Jogeir Liljedahl/a magic touch.mod	
too-large	approximate	101780	75571	105804	f96a6a0f8075725e4d54f7b47778a3def83b05577d9d3d9fa1e5839237bb6b7c	04e7b030548f768b0fb68ae39a23c9a220af7c31b8053c8512894bc786a6a221	26 tone-portamento+volume slides keep only tone portamento; 197 vibrato-volume slides keep only the volume slide; 1 Amiga LED filter commands are ignored; 3 fine portamento commands are discarded; 431 fine volume slides are discarded; 7 long sample loops become one-shot PCM (loop length > 64); sustain loops are not preserved; 2 non-looped samples become 16 kHz PCM one-shots; 9 PCM instruments are triggered at multiple notes; playback rate is baked from each instrument's most common note	https://ftp.modland.com/pub/modules/Protracker/Jogeir%20Liljedahl/a%20project14.mod	Jogeir Liljedahl/a project14.mod	
fit	approximate	46768	26049	56282	277799a9fd35bf9ab9b9243f3431f0c32c6b63013ebbdbd2e0f5bd5a9d79f6b2	9f5402835902fd83473614c0d3575b6e7b8362222d54bedbc5b54ef0ba20e68f	32 vibrato-volume slides keep only the volume slide; 5 long sample loops become one-shot PCM (loop length > 64); sustain loops are not preserved; 1 non-looped samples become 16 kHz PCM one-shots; 1 PCM instruments are triggered at multiple notes; playback rate is baked from each instrument's most common note	https://ftp.modland.com/pub/modules/Protracker/Jogeir%20Liljedahl/a%20rambo%20rules%21.mod	Jogeir Liljedahl/a rambo rules!.mod	
too-large	approximate	146866	84327	114560	7cf6110710d1d3647c6b1e8ca97a92417d2d62b1505597b135d363abb6ba198b	c00bcb9cb19f5f71ad89eb373e3b3308895eb3b32fee0ed649eb8af5ef864049	106 vibrato-volume slides keep only the volume slide; 39 sample-offset commands start samples from the beginning; 1 Amiga LED filter commands are ignored; 32 fine volume slides are discarded; 4 long sample loops become one-shot PCM (loop length > 64); sustain loops are not preserved; 12 non-looped samples become 16 kHz PCM one-shots; 1 short loops become 16-point wavetables and sustain until cut; 13 PCM instruments are triggered at multiple notes; playback rate is baked from each instrument's most common note	https://ftp.modland.com/pub/modules/Protracker/Jogeir%20Liljedahl/a%20synoptic%20value.mod	Jogeir Liljedahl/a synoptic value.mod	
too-large	approximate	101370	56812	87045	16dfd1c626a9cc630394d4f62466db710dc1baf7c4fc54dda73a0b45ca062204	a462ae6e344129c6c624656042d7104a3921e4f9f61142900a814565cd3a4034	76 tone-portamento+volume slides keep only tone portamento; 26 vibrato-volume slides keep only the volume slide; 35 sample-offset commands start samples from the beginning; 2 note-delay commands trigger at tick zero; 7 long sample loops become one-shot PCM (loop length > 64); sustain loops are not preserved; 8 non-looped samples become 16 kHz PCM one-shots; 10 PCM instruments are triggered at multiple notes; playback rate is baked from each instrument's most common note	https://ftp.modland.com/pub/modules/Protracker/Jogeir%20Liljedahl/abra1.mod	Jogeir Liljedahl/abra1.mod	
too-large	approximate	207010	114236	144469	6699109aea54ffb151ae9f139a86c55c8e09bc7cf753dcb3c26cff3c2c6cec37	b31deb5ddc39ce6b2fa2b2abdd9abf9c2bdee5ace68351615160154a97508778	247 tone-portamento+volume slides keep only tone portamento; 254 vibrato-volume slides keep only the volume slide; 7 sample-offset commands start samples from the beginning; 21 note-delay commands trigger at tick zero; 14 fine portamento commands are discarded; 83 fine volume slides are discarded; 9 long sample loops become one-shot PCM (loop length > 64); sustain loops are not preserved; 19 non-looped samples become 16 kHz PCM one-shots; 21 PCM instruments are triggered at multiple notes; playback rate is baked from each instrument's most common note	https://ftp.modland.com/pub/modules/Protracker/Jogeir%20Liljedahl/abration.mod	Jogeir Liljedahl/abration.mod	
too-large	approximate	334486	159675	189908	f2936fc99b392a247ff4d1059f984b2f302b42cf095292fe7d23c8b7c32630cf	3b8f09b1379f5d159539ee153eea5c2e5b4c72fbf23682b96e5b128ecf23fa84	64 tone-portamento+volume slides keep only tone portamento; 111 vibrato-volume slides keep only the volume slide; 1 sample-offset commands start samples from the beginning; 32 note-delay commands trigger at tick zero; 1 Amiga LED filter commands are ignored; 6 fine portamento commands are discarded; 5 long sample loops become one-shot PCM (loop length > 64); sustain loops are not preserved; 13 non-looped samples become 16 kHz PCM one-shots; 5 PCM instruments are triggered at multiple notes; playback rate is baked from each instrument's most common note	https://ftp.modland.com/pub/modules/Protracker/Jogeir%20Liljedahl/amore.mod	Jogeir Liljedahl/amore.mod	
too-large	approximate	419460	213768	244001	408a2a776d5faf2bffdcaa43b85544c8230f82b49325f8c8af4fcf00d6774e21	6c92e8d5895e5713aacdb16ed124f6929d7202351c18bb2d277b57e6edf84d3d	193 tone-portamento+volume slides keep only tone portamento; 11 vibrato-volume slides keep only the volume slide; 82 sample-offset commands start samples from the beginning; 23 note-delay commands trigger at tick zero; 1 fine portamento commands are discarded; 76 fine volume slides are discarded; 13 long sample loops become one-shot PCM (loop length > 64); sustain loops are not preserved; 15 non-looped samples become 16 kHz PCM one-shots; 23 PCM instruments are triggered at multiple notes; playback rate is baked from each instrument's most common note	https://ftp.modland.com/pub/modules/Protracker/Jogeir%20Liljedahl/attributed%20horror.mod	Jogeir Liljedahl/attributed horror.mod	
too-large	approximate	207074	152962	183195	2424fe6349fd7f52c199200433ab216efd927308e7174f0f1945ed84206ef565	54140db4fcb700f0d3712b879fa0d1d6b7f9dec068075844c199120877c56d3d	248 vibrato-volume slides keep only the volume slide; 1 note-delay commands trigger at tick zero; 1 Amiga LED filter commands are ignored; 3 fine portamento commands are discarded; 9 long sample loops become one-shot PCM (loop length > 64); sustain loops are not preserved; 12 non-looped samples become 16 kHz PCM one-shots; 19 PCM instruments are triggered at multiple notes; playback rate is baked from each instrument's most common note	https://ftp.modland.com/pub/modules/Protracker/Jogeir%20Liljedahl/back%20to%20reality.mod	Jogeir Liljedahl/back to reality.mod	
fit	approximate	6372	4377	34610	06c6dec75faa64cfb2ddc4d8a99f947a1cb1ea2fec2f1a51de6b379e719083ff	ce99dea1a26793997e5e878ff63474d8eeccccc58e3a60d3241003ff5f62b452	13 vibrato-volume slides keep only the volume slide; 1 long sample loops become one-shot PCM (loop length > 64); sustain loops are not preserved; 1 PCM instruments are triggered at multiple notes; playback rate is baked from each instrument's most common note	https://ftp.modland.com/pub/modules/Protracker/Jogeir%20Liljedahl/ballerina.mod	Jogeir Liljedahl/ballerina.mod	
too-large	approximate	193916	149587	179820	ce429a4b5dbe3d2676433f7a170a560bd24ae26f9fb9e9947ab393fb68f44f7c	09d09d0048b637051eed97f25287f746a6e57c747081442e8b3a0859a93f2525	254 vibrato-volume slides keep only the volume slide; 10 sample-offset commands start samples from the beginning; 5 fine portamento commands are discarded; 2 long sample loops become one-shot PCM (loop length > 64); sustain loops are not preserved; 20 non-looped samples become 16 kHz PCM one-shots; 6 PCM instruments are triggered at multiple notes; playback rate is baked from each instrument's most common note	https://ftp.modland.com/pub/modules/Protracker/Jogeir%20Liljedahl/banana%20boat.mod	Jogeir Liljedahl/banana boat.mod	
too-large	approximate	99776	51119	81352	29363683b651eaa95dd0075299f2be83fb52adf6c39fc05f2a86073b45e60d61	f9c8fc654739a5a752f780969c80b061ddbfba93879fd0ea4a1161e79f89f31d	18 Amiga LED filter commands are ignored; 2 long sample loops become one-shot PCM (loop length > 64); sustain loops are not preserved; 4 non-looped samples become 16 kHz PCM one-shots; 3 PCM instruments are triggered at multiple notes; playback rate is baked from each instrument's most common note	https://ftp.modland.com/pub/modules/Protracker/Jogeir%20Liljedahl/beast-attack.mod	Jogeir Liljedahl/beast-attack.mod	
too-large	approximate	98166	61448	91681	256c83870eceed15b6c9a81b346cacf374f68621d318fc117363d061cfd5d607	b9eb8e8bc44da572404cbdad5c2d8b8ef849cdaf37c3ca2b7133fbb1803d1b13	2 Amiga LED filter commands are ignored; 2 long sample loops become one-shot PCM (loop length > 64); sustain loops are not preserved; 4 non-looped samples become 16 kHz PCM one-shots; 4 PCM instruments are triggered at multiple notes; playback rate is baked from each instrument's most common note	https://ftp.modland.com/pub/modules/Protracker/Jogeir%20Liljedahl/beast-exploring.mod	Jogeir Liljedahl/beast-exploring.mod	
too-large	approximate	104256	54836	85069	82d4bb457d69992e74058a72fb75f7d2349df669284cd922d9a9f2fefaaa401a	dcf570696f2b3852849e0147bbb3f1e22ea85b40da554e45b3d025015beb60b4	1 Amiga LED filter commands are ignored; 2 long sample loops become one-shot PCM (loop length > 64); sustain loops are not preserved; 6 non-looped samples become 16 kHz PCM one-shots; 4 PCM instruments are triggered at multiple notes; playback rate is baked from each instrument's most common note	https://ftp.modland.com/pub/modules/Protracker/Jogeir%20Liljedahl/beast-final.mod	Jogeir Liljedahl/beast-final.mod	
fit	approximate	67038	31190	61423	f26057f879637b855605b2a00d04d6d6baa7e834a1568157872d6eb1f9031e2e	1e1adf5d4735563d12a581a4f6e2d69c560508be0e53c00ae5d5394617ca07e5	6 Amiga LED filter commands are ignored; 4 long sample loops become one-shot PCM (loop length > 64); sustain loops are not preserved; 1 non-looped samples become 16 kHz PCM one-shots; 5 PCM instruments are triggered at multiple notes; playback rate is baked from each instrument's most common note	https://ftp.modland.com/pub/modules/Protracker/Jogeir%20Liljedahl/beast-gameover.mod	Jogeir Liljedahl/beast-gameover.mod	
too-large	approximate	99944	45868	76101	eab88bb250efb7d14ace08a07aada5e1d224bab5ed725a872c702f8c8727b657	a9713a7993b6626610df0dfde49a67ad152dddc21c539984c2725ae8c2de9152	2 Amiga LED filter commands are ignored; 2 long sample loops become one-shot PCM (loop length > 64); sustain loops are not preserved; 5 non-looped samples become 16 kHz PCM one-shots; 7 PCM instruments are triggered at multiple notes; playback rate is baked from each instrument's most common note	https://ftp.modland.com/pub/modules/Protracker/Jogeir%20Liljedahl/beast-in%20castle.mod	Jogeir Liljedahl/beast-in castle.mod	
too-large	approximate	96220	53080	83313	e1b8a51bc2024068718f9df86a3e2f19a177ae49af902f498c6088348ff739a2	c14774c8840e1a5bd0ce5bd77dcd36cd73be13aa0972b474f75de44df073bd33	15 Amiga LED filter commands are ignored; 3 long sample loops become one-shot PCM (loop length > 64); sustain loops are not preserved; 4 non-looped samples become 16 kHz PCM one-shots; 7 PCM instruments are triggered at multiple notes; playback rate is baked from each instrument's most common note	https://ftp.modland.com/pub/modules/Protracker/Jogeir%20Liljedahl/beast-in%20tree.mod	Jogeir Liljedahl/beast-in tree.mod	
too-large	approximate	56838	46671	76904	ea9a9a6b5fe38a40fc60ea01b9a928330b9d05aed9d23a85596bde76c52ace66	b0686d77eef23cfdd3e5255a16ea9e60113f387ffec2381fbad35641015aae9e	6 Amiga LED filter commands are ignored; 2 long sample loops become one-shot PCM (loop length > 64); sustain loops are not preserved; 1 non-looped samples become 16 kHz PCM one-shots; 2 PCM instruments are triggered at multiple notes; playback rate is baked from each instrument's most common note	https://ftp.modland.com/pub/modules/Protracker/Jogeir%20Liljedahl/beast-title.mod	Jogeir Liljedahl/beast-title.mod	
fit	approximate	40724	20411	50644	24118fc5a129ec20748479404691140789967a440f98a02750a5a56cfc686795	8a8ee12b1b3276eeff590b24b89cf37643e4df56e91402f46b8cab0c9317271e	6 sample-offset commands start samples from the beginning; 2 long sample loops become one-shot PCM (loop length > 64); sustain loops are not preserved; 5 non-looped samples become 16 kHz PCM one-shots; 6 PCM instruments are triggered at multiple notes; playback rate is baked from each instrument's most common note; 8 periods were clamped into notes 1..96	https://ftp.modland.com/pub/modules/Protracker/Laxity/i%27m%20a%20dick.mod	Laxity/i'm a dick.mod	
too-large	approximate	93598	78067	108300	843e013dafeb773d9c48303fb4e55df9a8c6cdaaba81943e041a643e8a4ab1d4	d2714c575e81ccf64260018a7983a21bbb62ac32af6a5d2586671018c37a6117	1 long sample loops become one-shot PCM (loop length > 64); sustain loops are not preserved; 11 non-looped samples become 16 kHz PCM one-shots; 11 PCM instruments are triggered at multiple notes; playback rate is baked from each instrument's most common note	https://ftp.modland.com/pub/modules/Protracker/Mahoney/64%27er.mod	Mahoney/64'er.mod	
fit	approximate	31924	31491	61724	9598f22c3a5b4adfaf155d741997dc59282d7e5eadef61af3dd8275c9d9f099f	e9e581a92991081ea9a1c30c69dbf4056c999bd72295c566f6b48e968b94d011	2 Amiga LED filter commands are ignored; 1 non-looped samples become 16 kHz PCM one-shots; 1 PCM instruments are triggered at multiple notes; playback rate is baked from each instrument's most common note	https://ftp.modland.com/pub/modules/Protracker/Mahoney/aase%20v01.mod	Mahoney/aase v01.mod	
too-large	approximate	64744	44731	74964	3eae18f34abefdf6c7daa036747aa59f2997833e5ea86a07391bf079617b1258	1a0b4b1ed61a65f1d413652161e90cf1e99be8d29f41a91ef2003dde9f32c85a	7 tone-portamento+volume slides keep only tone portamento; 6 vibrato-volume slides keep only the volume slide; 168 tremolo commands are discarded; 10 non-looped samples become 16 kHz PCM one-shots; 4 PCM instruments are triggered at multiple notes; playback rate is baked from each instrument's most common note	https://ftp.modland.com/pub/modules/Protracker/Mahoney/basketjoddel.mod	Mahoney/basketjoddel.mod	
too-large	approximate	123184	102895	133128	e2afda2845b49ac49c8c4bddb589e6efd6202d49f42b70e10c4189cdfe008c08	c40d4448a2a962b15535fb83773d8d4515b80e736079c28e291a6f59198caff7	3 long sample loops become one-shot PCM (loop length > 64); sustain loops are not preserved; 16 non-looped samples become 16 kHz PCM one-shots; 12 PCM instruments are triggered at multiple notes; playback rate is baked from each instrument's most common note	https://ftp.modland.com/pub/modules/Protracker/Mahoney/bottlehero.mod	Mahoney/bottlehero.mod	
too-large	approximate	118902	71944	102177	2211e014682f187d197ac9e5ee991440673a0e422e0ea43ee0795f2ded29193c	6089e524e703d533fbae91643ec9f211ac82702cb8d0e70d518fe8c743f92d0e	6 long sample loops become one-shot PCM (loop length > 64); sustain loops are not preserved; 2 non-looped samples become 16 kHz PCM one-shots; 8 PCM instruments are triggered at multiple notes; playback rate is baked from each instrument's most common note	https://ftp.modland.com/pub/modules/Protracker/Mahoney/cecilia%20lind.mod	Mahoney/cecilia lind.mod	
too-large	approximate	90918	61139	91372	9bebc70ededaa752dfbf1355849f19ed9b2d7656d370a123fb9af5de53ef8498	6a3126d2d3a486fa7e5f141f19479012a462c0f1a05ba87376ded5aca8553ee0	7 non-looped samples become 16 kHz PCM one-shots; 7 PCM instruments are triggered at multiple notes; playback rate is baked from each instrument's most common note	https://ftp.modland.com/pub/modules/Protracker/Mahoney/country.mod	Mahoney/country.mod	
too-large	approximate	57986	40237	70470	b31831c05966ca69604c8703e5ce9e6045353e1add64591749869bfaf623471b	e1b37bb8d7a9926307dd823411f9bd50171def5c52b2041114bd9bd9623eab48	6 long sample loops become one-shot PCM (loop length > 64); sustain loops are not preserved; 6 non-looped samples become 16 kHz PCM one-shots; 4 PCM instruments are triggered at multiple notes; playback rate is baked from each instrument's most common note	https://ftp.modland.com/pub/modules/Protracker/Mahoney/eat%20it.mod	Mahoney/eat it.mod	
too-large	approximate	65090	44898	75131	6855a97f621a57316919fd80cc6e94bf5e433f8d32269d7fe66aa46a16458632	451607e2c0457a2f10bb4005098727b5b9e373fb88f378c5cb1eacd20c8e4a01	80 tone-portamento+volume slides keep only tone portamento; 4 tremolo commands are discarded; 7 non-looped samples become 16 kHz PCM one-shots; 3 PCM instruments are triggered at multiple notes; playback rate is baked from each instrument's most common note	https://ftp.modland.com/pub/modules/Protracker/Mahoney/exchange.mod	Mahoney/exchange.mod	
fit	approximate	14780	9520	39753	8f231c90ed1f75751f0b2eab20de7bf84f71b9220c59756c323c5fbbe742945b	0fe47fce37f87a5c4bf953df661b6ee6bedd879589ed5f59b4ed2124c468aec0	1 non-looped samples become 16 kHz PCM one-shots; 1 PCM instruments are triggered at multiple notes; playback rate is baked from each instrument's most common note	https://ftp.modland.com/pub/modules/Protracker/Mahoney/fainter.mod	Mahoney/fainter.mod	
too-large	approximate	62914	61492	91725	9f067c013ebee4d9574b5222923d3cc2732f2aedeccf77ac0244367fdc235e50	81c5ed7dbfa00089696f340537ad307aa8bcb865c72758e4507f0d727206dee9	11 Amiga LED filter commands are ignored; 1 long sample loops become one-shot PCM (loop length > 64); sustain loops are not preserved; 5 non-looped samples become 16 kHz PCM one-shots; 6 PCM instruments are triggered at multiple notes; playback rate is baked from each instrument's most common note	https://ftp.modland.com/pub/modules/Protracker/Mahoney/filt.mod	Mahoney/filt.mod	
too-large	approximate	108710	93283	123516	3737d1cfceb60dbcc866f310eca7611621788c0fd9d7b3378a06f65ccfa1a330	eeb593613cdc774eefaecf6934f1954a5c2b304305d97d973b57adf69d7b9055	12 non-looped samples become 16 kHz PCM one-shots; 4 PCM instruments are triggered at multiple notes; playback rate is baked from each instrument's most common note	https://ftp.modland.com/pub/modules/Protracker/Mahoney/frogfriend.mod	Mahoney/frogfriend.mod	
too-large	approximate	112128	65687	95920	af645d6f001ab6a415dc0a594adf5b14c20cc6a7b181c7ba2fc5d991ba444bb6	bd953b5f8606f5bf92cadc91dec38dfa3e9f86ce081689792b1fb532f9d14255	2 long sample loops become one-shot PCM (loop length > 64); sustain loops are not preserved; 8 non-looped samples become 16 kHz PCM one-shots; 6 PCM instruments are triggered at multiple notes; playback rate is baked from each instrument's most common note	https://ftp.modland.com/pub/modules/Protracker/Mahoney/froggin%27%20mixer.mod	Mahoney/froggin' mixer.mod	
too-large	approximate	76336	48908	79141	72f67e2088b1a21cdf5db91a82ebfadd1ee6c77a3de3fc3e26b382bc20ef6cb2	c68beba71ce956607eacdbd8e60b071178177e9911be643ab1d825119d23a491	2 long sample loops become one-shot PCM (loop length > 64); sustain loops are not preserved; 9 non-looped samples become 16 kHz PCM one-shots; 6 PCM instruments are triggered at multiple notes; playback rate is baked from each instrument's most common note	https://ftp.modland.com/pub/modules/Protracker/Mahoney/grab%20them%20all.mod	Mahoney/grab them all.mod	
too-large	approximate	164378	134431	164664	4cc2079f063849de76b649101a332f97255ce9f26c4be4c4a17c7f657317da2e	2ac86ffff84fffcec45ca8685ed68853ae0764140afb6d54ba8235a3096aa1c8	panning commands are discarded because hardware output is mono; 48 tone-portamento+volume slides keep only tone portamento; 2 vibrato-volume slides keep only the volume slide; 195 tremolo commands are discarded; 13 non-looped samples become 16 kHz PCM one-shots; 12 PCM instruments are triggered at multiple notes; playback rate is baked from each instrument's most common note	https://ftp.modland.com/pub/modules/Protracker/Mahoney/greetingcastle.mod	Mahoney/greetingcastle.mod	
too-large	approximate	92928	62897	93130	067f56e192248df06c9bad9cfb1704150d76884f568a4801feb065b366fb6529	a1581e6b27678e6f845dd6dcc176975d4ac4b0b653f4d956e78dfbf09e040b51	13 non-looped samples become 16 kHz PCM one-shots; 10 PCM instruments are triggered at multiple notes; playback rate is baked from each instrument's most common note	https://ftp.modland.com/pub/modules/Protracker/Mahoney/grytlock.mod	Mahoney/grytlock.mod	
too-large	approximate	64902	35916	66149	5c590f3eb52ef64a4c50f8adc254cffda06d5bf6e3f5557dc59df08b3ce9974b	825d7f92289f0bc831cab1a91375a021fc9783ec34a386250634b0107066b904	60 vibrato-volume slides keep only the volume slide; 4 long sample loops become one-shot PCM (loop length > 64); sustain loops are not preserved; 5 non-looped samples become 16 kHz PCM one-shots; 7 PCM instruments are triggered at multiple notes; playback rate is baked from each instrument's most common note	https://ftp.modland.com/pub/modules/Protracker/Mahoney/heropop%20ii.mod	Mahoney/heropop ii.mod	
too-large	approximate	66152	51631	81864	9fb6a6c47329502064d13cc2aeb01ced14e36e5e86b9aac709b77d5281842e5b	9beaec4bcf525ed0c21568fb7038c562075319ef6fba2997f0a08994ffb0e99c	panning commands are discarded because hardware output is mono; 5 vibrato-volume slides keep only the volume slide; 3 tremolo commands are discarded; 1 Amiga LED filter commands are ignored; 1 long sample loops become one-shot PCM (loop length > 64); sustain loops are not preserved; 4 non-looped samples become 16 kHz PCM one-shots; 5 PCM instruments are triggered at multiple notes; playback rate is baked from each instrument's most common note	https://ftp.modland.com/pub/modules/Protracker/Mahoney/homeonthebench.mod	Mahoney/homeonthebench.mod	
too-large	approximate	95584	59079	89312	c271101332b99398dc4024385fe30f533527330fdc30e1eddebe3fc1e3277cac	74ce8b1dea108e6e7cda03823c41204fe881436d5fc2d6dfe0554d1e19af4f1d	panning commands are discarded because hardware output is mono; 5 tone-portamento+volume slides keep only tone portamento; 4 vibrato-volume slides keep only the volume slide; 11 tremolo commands are discarded; 9 non-looped samples become 16 kHz PCM one-shots; 6 PCM instruments are triggered at multiple notes; playback rate is baked from each instrument's most common note	https://ftp.modland.com/pub/modules/Protracker/Mahoney/jane.mod	Mahoney/jane.mod	
too-large	approximate	72368	52165	82398	2e5ef9cdfc60b1b9be9f72223ac2698b352a615186ef1441a72cb3420ac8f6a8	142ca6cba4d502152e9ee1e0791bcacb23b17653aba1066c1e4e34b8ae0ef0e0	3 long sample loops become one-shot PCM (loop length > 64); sustain loops are not preserved; 4 non-looped samples become 16 kHz PCM one-shots; 5 PCM instruments are triggered at multiple notes; playback rate is baked from each instrument's most common note	https://ftp.modland.com/pub/modules/Protracker/Mahoney/jazzid.mod	Mahoney/jazzid.mod	
too-large	approximate	110668	82899	113132	917ad4e8a91c32759d795d3504c74fcffea92dd774c2183423a86c5fc7021e87	7a43b765003b0a04f8a82abb0a86d3e65065cad052e85e7901a54de10db9324c	panning commands are discarded because hardware output is mono; 7 tone-portamento+volume slides keep only tone portamento; 8 tremolo commands are discarded; 1 long sample loops become one-shot PCM (loop length > 64); sustain loops are not preserved; 8 non-looped samples become 16 kHz PCM one-shots; 4 PCM instruments are triggered at multiple notes; playback rate is baked from each instrument's most common note	https://ftp.modland.com/pub/modules/Protracker/Mahoney/jobba.mod	Mahoney/jobba.mod	
too-large	approximate	437588	310048	340281	3b51cf04164f95523e7ddfc79f886c75b31bec119f8c47f573dc336fcec6cda6	f7f870c904aeb6cc0e81aa2871f382b38db8ff26aee18c8ee638bc7564a4d363	3 long sample loops become one-shot PCM (loop length > 64); sustain loops are not preserved; 24 non-looped samples become 16 kHz PCM one-shots; 5 PCM instruments are triggered at multiple notes; playback rate is baked from each instrument's most common note	https://ftp.modland.com/pub/modules/Protracker/Mahoney/lightforce.mod	Mahoney/lightforce.mod	
too-large	approximate	74844	52510	82743	e83432936bbc1e4efcb5a4ce0950309f5bb879381327da0ec17e68ca419fcab0	4c4f4632fa51c16e3ffd55c1ad644572da93a20e4aa670c4f65a0ba49dc7016b	17 tone-portamento+volume slides keep only tone portamento; 7 vibrato-volume slides keep only the volume slide; 198 tremolo commands are discarded; 1 long sample loops become one-shot PCM (loop length > 64); sustain loops are not preserved; 3 non-looped samples become 16 kHz PCM one-shots; 4 PCM instruments are triggered at multiple notes; playback rate is baked from each instrument's most common note	https://ftp.modland.com/pub/modules/Protracker/Mahoney/moneybrain.mod	Mahoney/moneybrain.mod	
fit	approximate	44480	30655	60888	55edf3c32320eb7cbe32889e410c1c03edf42235b55fe16bbcd0dd20dc5bad02	b93691a85371d2168fe3a41625b50bdbfd76fe250fb55c04dfb15534c4f6c214	panning commands are discarded because hardware output is mono; 1 tone-portamento+volume slides keep only tone portamento; 1 vibrato-volume slides keep only the volume slide; 2 tremolo commands are discarded; 4 non-looped samples become 16 kHz PCM one-shots; 2 PCM instruments are triggered at multiple notes; playback rate is baked from each instrument's most common note	https://ftp.modland.com/pub/modules/Protracker/Mahoney/mozart.mod	Mahoney/mozart.mod	
too-large	approximate	154708	107438	137671	e7cf87c29b77ad466a9297dbd88873d3b92d2e22f240f57c0025db81b3ac8267	c20fdd592820952c9107543d9f4fd1e1a401e12b48bf41e7db4837a1e900ad0c	2 long sample loops become one-shot PCM (loop length > 64); sustain loops are not preserved; 13 non-looped samples become 16 kHz PCM one-shots; 10 PCM instruments are triggered at multiple notes; playback rate is baked from each instrument's most common note	https://ftp.modland.com/pub/modules/Protracker/Tip/38.7%20degrees.mod	Tip/38.7 degrees.mod	
too-large	approximate	84640	44318	74551	1b9136bebed6c68557972871183a061a582962cff1e0b88b813b8a93b0f189db	894b27d21235a14e1bb27a0f4f6571a32948d53ab84bcc03d017b19577a70f3f	1 invert-loop commands are discarded; 6 long sample loops become one-shot PCM (loop length > 64); sustain loops are not preserved; 5 non-looped samples become 16 kHz PCM one-shots; 9 PCM instruments are triggered at multiple notes; playback rate is baked from each instrument's most common note	https://ftp.modland.com/pub/modules/Protracker/Tip/a%20monster%20is%20loose.mod	Tip/a monster is loose.mod	
too-large	approximate	102994	60578	90811	4ce3ac8214e5fd2528c8f6206c24f94bc399de45589ca5ec48e1aad44fb98aee	21805a20aebb1e3fc345fbeaebc950e30a9747c8dc6ccf69db477dbd1043ffd5	22 Amiga LED filter commands are ignored; 1 invert-loop commands are discarded; 1 long sample loops become one-shot PCM (loop length > 64); sustain loops are not preserved; 10 non-looped samples become 16 kHz PCM one-shots; 9 PCM instruments are triggered at multiple notes; playback rate is baked from each instrument's most common note	https://ftp.modland.com/pub/modules/Protracker/Tip/above%20us%20all.mod	Tip/above us all.mod	
too-large	approximate	144030	73303	103536	279660d6d07f3b036cf18e644c37820501569e7972917d029b727d9ae2772cde	5f90fbc03f943e353d849b034e1035c9f5f47936c6561afc08e5979d92ff203a	2 invert-loop commands are discarded; 12 set-volume commands above 64 are clamped; 2 long sample loops become one-shot PCM (loop length > 64); sustain loops are not preserved; 8 non-looped samples become 16 kHz PCM one-shots; 8 PCM instruments are triggered at multiple notes; playback rate is baked from each instrument's most common note	https://ftp.modland.com/pub/modules/Protracker/Tip/acker.mod	Tip/acker.mod	
too-large	approximate	175354	113322	143555	5cef1820f2b701033cba8ff32d984fc1bd06ff5bca9262f409f15f2136baa300	706168267bdb7ca98ed9b8505abf33119e54b7ea0a61b1e93b98be4711e13ab1	1 tone-portamento+volume slides keep only tone portamento; 207 vibrato-volume slides keep only the volume slide; 8 long sample loops become one-shot PCM (loop length > 64); sustain loops are not preserved; 18 non-looped samples become 16 kHz PCM one-shots; 24 PCM instruments are triggered at multiple notes; playback rate is baked from each instrument's most common note	https://ftp.modland.com/pub/modules/Protracker/Tip/disaster%20is%20obvious.mod	Tip/disaster is obvious.mod	
too-large	approximate	171808	109694	139927	15774f3e8546dfa2dad73e5438944525b0567adbe12c4cce8377fba9146894b4	10138ae2174df60a0645ffdb30d05cd2a1249f5d81b8f28edf867b31a440d614	29 vibrato-volume slides keep only the volume slide; 1 Amiga LED filter commands are ignored; 12 long sample loops become one-shot PCM (loop length > 64); sustain loops are not preserved; 6 non-looped samples become 16 kHz PCM one-shots; 16 PCM instruments are triggered at multiple notes; playback rate is baked from each instrument's most common note	https://ftp.modland.com/pub/modules/Protracker/Tip/forgotten%20minds.mod	Tip/forgotten minds.mod	
too-large	approximate	77414	45574	75807	f78e7cb7064c0b7a72cadf8b813baeb27653ef06d7aa802f2f8f45854d89092b	d166801fded7adca29eadbd0a203358127475e6808835b6838801726b3f42f34	2 long sample loops become one-shot PCM (loop length > 64); sustain loops are not preserved; 6 non-looped samples become 16 kHz PCM one-shots; 6 PCM instruments are triggered at multiple notes; playback rate is baked from each instrument's most common note	https://ftp.modland.com/pub/modules/Protracker/Tip/gummi-sugis.mod	Tip/gummi-sugis.mod	
too-large	approximate	144030	73305	103538	d88a37aa538f58f34f82e901528158eeed893d3d6e59f901a8e9fb94db61e08f	8baaf1cc5b3c4747e8c1af6a06b948f9ece3260bb5b966a3bf159c457ef74f4c	2 invert-loop commands are discarded; 12 set-volume commands above 64 are clamped; 2 long sample loops become one-shot PCM (loop length > 64); sustain loops are not preserved; 8 non-looped samples become 16 kHz PCM one-shots; 8 PCM instruments are triggered at multiple notes; playback rate is baked from each instrument's most common note	https://ftp.modland.com/pub/modules/Protracker/Tip/gummisnoppis.mod	Tip/gummisnoppis.mod	
fit	approximate	23846	18563	48796	724ffe15f46a2d366b99edfdd5b0f0e50cdb0992600f5b1d6742596c55c03b4b	5d509edb2af0bd011784c82f00f16ce7852f23b7b46cd998aa301c0e579df3da	32 vibrato-volume slides keep only the volume slide; 1 Amiga LED filter commands are ignored; 1 long sample loops become one-shot PCM (loop length > 64); sustain loops are not preserved; 10 non-looped samples become 16 kHz PCM one-shots; 2 short loops become 16-point wavetables and sustain until cut; 6 PCM instruments are triggered at multiple notes; playback rate is baked from each instrument's most common note	https://ftp.modland.com/pub/modules/Protracker/Tip/i%20vote%204%20rebels%20too.mod	Tip/i vote 4 rebels too.mod	
too-large	approximate	221086	143476	173709	5c78d2ec51154d610ec91365f2babd19e9c6788a83d8232cc3cbd03de3ef8329	360e1b62933bc661c7bfef943908b8a27ea15d35ffa6db01660e16550345248b	1 set-volume commands above 64 are clamped; 4 long sample loops become one-shot PCM (loop length > 64); sustain loops are not preserved; 22 non-looped samples become 16 kHz PCM one-shots; 23 PCM instruments are triggered at multiple notes; playback rate is baked from each instrument's most common note	https://ftp.modland.com/pub/modules/Protracker/Tip/obvious%20disaster.mod	Tip/obvious disaster.mod	
too-large	approximate	103802	52159	82392	d70b855c41f9e9b4b8075c8a254db9777535ace7c620c4660e06aeda80efd75f	205f2392f5ee380cd173a470716eaa2aa7329bde0c48273c8698eb255603cf9b	1 Amiga LED filter commands are ignored; 2 invert-loop commands are discarded; 3 set-volume commands above 64 are clamped; 2 long sample loops become one-shot PCM (loop length > 64); sustain loops are not preserved; 7 non-looped samples become 16 kHz PCM one-shots; 7 PCM instruments are triggered at multiple notes; playback rate is baked from each instrument's most common note	https://ftp.modland.com/pub/modules/Protracker/Tip/orchestra-rock2.mod	Tip/orchestra-rock2.mod	
too-large	approximate	101062	70979	101212	76a81851ee10c8565c9e2f48359dc7f7378139d95e08c4f165347fe3715f5e94	ad52d4e485eb3eb4c07fd7c22a8506c77c51623789eed6e2cbdeef706b4419b1	1 Amiga LED filter commands are ignored; 9 non-looped samples become 16 kHz PCM one-shots; 6 PCM instruments are triggered at multiple notes; playback rate is baked from each instrument's most common note	https://ftp.modland.com/pub/modules/Protracker/Tip/snurresnow.mod	Tip/snurresnow.mod	
fit	approximate	11846	11031	41264	dc7f192a6231487b9220b37d4dfe16925db545f40f7ea55042220200cb85aa69	408d4b8cc5123170ee3ecc6834372982c85d1e868b48e264bc0bc1a11a7c5cdd	55 vibrato-volume slides keep only the volume slide; 1 long sample loops become one-shot PCM (loop length > 64); sustain loops are not preserved; 3 non-looped samples become 16 kHz PCM one-shots; 3 short loops become 16-point wavetables and sustain until cut; 2 PCM instruments are triggered at multiple notes; playback rate is baked from each instrument's most common note	https://ftp.modland.com/pub/modules/Protracker/Tip/tip%27s%20dilemma.mod	Tip/tip's dilemma.mod	
fit	approximate	35248	25966	56199	7421e83240abfe1ad8a8eb9dc221e90913a7ec4132612f0ef892a1bd5e39a600	789f6dd7ed4aa86987baca6ef3ae088894e0e42e7f9141f5ba087583f89706e5	3 non-looped samples become 16 kHz PCM one-shots; 3 PCM instruments are triggered at multiple notes; playback rate is baked from each instrument's most common note	https://ftp.modland.com/pub/modules/Protracker/Tip/tipandtra.mod	Tip/tipandtra.mod	
too-large	approximate	140892	117740	147973	bfb74d43d91fa3d5638a1cecc1af80e991b8034375d334b284c1663f07c66938	1aea06c822672d6f1e63da0ac6e6e9b979f2cbb2df983d24a642ecdbfe5161d0	368 vibrato-volume slides keep only the volume slide; 7 long sample loops become one-shot PCM (loop length > 64); sustain loops are not preserved; 22 non-looped samples become 16 kHz PCM one-shots; 24 PCM instruments are triggered at multiple notes; playback rate is baked from each instrument's most common note	https://ftp.modland.com/pub/modules/Protracker/Tip/vattnadal%20of%2074.mod	Tip/vattnadal of 74.mod	
fit	approximate	52604	24442	54675	1b8540a5192967f643782bff9f3ce6085dd0f7c39b0b39ed394d028991f30c2f	082178137e6530844df9685859eb3b2ab650066bf079f163594373ab4194aff4	3 non-looped samples become 16 kHz PCM one-shots; 3 PCM instruments are triggered at multiple notes; playback rate is baked from each instrument's most common note	https://ftp.modland.com/pub/modules/Protracker/Tip/vaxjo%20by%20night.mod	Tip/vaxjo by night.mod	
too-large	approximate	88882	49259	79492	91e6159a653410fa10004cf25e927025dbfd482e1cd6d4fce3b6895c4aaebd63	c1ee358c0c6d16387b0c7b2501e3caab100c06db57bd712b3c6fb8252791eed0	3 Amiga LED filter commands are ignored; 7 non-looped samples become 16 kHz PCM one-shots; 5 PCM instruments are triggered at multiple notes; playback rate is baked from each instrument's most common note	https://ftp.modland.com/pub/modules/Protracker/Walkman/1081-speakerbuster.mod	Walkman/1081-speakerbuster.mod	
fit	approximate	51326	32137	62370	b6346f57b058e9249e23e956216977d099f8329010f96d57ba4615d915eae5ce	1e6b00a154f2c1d736bb87c9b5bb9e9b8647994ef94a6685971679ecfa4667e0	1 long sample loops become one-shot PCM (loop length > 64); sustain loops are not preserved; 7 non-looped samples become 16 kHz PCM one-shots; 1 short loops become 16-point wavetables and sustain until cut; 5 PCM instruments are triggered at multiple notes; playback rate is baked from each instrument's most common note	https://ftp.modland.com/pub/modules/Protracker/Walkman/a%20solid%20breakfast.mod	Walkman/a solid breakfast.mod	
too-large	approximate	165700	111266	141499	2e06e7afb4339c3a6d38a84a477215827031beed36ee274b702835adfd16e795	5952b045c466eafe3150f4e7f664f79cd1267ec4dc53020f2a39acc312d9939d	1 Amiga LED filter commands are ignored; 1 long sample loops become one-shot PCM (loop length > 64); sustain loops are not preserved; 11 non-looped samples become 16 kHz PCM one-shots; 11 PCM instruments are triggered at multiple notes; playback rate is baked from each instrument's most common note	https://ftp.modland.com/pub/modules/Protracker/Walkman/audiokraft.mod	Walkman/audiokraft.mod	
too-large	approximate	94670	60908	91141	691e628040c92e860f43639276311aa69f970e8e9c7ac5e067c7332112cc0671	575a0a03edc35c76786d7d3ba35b3afb4fd94e56834281a052700f10a9f284ae	1 Amiga LED filter commands are ignored; 9 non-looped samples become 16 kHz PCM one-shots; 6 PCM instruments are triggered at multiple notes; playback rate is baked from each instrument's most common note	https://ftp.modland.com/pub/modules/Protracker/Walkman/baby.mod	Walkman/baby.mod	
fit	approximate	53216	32336	62569	516777daf8c77fdbbd370a2fb4568098412d69df68742f500534584a2e402f4f	11ee65c8d5d455d995821091b7a77a7e146c0165fcc8792ddfb9273829590159	3 long sample loops become one-shot PCM (loop length > 64); sustain loops are not preserved; 4 non-looped samples become 16 kHz PCM one-shots; 5 PCM instruments are triggered at multiple notes; playback rate is baked from each instrument's most common note	https://ftp.modland.com/pub/modules/Protracker/Walkman/beams%20of%20light.mod	Walkman/beams of light.mod	
fit	approximate	196626	32340	62573	436683613535315b789209e2324c033c3e0fb4a23ef9015dcbafb50b549488da	74382e967c6ebcc0135d4135f1ec9db01500a90f387c9c762ed683c994ac572c	3 long sample loops become one-shot PCM (loop length > 64); sustain loops are not preserved; 4 non-looped samples become 16 kHz PCM one-shots; 5 PCM instruments are triggered at multiple notes; playback rate is baked from each instrument's most common note	https://ftp.modland.com/pub/modules/Protracker/Walkman/beams%20of%20light_alt.mod	Walkman/beams of light_alt.mod	
too-large	approximate	88146	45189	75422	e823418267af59bededa30cb15937f6fb05e32f007dec82d2f499f802d1e3a07	ffbbf414a629ffe5df7314ca8009ffdece36a6523779fb99b71ecd9ad0a83e89	2 sample-offset commands start samples from the beginning; 1 Amiga LED filter commands are ignored; 1 long sample loops become one-shot PCM (loop length > 64); sustain loops are not preserved; 4 non-looped samples become 16 kHz PCM one-shots; 1 short loops become 16-point wavetables and sustain until cut; 5 PCM instruments are triggered at multiple notes; playback rate is baked from each instrument's most common note	https://ftp.modland.com/pub/modules/Protracker/Walkman/between%20the%20tits.mod	Walkman/between the tits.mod	
too-large	approximate	80568	47964	78197	e4c3a7e5bcf26886df18d5e2b17fbd7b5495c153646e57d637977186363baa78	58665ad2f782289bfd7f9d9ee652fbb106e1b670d5ff4d4cca9a8d88b4834deb	1 long sample loops become one-shot PCM (loop length > 64); sustain loops are not preserved; 10 non-looped samples become 16 kHz PCM one-shots; 8 PCM instruments are triggered at multiple notes; playback rate is baked from each instrument's most common note	https://ftp.modland.com/pub/modules/Protracker/Walkman/bodybreak.mod	Walkman/bodybreak.mod	
too-large	approximate	160596	100966	131199	3e04f3928c71b7d43c157477d84b123115ce2e2dd03acbfe8a8910cfec3b92f3	d0418c33045973cde4a184652d93dddd0bc62b9d2333fed4aaa010555f2dfaad	3 long sample loops become one-shot PCM (loop length > 64); sustain loops are not preserved; 9 non-looped samples become 16 kHz PCM one-shots; 8 PCM instruments are triggered at multiple notes; playback rate is baked from each instrument's most common note	https://ftp.modland.com/pub/modules/Protracker/Walkman/c.t.a.2.mod	Walkman/c.t.a.2.mod	
incompatible		77170			6d2a400a5dc6cd90ae4cf2e754f23716ca8b93d517bc056fa9c0646419c23575			https://ftp.modland.com/pub/modules/Protracker/Walkman/ch.mod	Walkman/ch.mod	truncated MOD sample data for sample 15
too-large	approximate	169218	154263	184496	bf03548551869b2f0643eb6203c93c9797fc8d30785c421232bd7e64e578a646	9b9112b9021b359d7ad379af4d7847625627ee7f1d0ffac4f41c70591c550def	3 long sample loops become one-shot PCM (loop length > 64); sustain loops are not preserved; 10 non-looped samples become 16 kHz PCM one-shots; 8 PCM instruments are triggered at multiple notes; playback rate is baked from each instrument's most common note	https://ftp.modland.com/pub/modules/Protracker/Walkman/crying%20eyes.mod	Walkman/crying eyes.mod	
too-large	approximate	55584	40126	70359	46b76ab5c22e5c66ad6213cf1c70221cbb8a77c1e849a89ac9dcbdeff5a0dee0	3c787a5d6ef6358eded54670672db80e4cdf34df64a492dc45de223c1c882f81	6 Amiga LED filter commands are ignored; 5 non-looped samples become 16 kHz PCM one-shots; 5 PCM instruments are triggered at multiple notes; playback rate is baked from each instrument's most common note	https://ftp.modland.com/pub/modules/Protracker/Walkman/digging%20a%20hole.mod	Walkman/digging a hole.mod	
too-large	approximate	93012	49588	79821	afb1e499b522d4aec04417a44cdc7c8595998d91bb4f3fd120eed6bc9a2e05a6	e2945acd9298666817ca7c1cc75cb92e2a6a5f4624e5abe541e749f9dc86f707	2 Amiga LED filter commands are ignored; 3 long sample loops become one-shot PCM (loop length > 64); sustain loops are not preserved; 6 non-looped samples become 16 kHz PCM one-shots; 6 PCM instruments are triggered at multiple notes; playback rate is baked from each instrument's most common note	https://ftp.modland.com/pub/modules/Protracker/Walkman/double%20sphere%20-%20resonance%20rips.mod	Walkman/double sphere - resonance rips.mod	
too-large	approximate	79960	48201	78434	ac42f96d59746f04186f2470558caa8493cc6d43645c63ea301f4c9575f5bb42	8b29d0de72951473ca9076680fbc4204c40a3b9655e40c7838a3f76069efe8f7	16 Amiga LED filter commands are ignored; 3 long sample loops become one-shot PCM (loop length > 64); sustain loops are not preserved; 7 non-looped samples become 16 kHz PCM one-shots; 7 PCM instruments are triggered at multiple notes; playback rate is baked from each instrument's most common note	https://ftp.modland.com/pub/modules/Protracker/Walkman/finska%20pekki.mod	Walkman/finska pekki.mod	
too-large	approximate	133514	71436	101669	9dc1957ffb24a452602df37bc07ddb20351615b9ad677a0093d312c213ca829a	031848510b65e576b7f479d2c0e3732de05a7428316a96f1f5b13b717b19bffd	10 non-looped samples become 16 kHz PCM one-shots; 9 PCM instruments are triggered at multiple notes; playback rate is baked from each instrument's most common note	https://ftp.modland.com/pub/modules/Protracker/Walkman/game%20muzax%20ii.mod	Walkman/game muzax ii.mod	
too-large	approximate	87998	64547	94780	9283233bc4e202bc5c450828738035427af8f4f068371dec09c4a358a0f6a91f	cb68cdb765a38bcf8cdf0476e37a3bcd1e459df742459a830196449b9364598b	3 Amiga LED filter commands are ignored; 11 non-looped samples become 16 kHz PCM one-shots; 11 PCM instruments are triggered at multiple notes; playback rate is baked from each instrument's most common note	https://ftp.modland.com/pub/modules/Protracker/Walkman/game%20muzax.mod	Walkman/game muzax.mod	
fit	approximate	27612	15986	46219	b2381da53fe61a1ab4294c049e2d4d0832202f6112500b90cb2dea280dae544c	ab0238313c33a89bc28ae4f1f50a5fa491b5efa96afc4fa77b73ec853905b1f3	2 non-looped samples become 16 kHz PCM one-shots; 2 PCM instruments are triggered at multiple notes; playback rate is baked from each instrument's most common note	https://ftp.modland.com/pub/modules/Protracker/Walkman/guit1.mod	Walkman/guit1.mod	
too-large	approximate	149184	89167	119400	c4239838156e145b4e5dfd2240a31228164888d3339e4bbaf510b1554d8edce6	e0357328103494037fa7c81c21aa04b79c7e7e9a8091e2d8b75f9b03078ee578	10 non-looped samples become 16 kHz PCM one-shots; 9 PCM instruments are triggered at multiple notes; playback rate is baked from each instrument's most common note	https://ftp.modland.com/pub/modules/Protracker/Walkman/hubbard%27s%20upper%205.mod	Walkman/hubbard's upper 5.mod	
too-large	approximate	140004	78767	109000	d9dd43f182c606f1e0d54e5fc2ff485dc03a551d6a9aa013a0e358fe22783eac	d98521a2d3d7d5e29910814f52a77cc1ff947e3f97c959541f0d5bbef6b62cf1	11 Amiga LED filter commands are ignored; 9 non-looped samples become 16 kHz PCM one-shots; 9 PCM instruments are triggered at multiple notes; playback rate is baked from each instrument's most common note	https://ftp.modland.com/pub/modules/Protracker/Walkman/hubbard-soundtracks.mod	Walkman/hubbard-soundtracks.mod	
too-large	approximate	76800	52426	82659	49496126b88cb91e3d30f4e6f07aefe3a65765553c01e0155414b46795161ce7	4eb90e1dc0ccbdd397b77f0855781f282869087e11aacf839b281ca07b2b1716	11 Amiga LED filter commands are ignored; 9 non-looped samples become 16 kHz PCM one-shots; 8 PCM instruments are triggered at multiple notes; playback rate is baked from each instrument's most common note	https://ftp.modland.com/pub/modules/Protracker/Walkman/hubbard2.mod	Walkman/hubbard2.mod	
too-large	approximate	81702	43473	73706	c87803c3ebe176145eede037ef7b29c68c3ab9984525c54a6e83406a561b890e	03d57c08bcd194c04507fc70ed2c1ddae0e58acbeac7d64a433fb013bc3b95f3	1 Amiga LED filter commands are ignored; 2 long sample loops become one-shot PCM (loop length > 64); sustain loops are not preserved; 3 non-looped samples become 16 kHz PCM one-shots; 4 PCM instruments are triggered at multiple notes; playback rate is baked from each instrument's most common note	https://ftp.modland.com/pub/modules/Protracker/Walkman/ice.mod	Walkman/ice.mod	
too-large	approximate	59962	41052	71285	8dc8a06c85598e0b151393f69dbc97b0136b7c7e571261783152baf3e0b9dde7	0c2aac3d97aa956ee3eda4036b4242ae55be3cb31fc7274ca031bb31389433c2	8 non-looped samples become 16 kHz PCM one-shots; 6 PCM instruments are triggered at multiple notes; playback rate is baked from each instrument's most common note	https://ftp.modland.com/pub/modules/Protracker/Walkman/it%20f1.mod	Walkman/it f1.mod	
fit	approximate	61384	32788	63021	014ec78d5f9a258613cd1b29cb15a507266f23037a56c6be8bb6ca65e44aef60	3c320647413e4157e7ed0e9cf4a11d9b34f92cfd0a0940b2f588056f63d42a19	8 non-looped samples become 16 kHz PCM one-shots; 7 PCM instruments are triggered at multiple notes; playback rate is baked from each instrument's most common note	https://ftp.modland.com/pub/modules/Protracker/Walkman/it%20f2.mod	Walkman/it f2.mod	
too-large	approximate	107184	94917	125150	01e4aa2994491db51ed8efa8895b82c7d225e2ba7a42469817b9267e1fdc5ada	75240b7ea0c6434f5b8ad1a8f3a0a287bcd0d20a9eb362f49d98ebc71d554cdc	1 Amiga LED filter commands are ignored; 14 non-looped samples become 16 kHz PCM one-shots; 11 PCM instruments are triggered at multiple notes; playback rate is baked from each instrument's most common note	https://ftp.modland.com/pub/modules/Protracker/Walkman/it%20f5.mod	Walkman/it f5.mod	
too-large	approximate	157494	110661	140894	8a20a8984e047be0c1d0898f9fc5f618055af69769ec42495884692f6b6a94d8	098d1e8c0cc2d12e3a61faa6a3641f7f0fe2c9680d968f014b7cb3a6d9f627cf	2 set-volume commands above 64 are clamped; 9 non-looped samples become 16 kHz PCM one-shots; 8 PCM instruments are triggered at multiple notes; playback rate is baked from each instrument's most common note	https://ftp.modland.com/pub/modules/Protracker/Walkman/it%20f6.mod	Walkman/it f6.mod	
